{
	"credit": "Made with Blockbench",
	"textures": {
		"0": "custom/weapons/blue_fist/rim",
		"2": "custom/weapons/blue_fist/cover",
		"3": "custom/weapons/blue_fist/armplate",
		"4": "custom/weapons/blue_fist/arm",
		"particle": "custom/weapons/blue_fist/rim"
	},
	"elements": [
		{
			"from": [9, 1, 7],
			"to": [11, 6.75, 9],
			"faces": {
				"north": {"uv": [4, 0, 0, 16], "texture": "#4"},
				"east": {"uv": [4, 0, 8, 16], "texture": "#4"},
				"south": {"uv": [12, 0, 8, 16], "texture": "#4"},
				"west": {"uv": [8, 0, 4, 16], "texture": "#4"},
				"up": {"uv": [12, 4, 16, 8], "texture": "#4"},
				"down": {"uv": [12, 0, 16, 4], "rotation": 270, "texture": "#4"}
			}
		},
		{
			"from": [9.25, 5.75, 6.25],
			"to": [10.75, 6.75, 6.5],
			"faces": {
				"north": {"uv": [0, 0, 1.5, 1], "texture": "#3"},
				"east": {"uv": [0, 0, 0.25, 1], "texture": "#3"},
				"south": {"uv": [0, 0, 1.5, 1], "texture": "#3"},
				"west": {"uv": [0, 0, 0.25, 1], "texture": "#3"},
				"up": {"uv": [0, 0, 1.5, 0.25], "texture": "#3"},
				"down": {"uv": [0, 0, 1.5, 0.25], "texture": "#3"}
			}
		},
		{
			"from": [9.25, 5.75, 9.5],
			"to": [10.75, 6.75, 9.75],
			"faces": {
				"north": {"uv": [0, 0, 1.5, 1], "texture": "#3"},
				"east": {"uv": [0, 0, 0.25, 1], "texture": "#3"},
				"south": {"uv": [0, 0, 1.5, 1], "texture": "#3"},
				"west": {"uv": [0, 0, 0.25, 1], "texture": "#3"},
				"up": {"uv": [0, 0, 1.5, 0.25], "texture": "#3"},
				"down": {"uv": [0, 0, 1.5, 0.25], "texture": "#3"}
			}
		},
		{
			"from": [9.25, 6.75, 6.25],
			"to": [10.5, 7, 6.5],
			"faces": {
				"north": {"uv": [0, 0, 1.25, 0.25], "texture": "#3"},
				"east": {"uv": [0, 0, 0.25, 0.25], "texture": "#3"},
				"south": {"uv": [0, 0, 1.25, 0.25], "texture": "#3"},
				"west": {"uv": [0, 0, 0.25, 0.25], "texture": "#3"},
				"up": {"uv": [0, 0, 1.25, 0.25], "texture": "#3"},
				"down": {"uv": [0, 0, 1.25, 0.25], "texture": "#3"}
			}
		},
		{
			"from": [9.25, 6.75, 9.5],
			"to": [10.5, 7, 9.75],
			"faces": {
				"north": {"uv": [0, 0, 1.25, 0.25], "texture": "#3"},
				"east": {"uv": [0, 0, 0.25, 0.25], "texture": "#3"},
				"south": {"uv": [0, 0, 1.25, 0.25], "texture": "#3"},
				"west": {"uv": [0, 0, 0.25, 0.25], "texture": "#3"},
				"up": {"uv": [0, 0, 1.25, 0.25], "texture": "#3"},
				"down": {"uv": [0, 0, 1.25, 0.25], "texture": "#3"}
			}
		},
		{
			"from": [9.25, 7, 6.25],
			"to": [10, 7.25, 6.5],
			"faces": {
				"north": {"uv": [0, 0, 0.75, 0.25], "texture": "#3"},
				"east": {"uv": [0, 0, 0.25, 0.25], "texture": "#3"},
				"south": {"uv": [0, 0, 0.75, 0.25], "texture": "#3"},
				"west": {"uv": [0, 0, 0.25, 0.25], "texture": "#3"},
				"up": {"uv": [0, 0, 0.75, 0.25], "texture": "#3"},
				"down": {"uv": [0, 0, 0.75, 0.25], "texture": "#3"}
			}
		},
		{
			"from": [9.25, 7, 9.5],
			"to": [10, 7.25, 9.75],
			"faces": {
				"north": {"uv": [0, 0, 0.75, 0.25], "texture": "#3"},
				"east": {"uv": [0, 0, 0.25, 0.25], "texture": "#3"},
				"south": {"uv": [0, 0, 0.75, 0.25], "texture": "#3"},
				"west": {"uv": [0, 0, 0.25, 0.25], "texture": "#3"},
				"up": {"uv": [0, 0, 0.75, 0.25], "texture": "#3"},
				"down": {"uv": [0, 0, 0.75, 0.25], "texture": "#3"}
			}
		},
		{
			"from": [10.75, 5.25, 6.25],
			"to": [11, 6.25, 6.5],
			"faces": {
				"north": {"uv": [0, 0, 0.25, 1], "texture": "#3"},
				"east": {"uv": [0, 0, 0.25, 1], "texture": "#3"},
				"south": {"uv": [0, 0, 0.25, 1], "texture": "#3"},
				"west": {"uv": [0, 0, 0.25, 1], "texture": "#3"},
				"up": {"uv": [0, 0, 0.25, 0.25], "texture": "#3"},
				"down": {"uv": [0, 0, 0.25, 0.25], "texture": "#3"}
			}
		},
		{
			"from": [10.75, 5.75, 9.5],
			"to": [11, 6.25, 9.75],
			"faces": {
				"north": {"uv": [0, 0, 0.25, 0.5], "texture": "#3"},
				"east": {"uv": [0, 0, 0.25, 0.5], "texture": "#3"},
				"south": {"uv": [0, 0, 0.25, 0.5], "texture": "#3"},
				"west": {"uv": [0, 0, 0.25, 0.5], "texture": "#3"},
				"up": {"uv": [0, 0, 0.25, 0.25], "texture": "#3"},
				"down": {"uv": [0, 0, 0.25, 0.25], "texture": "#3"}
			}
		},
		{
			"from": [11, 5, 6.25],
			"to": [11.25, 5.75, 6.5],
			"faces": {
				"north": {"uv": [0, 0, 0.25, 0.75], "texture": "#3"},
				"east": {"uv": [0, 0, 0.25, 0.75], "texture": "#3"},
				"south": {"uv": [0, 0, 0.25, 0.75], "texture": "#3"},
				"west": {"uv": [0, 0, 0.25, 0.75], "texture": "#3"},
				"up": {"uv": [0, 0, 0.25, 0.25], "texture": "#3"},
				"down": {"uv": [0, 0, 0.25, 0.25], "texture": "#3"}
			}
		},
		{
			"from": [11, 5, 9.5],
			"to": [11.25, 5.75, 9.75],
			"faces": {
				"north": {"uv": [0, 0, 0.25, 0.75], "texture": "#3"},
				"east": {"uv": [0, 0, 0.25, 0.75], "texture": "#3"},
				"south": {"uv": [0, 0, 0.25, 0.75], "texture": "#3"},
				"west": {"uv": [0, 0, 0.25, 0.75], "texture": "#3"},
				"up": {"uv": [0, 0, 0.25, 0.25], "texture": "#3"},
				"down": {"uv": [0, 0, 0.25, 0.25], "texture": "#3"}
			}
		},
		{
			"from": [9.75, 5.25, 6.25],
			"to": [10.75, 5.75, 6.5],
			"faces": {
				"north": {"uv": [0, 0, 1, 0.5], "texture": "#3"},
				"east": {"uv": [0, 0, 0.25, 0.5], "texture": "#3"},
				"south": {"uv": [0, 0, 1, 0.5], "texture": "#3"},
				"west": {"uv": [0, 0, 0.25, 0.5], "texture": "#3"},
				"up": {"uv": [0, 0, 1, 0.25], "texture": "#3"},
				"down": {"uv": [0, 0, 1, 0.25], "texture": "#3"}
			}
		},
		{
			"from": [9.75, 5.25, 9.5],
			"to": [11, 5.75, 9.75],
			"faces": {
				"north": {"uv": [0, 0, 1.25, 0.5], "texture": "#3"},
				"east": {"uv": [0, 0, 0.25, 0.5], "texture": "#3"},
				"south": {"uv": [0, 0, 1.25, 0.5], "texture": "#3"},
				"west": {"uv": [0, 0, 0.25, 0.5], "texture": "#3"},
				"up": {"uv": [0, 0, 1.25, 0.25], "texture": "#3"},
				"down": {"uv": [0, 0, 1.25, 0.25], "texture": "#3"}
			}
		},
		{
			"from": [10, 5, 6.25],
			"to": [11, 5.25, 6.5],
			"faces": {
				"north": {"uv": [0, 0, 1, 0.25], "texture": "#3"},
				"east": {"uv": [0, 0, 0.25, 0.25], "texture": "#3"},
				"south": {"uv": [0, 0, 1, 0.25], "texture": "#3"},
				"west": {"uv": [0, 0, 0.25, 0.25], "texture": "#3"},
				"up": {"uv": [0, 0, 1, 0.25], "texture": "#3"},
				"down": {"uv": [0, 0, 1, 0.25], "texture": "#3"}
			}
		},
		{
			"from": [10, 5, 9.5],
			"to": [11, 5.25, 9.75],
			"faces": {
				"north": {"uv": [0, 0, 1, 0.25], "texture": "#3"},
				"east": {"uv": [0, 0, 0.25, 0.25], "texture": "#3"},
				"south": {"uv": [0, 0, 1, 0.25], "texture": "#3"},
				"west": {"uv": [0, 0, 0.25, 0.25], "texture": "#3"},
				"up": {"uv": [0, 0, 1, 0.25], "texture": "#3"},
				"down": {"uv": [0, 0, 1, 0.25], "texture": "#3"}
			}
		},
		{
			"from": [11, 5.75, 6.5],
			"to": [11.25, 6.5, 6.75],
			"faces": {
				"north": {"uv": [0, 0, 0.25, 0.75], "texture": "#3"},
				"east": {"uv": [0, 0, 0.25, 0.75], "texture": "#3"},
				"south": {"uv": [0, 0, 0.25, 0.75], "texture": "#3"},
				"west": {"uv": [0, 0, 0.25, 0.75], "texture": "#3"},
				"up": {"uv": [0, 0, 0.25, 0.25], "texture": "#3"},
				"down": {"uv": [0, 0, 0.25, 0.25], "texture": "#3"}
			}
		},
		{
			"from": [11, 5.75, 9.25],
			"to": [11.25, 6.5, 9.5],
			"faces": {
				"north": {"uv": [0, 0, 0.25, 0.75], "texture": "#3"},
				"east": {"uv": [0, 0, 0.25, 0.75], "texture": "#3"},
				"south": {"uv": [0, 0, 0.25, 0.75], "texture": "#3"},
				"west": {"uv": [0, 0, 0.25, 0.75], "texture": "#3"},
				"up": {"uv": [0, 0, 0.25, 0.25], "texture": "#3"},
				"down": {"uv": [0, 0, 0.25, 0.25], "texture": "#3"}
			}
		},
		{
			"from": [11.25, 5, 6.5],
			"to": [11.5, 6, 6.75],
			"faces": {
				"north": {"uv": [0, 0, 0.25, 1], "texture": "#3"},
				"east": {"uv": [0, 0, 0.25, 1], "texture": "#3"},
				"south": {"uv": [0, 0, 0.25, 1], "texture": "#3"},
				"west": {"uv": [0, 0, 0.25, 1], "texture": "#3"},
				"up": {"uv": [0, 0, 0.25, 0.25], "texture": "#3"},
				"down": {"uv": [0, 0, 0.25, 0.25], "texture": "#3"}
			}
		},
		{
			"from": [11.25, 5, 9.25],
			"to": [11.5, 6, 9.5],
			"faces": {
				"north": {"uv": [0, 0, 0.25, 1], "texture": "#3"},
				"east": {"uv": [0, 0, 0.25, 1], "texture": "#3"},
				"south": {"uv": [0, 0, 0.25, 1], "texture": "#3"},
				"west": {"uv": [0, 0, 0.25, 1], "texture": "#3"},
				"up": {"uv": [0, 0, 0.25, 0.25], "texture": "#3"},
				"down": {"uv": [0, 0, 0.25, 0.25], "texture": "#3"}
			}
		},
		{
			"from": [11.5, 5, 9],
			"to": [11.75, 6.25, 9.25],
			"faces": {
				"north": {"uv": [0, 0, 0.25, 1.25], "texture": "#3"},
				"east": {"uv": [0, 0, 0.25, 1.25], "texture": "#3"},
				"south": {"uv": [0, 0, 0.25, 1.25], "texture": "#3"},
				"west": {"uv": [0, 0, 0.25, 1.25], "texture": "#3"},
				"up": {"uv": [0, 0, 0.25, 0.25], "texture": "#3"},
				"down": {"uv": [0, 0, 0.25, 0.25], "texture": "#3"}
			}
		},
		{
			"from": [11.75, 5, 7],
			"to": [12, 6.25, 9],
			"faces": {
				"north": {"uv": [0, 0, 0.25, 1.5], "texture": "#3"},
				"east": {"uv": [7, 9, 16, 16], "texture": "#3"},
				"south": {"uv": [0, 0, 0.25, 1.5], "texture": "#3"},
				"west": {"uv": [0, 0, 2, 1.5], "texture": "#3"},
				"up": {"uv": [0, 0, 0.25, 2], "texture": "#3"},
				"down": {"uv": [0, 0, 0.25, 2], "texture": "#3"}
			}
		},
		{
			"from": [11.25, 6, 6.75],
			"to": [11.5, 6.75, 7],
			"faces": {
				"north": {"uv": [0, 0, 0.25, 0.75], "texture": "#3"},
				"east": {"uv": [0, 0, 0.25, 0.75], "texture": "#3"},
				"south": {"uv": [0, 0, 0.25, 0.75], "texture": "#3"},
				"west": {"uv": [0, 0, 0.25, 0.75], "texture": "#3"},
				"up": {"uv": [0, 0, 0.25, 0.25], "texture": "#3"},
				"down": {"uv": [0, 0, 0.25, 0.25], "texture": "#3"}
			}
		},
		{
			"from": [11.25, 6, 9],
			"to": [11.5, 6.75, 9.25],
			"faces": {
				"north": {"uv": [0, 0, 0.25, 0.75], "texture": "#3"},
				"east": {"uv": [0, 0, 0.25, 0.75], "texture": "#3"},
				"south": {"uv": [0, 0, 0.25, 0.75], "texture": "#3"},
				"west": {"uv": [0, 0, 0.25, 0.75], "texture": "#3"},
				"up": {"uv": [0, 0, 0.25, 0.25], "texture": "#3"},
				"down": {"uv": [0, 0, 0.25, 0.25], "texture": "#3"}
			}
		},
		{
			"from": [11.5, 6.25, 7],
			"to": [11.75, 7, 9],
			"faces": {
				"north": {"uv": [0, 0, 0.25, 0.75], "texture": "#3"},
				"east": {"uv": [0, 0, 2, 0.75], "texture": "#3"},
				"south": {"uv": [0, 0, 0.25, 0.75], "texture": "#3"},
				"west": {"uv": [0, 0, 2, 0.75], "texture": "#3"},
				"up": {"uv": [0, 0, 0.25, 2], "texture": "#3"},
				"down": {"uv": [0, 0, 0.25, 2], "texture": "#3"}
			}
		},
		{
			"from": [11.25, 6.75, 7],
			"to": [11.5, 7.5, 9],
			"faces": {
				"north": {"uv": [0, 0, 0.25, 0.75], "texture": "#3"},
				"east": {"uv": [0, 0, 2, 0.75], "texture": "#3"},
				"south": {"uv": [0, 0, 0.25, 0.75], "texture": "#3"},
				"west": {"uv": [0, 0, 2, 0.75], "texture": "#3"},
				"up": {"uv": [0, 0, 0.25, 2], "texture": "#3"},
				"down": {"uv": [0, 0, 0.25, 2], "texture": "#3"}
			}
		},
		{
			"from": [11.25, 6.75, 7],
			"to": [11.5, 7.5, 9],
			"faces": {
				"north": {"uv": [0, 0, 0.25, 0.75], "texture": "#3"},
				"east": {"uv": [0, 0, 2, 0.75], "texture": "#3"},
				"south": {"uv": [0, 0, 0.25, 0.75], "texture": "#3"},
				"west": {"uv": [0, 0, 2, 0.75], "texture": "#3"},
				"up": {"uv": [0, 0, 0.25, 2], "texture": "#3"},
				"down": {"uv": [0, 0, 0.25, 2], "texture": "#3"}
			}
		},
		{
			"from": [11, 7.25, 7],
			"to": [11.25, 7.75, 9],
			"faces": {
				"north": {"uv": [0, 0, 0.25, 0.5], "texture": "#3"},
				"east": {"uv": [0, 0, 2, 0.5], "texture": "#3"},
				"south": {"uv": [0, 0, 0.25, 0.5], "texture": "#3"},
				"west": {"uv": [0, 0, 2, 0.5], "texture": "#3"},
				"up": {"uv": [0, 0, 0.25, 2], "texture": "#3"},
				"down": {"uv": [0, 0, 0.25, 2], "texture": "#3"}
			}
		},
		{
			"from": [10.5, 7.5, 7],
			"to": [11, 7.75, 9],
			"faces": {
				"north": {"uv": [0, 0, 0.5, 0.25], "texture": "#3"},
				"east": {"uv": [0, 0, 2, 0.25], "texture": "#3"},
				"south": {"uv": [0, 0, 0.5, 0.25], "texture": "#3"},
				"west": {"uv": [0, 0, 2, 0.25], "texture": "#3"},
				"up": {"uv": [0, 0, 0.5, 2], "texture": "#3"},
				"down": {"uv": [0, 0, 0.5, 2], "texture": "#3"}
			}
		},
		{
			"from": [9.25, 7.75, 7],
			"to": [10.75, 8, 9],
			"faces": {
				"north": {"uv": [0, 0, 1.5, 0.25], "texture": "#3"},
				"east": {"uv": [0, 0, 2, 0.25], "texture": "#3"},
				"south": {"uv": [0, 0, 1.5, 0.25], "texture": "#3"},
				"west": {"uv": [0, 0, 2, 0.25], "texture": "#3"},
				"up": {"uv": [0, 0, 1.5, 2], "texture": "#3"},
				"down": {"uv": [0, 0, 1.5, 2], "texture": "#3"}
			}
		},
		{
			"from": [11, 6.5, 6.75],
			"to": [11.25, 7.25, 7],
			"faces": {
				"north": {"uv": [0, 0, 0.25, 0.75], "texture": "#3"},
				"east": {"uv": [0, 0, 0.25, 0.75], "texture": "#3"},
				"south": {"uv": [0, 0, 0.25, 0.75], "texture": "#3"},
				"west": {"uv": [0, 0, 0.25, 0.75], "texture": "#3"},
				"up": {"uv": [0, 0, 0.25, 0.25], "texture": "#3"},
				"down": {"uv": [0, 0, 0.25, 0.25], "texture": "#3"}
			}
		},
		{
			"from": [11, 6.5, 9],
			"to": [11.25, 7.25, 9.25],
			"faces": {
				"north": {"uv": [0, 0, 0.25, 0.75], "texture": "#3"},
				"east": {"uv": [0, 0, 0.25, 0.75], "texture": "#3"},
				"south": {"uv": [0, 0, 0.25, 0.75], "texture": "#3"},
				"west": {"uv": [0, 0, 0.25, 0.75], "texture": "#3"},
				"up": {"uv": [0, 0, 0.25, 0.25], "texture": "#3"},
				"down": {"uv": [0, 0, 0.25, 0.25], "texture": "#3"}
			}
		},
		{
			"from": [10.75, 7, 6.75],
			"to": [11, 7.5, 7],
			"faces": {
				"north": {"uv": [0, 0, 0.25, 0.5], "texture": "#3"},
				"east": {"uv": [0, 0, 0.25, 0.5], "texture": "#3"},
				"south": {"uv": [0, 0, 0.25, 0.5], "texture": "#3"},
				"west": {"uv": [0, 0, 0.25, 0.5], "texture": "#3"},
				"up": {"uv": [0, 0, 0.25, 0.25], "texture": "#3"},
				"down": {"uv": [0, 0, 0.25, 0.25], "texture": "#3"}
			}
		},
		{
			"from": [10.75, 7, 9],
			"to": [11, 7.5, 9.25],
			"faces": {
				"north": {"uv": [0, 0, 0.25, 0.5], "texture": "#3"},
				"east": {"uv": [0, 0, 0.25, 0.5], "texture": "#3"},
				"south": {"uv": [0, 0, 0.25, 0.5], "texture": "#3"},
				"west": {"uv": [0, 0, 0.25, 0.5], "texture": "#3"},
				"up": {"uv": [0, 0, 0.25, 0.25], "texture": "#3"},
				"down": {"uv": [0, 0, 0.25, 0.25], "texture": "#3"}
			}
		},
		{
			"from": [10.25, 7.25, 6.75],
			"to": [10.75, 7.5, 7],
			"faces": {
				"north": {"uv": [0, 0, 0.5, 0.25], "texture": "#3"},
				"east": {"uv": [0, 0, 0.25, 0.25], "texture": "#3"},
				"south": {"uv": [0, 0, 0.5, 0.25], "texture": "#3"},
				"west": {"uv": [0, 0, 0.25, 0.25], "texture": "#3"},
				"up": {"uv": [0, 0, 0.5, 0.25], "texture": "#3"},
				"down": {"uv": [0, 0, 0.5, 0.25], "texture": "#3"}
			}
		},
		{
			"from": [10.25, 7.25, 9],
			"to": [10.75, 7.5, 9.25],
			"faces": {
				"north": {"uv": [0, 0, 0.5, 0.25], "texture": "#3"},
				"east": {"uv": [0, 0, 0.25, 0.25], "texture": "#3"},
				"south": {"uv": [0, 0, 0.5, 0.25], "texture": "#3"},
				"west": {"uv": [0, 0, 0.25, 0.25], "texture": "#3"},
				"up": {"uv": [0, 0, 0.5, 0.25], "texture": "#3"},
				"down": {"uv": [0, 0, 0.5, 0.25], "texture": "#3"}
			}
		},
		{
			"from": [9.25, 7.5, 6.75],
			"to": [10.5, 7.75, 7],
			"faces": {
				"north": {"uv": [0, 0, 1.25, 0.25], "texture": "#3"},
				"east": {"uv": [0, 0, 0.25, 0.25], "texture": "#3"},
				"south": {"uv": [0, 0, 1.25, 0.25], "texture": "#3"},
				"west": {"uv": [0, 0, 0.25, 0.25], "texture": "#3"},
				"up": {"uv": [0, 0, 1.25, 0.25], "texture": "#3"},
				"down": {"uv": [0, 0, 1.25, 0.25], "texture": "#3"}
			}
		},
		{
			"from": [9.25, 7.5, 9],
			"to": [10.5, 7.75, 9.25],
			"faces": {
				"north": {"uv": [0, 0, 1.25, 0.25], "texture": "#3"},
				"east": {"uv": [0, 0, 0.25, 0.25], "texture": "#3"},
				"south": {"uv": [0, 0, 1.25, 0.25], "texture": "#3"},
				"west": {"uv": [0, 0, 0.25, 0.25], "texture": "#3"},
				"up": {"uv": [0, 0, 1.25, 0.25], "texture": "#3"},
				"down": {"uv": [0, 0, 1.25, 0.25], "texture": "#3"}
			}
		},
		{
			"from": [10.75, 6.25, 6.5],
			"to": [11, 7, 6.75],
			"faces": {
				"north": {"uv": [0, 0, 0.25, 0.75], "texture": "#3"},
				"east": {"uv": [0, 0, 0.25, 0.75], "texture": "#3"},
				"south": {"uv": [0, 0, 0.25, 0.75], "texture": "#3"},
				"west": {"uv": [0, 0, 0.25, 0.75], "texture": "#3"},
				"up": {"uv": [0, 0, 0.25, 0.25], "texture": "#3"},
				"down": {"uv": [0, 0, 0.25, 0.25], "texture": "#3"}
			}
		},
		{
			"from": [10.75, 6.25, 9.25],
			"to": [11, 7, 9.5],
			"faces": {
				"north": {"uv": [0, 0, 0.25, 0.75], "texture": "#3"},
				"east": {"uv": [0, 0, 0.25, 0.75], "texture": "#3"},
				"south": {"uv": [0, 0, 0.25, 0.75], "texture": "#3"},
				"west": {"uv": [0, 0, 0.25, 0.75], "texture": "#3"},
				"up": {"uv": [0, 0, 0.25, 0.25], "texture": "#3"},
				"down": {"uv": [0, 0, 0.25, 0.25], "texture": "#3"}
			}
		},
		{
			"from": [10.5, 6.75, 6.5],
			"to": [10.75, 7.25, 6.75],
			"faces": {
				"north": {"uv": [0, 0, 0.25, 0.5], "texture": "#3"},
				"east": {"uv": [0, 0, 0.25, 0.5], "texture": "#3"},
				"south": {"uv": [0, 0, 0.25, 0.5], "texture": "#3"},
				"west": {"uv": [0, 0, 0.25, 0.5], "texture": "#3"},
				"up": {"uv": [0, 0, 0.25, 0.25], "texture": "#3"},
				"down": {"uv": [0, 0, 0.25, 0.25], "texture": "#3"}
			}
		},
		{
			"from": [10.5, 6.75, 9.25],
			"to": [10.75, 7.25, 9.5],
			"faces": {
				"north": {"uv": [0, 0, 0.25, 0.5], "texture": "#3"},
				"east": {"uv": [0, 0, 0.25, 0.5], "texture": "#3"},
				"south": {"uv": [0, 0, 0.25, 0.5], "texture": "#3"},
				"west": {"uv": [0, 0, 0.25, 0.5], "texture": "#3"},
				"up": {"uv": [0, 0, 0.25, 0.25], "texture": "#3"},
				"down": {"uv": [0, 0, 0.25, 0.25], "texture": "#3"}
			}
		},
		{
			"from": [10, 7, 6.5],
			"to": [10.5, 7.25, 6.75],
			"faces": {
				"north": {"uv": [0, 0, 0.5, 0.25], "texture": "#3"},
				"east": {"uv": [0, 0, 0.25, 0.25], "texture": "#3"},
				"south": {"uv": [0, 0, 0.5, 0.25], "texture": "#3"},
				"west": {"uv": [0, 0, 0.25, 0.25], "texture": "#3"},
				"up": {"uv": [0, 0, 0.5, 0.25], "texture": "#3"},
				"down": {"uv": [0, 0, 0.5, 0.25], "texture": "#3"}
			}
		},
		{
			"from": [10, 7, 9.25],
			"to": [10.5, 7.25, 9.5],
			"faces": {
				"north": {"uv": [0, 0, 0.5, 0.25], "texture": "#3"},
				"east": {"uv": [0, 0, 0.25, 0.25], "texture": "#3"},
				"south": {"uv": [0, 0, 0.5, 0.25], "texture": "#3"},
				"west": {"uv": [0, 0, 0.25, 0.25], "texture": "#3"},
				"up": {"uv": [0, 0, 0.5, 0.25], "texture": "#3"},
				"down": {"uv": [0, 0, 0.5, 0.25], "texture": "#3"}
			}
		},
		{
			"from": [9.25, 7.25, 6.5],
			"to": [10.25, 7.5, 6.75],
			"faces": {
				"north": {"uv": [0, 0, 1, 0.25], "texture": "#3"},
				"east": {"uv": [0, 0, 0.25, 0.25], "texture": "#3"},
				"south": {"uv": [0, 0, 1, 0.25], "texture": "#3"},
				"west": {"uv": [0, 0, 0.25, 0.25], "texture": "#3"},
				"up": {"uv": [0, 0, 1, 0.25], "texture": "#3"},
				"down": {"uv": [0, 0, 1, 0.25], "texture": "#3"}
			}
		},
		{
			"from": [9.25, 7.25, 9.25],
			"to": [10.25, 7.5, 9.5],
			"faces": {
				"north": {"uv": [0, 0, 1, 0.25], "texture": "#3"},
				"east": {"uv": [0, 0, 0.25, 0.25], "texture": "#3"},
				"south": {"uv": [0, 0, 1, 0.25], "texture": "#3"},
				"west": {"uv": [0, 0, 0.25, 0.25], "texture": "#3"},
				"up": {"uv": [0, 0, 1, 0.25], "texture": "#3"},
				"down": {"uv": [0, 0, 1, 0.25], "texture": "#3"}
			}
		},
		{
			"from": [11.5, 5, 6.75],
			"to": [11.75, 6.25, 7],
			"faces": {
				"north": {"uv": [0, 0, 0.25, 1.25], "texture": "#3"},
				"east": {"uv": [0, 0, 0.25, 1.25], "texture": "#3"},
				"south": {"uv": [0, 0, 0.25, 1.25], "texture": "#3"},
				"west": {"uv": [0, 0, 0.25, 1.25], "texture": "#3"},
				"up": {"uv": [0, 0, 0.25, 0.25], "texture": "#3"},
				"down": {"uv": [0, 0, 0.25, 0.25], "texture": "#3"}
			}
		},
		{
			"from": [9, 7.75, 6.75],
			"to": [9.25, 8, 7],
			"faces": {
				"north": {"uv": [0, 0, 0.25, 0.25], "texture": "#0"},
				"east": {"uv": [0, 0, 0.25, 0.25], "texture": "#0"},
				"south": {"uv": [0, 0, 0.25, 0.25], "texture": "#0"},
				"west": {"uv": [0, 0, 0.25, 0.25], "texture": "#0"},
				"up": {"uv": [0, 0, 0.25, 0.25], "texture": "#0"},
				"down": {"uv": [0, 0, 0.25, 0.25], "texture": "#0"}
			}
		},
		{
			"from": [9, 7.5, 6.5],
			"to": [9.25, 7.75, 7],
			"faces": {
				"north": {"uv": [0, 0, 0.25, 0.25], "texture": "#0"},
				"east": {"uv": [0, 0, 0.5, 0.25], "texture": "#0"},
				"south": {"uv": [0, 0, 0.25, 0.25], "texture": "#0"},
				"west": {"uv": [0, 0, 0.5, 0.25], "texture": "#0"},
				"up": {"uv": [0, 0, 0.25, 0.5], "texture": "#0"},
				"down": {"uv": [0, 0, 0.25, 0.5], "texture": "#0"}
			}
		},
		{
			"from": [9, 7.25, 6.25],
			"to": [9.25, 7.5, 6.75],
			"faces": {
				"north": {"uv": [0, 0, 0.25, 0.25], "texture": "#0"},
				"east": {"uv": [0, 0, 0.5, 0.25], "texture": "#0"},
				"south": {"uv": [0, 0, 0.25, 0.25], "texture": "#0"},
				"west": {"uv": [0, 0, 0.5, 0.25], "texture": "#0"},
				"up": {"uv": [0, 0, 0.25, 0.5], "texture": "#0"},
				"down": {"uv": [0, 0, 0.25, 0.5], "texture": "#0"}
			}
		},
		{
			"from": [9, 5.75, 6],
			"to": [9.25, 7.25, 6.5],
			"faces": {
				"north": {"uv": [0, 0, 0.25, 1.5], "texture": "#0"},
				"east": {"uv": [0, 0, 0.5, 1.5], "texture": "#0"},
				"south": {"uv": [0, 0, 0.25, 1.5], "texture": "#0"},
				"west": {"uv": [0, 0, 0.5, 1.5], "texture": "#0"},
				"up": {"uv": [0, 0, 0.25, 0.5], "texture": "#0"},
				"down": {"uv": [0, 0, 0.25, 0.5], "texture": "#0"}
			}
		},
		{
			"from": [9, 7.75, 7],
			"to": [9.25, 8.25, 9],
			"faces": {
				"north": {"uv": [0, 0, 0.25, 0.5], "texture": "#0"},
				"east": {"uv": [0, 0, 2, 0.5], "texture": "#0"},
				"south": {"uv": [0, 0, 0.25, 0.5], "texture": "#0"},
				"west": {"uv": [0, 0, 2, 0.5], "texture": "#0"},
				"up": {"uv": [0, 0, 0.25, 2], "texture": "#0"},
				"down": {"uv": [0, 0, 0.25, 2], "texture": "#0"}
			}
		},
		{
			"from": [9, 7.75, 9],
			"to": [9.25, 8, 9.25],
			"faces": {
				"north": {"uv": [0, 0, 0.25, 0.25], "texture": "#0"},
				"east": {"uv": [0, 0, 0.25, 0.25], "texture": "#0"},
				"south": {"uv": [0, 0, 0.25, 0.25], "texture": "#0"},
				"west": {"uv": [0, 0, 0.25, 0.25], "texture": "#0"},
				"up": {"uv": [0, 0, 0.25, 0.25], "texture": "#0"},
				"down": {"uv": [0, 0, 0.25, 0.25], "texture": "#0"}
			}
		},
		{
			"from": [9, 7.5, 9],
			"to": [9.25, 7.75, 9.5],
			"faces": {
				"north": {"uv": [0, 0, 0.25, 0.25], "texture": "#0"},
				"east": {"uv": [0, 0, 0.5, 0.25], "texture": "#0"},
				"south": {"uv": [0, 0, 0.25, 0.25], "texture": "#0"},
				"west": {"uv": [0, 0, 0.5, 0.25], "texture": "#0"},
				"up": {"uv": [0, 0, 0.25, 0.5], "texture": "#0"},
				"down": {"uv": [0, 0, 0.25, 0.5], "texture": "#0"}
			}
		},
		{
			"from": [9, 7.25, 9.25],
			"to": [9.25, 7.5, 9.75],
			"faces": {
				"north": {"uv": [0, 0, 0.25, 0.25], "texture": "#0"},
				"east": {"uv": [0, 0, 0.5, 0.25], "texture": "#0"},
				"south": {"uv": [0, 0, 0.25, 0.25], "texture": "#0"},
				"west": {"uv": [0, 0, 0.5, 0.25], "texture": "#0"},
				"up": {"uv": [0, 0, 0.25, 0.5], "texture": "#0"},
				"down": {"uv": [0, 0, 0.25, 0.5], "texture": "#0"}
			}
		},
		{
			"from": [9, 5.75, 9.5],
			"to": [9.25, 7.25, 10],
			"faces": {
				"north": {"uv": [0, 0, 0.25, 1.5], "texture": "#0"},
				"east": {"uv": [0, 0, 0.5, 1.5], "texture": "#0"},
				"south": {"uv": [0, 0, 0.25, 1.5], "texture": "#0"},
				"west": {"uv": [0, 0, 0.5, 1.5], "texture": "#0"},
				"up": {"uv": [0, 0, 0.25, 0.5], "texture": "#0"},
				"down": {"uv": [0, 0, 0.25, 0.5], "texture": "#0"}
			}
		},
		{
			"from": [9, 5.5, 9.5],
			"to": [9.5, 5.75, 10],
			"faces": {
				"north": {"uv": [0, 0, 0.5, 0.25], "texture": "#0"},
				"east": {"uv": [0, 0, 0.5, 0.25], "texture": "#0"},
				"south": {"uv": [0, 0, 0.5, 0.25], "texture": "#0"},
				"west": {"uv": [0, 0, 0.5, 0.25], "texture": "#0"},
				"up": {"uv": [0, 0, 0.5, 0.5], "texture": "#0"},
				"down": {"uv": [0, 0, 0.5, 0.5], "texture": "#0"}
			}
		},
		{
			"from": [9.75, 5, 9.5],
			"to": [10, 5.5, 10],
			"faces": {
				"north": {"uv": [0, 0, 0.25, 0.5], "texture": "#0"},
				"east": {"uv": [0, 0, 0.5, 0.5], "texture": "#0"},
				"south": {"uv": [0, 0, 0.25, 0.5], "texture": "#0"},
				"west": {"uv": [0, 0, 0.5, 0.5], "texture": "#0"},
				"up": {"uv": [0, 0, 0.25, 0.5], "texture": "#0"},
				"down": {"uv": [0, 0, 0.25, 0.5], "texture": "#0"}
			}
		},
		{
			"from": [9.5, 5.25, 9.5],
			"to": [9.75, 5.75, 10],
			"faces": {
				"north": {"uv": [0, 0, 0.25, 0.5], "texture": "#0"},
				"east": {"uv": [0, 0, 0.5, 0.5], "texture": "#0"},
				"south": {"uv": [0, 0, 0.25, 0.5], "texture": "#0"},
				"west": {"uv": [0, 0, 0.5, 0.5], "texture": "#0"},
				"up": {"uv": [0, 0, 0.25, 0.5], "texture": "#0"},
				"down": {"uv": [0, 0, 0.25, 0.5], "texture": "#0"}
			}
		},
		{
			"from": [9.75, 4.75, 9.5],
			"to": [11.25, 5, 10],
			"faces": {
				"north": {"uv": [0, 0, 1.5, 0.25], "texture": "#0"},
				"east": {"uv": [0, 0, 0.5, 0.25], "texture": "#0"},
				"south": {"uv": [0, 0, 1.5, 0.25], "texture": "#0"},
				"west": {"uv": [0, 0, 0.5, 0.25], "texture": "#0"},
				"up": {"uv": [0, 0, 1.5, 0.5], "texture": "#0"},
				"down": {"uv": [0, 0, 1.5, 0.5], "texture": "#0"}
			}
		},
		{
			"from": [11.25, 4.75, 9.25],
			"to": [11.5, 5, 9.75],
			"faces": {
				"north": {"uv": [0, 0, 0.25, 0.25], "texture": "#0"},
				"east": {"uv": [0, 0, 0.5, 0.25], "texture": "#0"},
				"south": {"uv": [0, 0, 0.25, 0.25], "texture": "#0"},
				"west": {"uv": [0, 0, 0.5, 0.25], "texture": "#0"},
				"up": {"uv": [0, 0, 0.25, 0.5], "texture": "#0"},
				"down": {"uv": [0, 0, 0.25, 0.5], "texture": "#0"}
			}
		},
		{
			"from": [11.5, 4.75, 9],
			"to": [11.75, 5, 9.5],
			"faces": {
				"north": {"uv": [0, 0, 0.25, 0.25], "texture": "#0"},
				"east": {"uv": [0, 0, 0.5, 0.25], "texture": "#0"},
				"south": {"uv": [0, 0, 0.25, 0.25], "texture": "#0"},
				"west": {"uv": [0, 0, 0.5, 0.25], "texture": "#0"},
				"up": {"uv": [0, 0, 0.25, 0.5], "texture": "#0"},
				"down": {"uv": [0, 0, 0.25, 0.5], "texture": "#0"}
			}
		},
		{
			"from": [11.75, 4.75, 9],
			"to": [12, 5, 9.25],
			"faces": {
				"north": {"uv": [0, 0, 0.25, 0.25], "texture": "#0"},
				"east": {"uv": [0, 0, 0.25, 0.25], "texture": "#0"},
				"south": {"uv": [0, 0, 0.25, 0.25], "texture": "#0"},
				"west": {"uv": [0, 0, 0.25, 0.25], "texture": "#0"},
				"up": {"uv": [0, 0, 0.25, 0.25], "texture": "#0"},
				"down": {"uv": [0, 0, 0.25, 0.25], "texture": "#0"}
			}
		},
		{
			"from": [11.75, 4.75, 7],
			"to": [12.25, 5, 9],
			"faces": {
				"north": {"uv": [0, 0, 0.5, 0.25], "texture": "#0"},
				"east": {"uv": [0, 0, 2, 0.25], "texture": "#0"},
				"south": {"uv": [0, 0, 0.5, 0.25], "texture": "#0"},
				"west": {"uv": [0, 0, 2, 0.25], "texture": "#0"},
				"up": {"uv": [0, 0, 0.5, 2], "texture": "#0"},
				"down": {"uv": [0, 0, 0.5, 2], "texture": "#0"}
			}
		},
		{
			"from": [11.5, 4.75, 6.75],
			"to": [12, 5, 7],
			"faces": {
				"north": {"uv": [0, 0, 0.5, 0.25], "texture": "#0"},
				"east": {"uv": [0, 0, 0.25, 0.25], "texture": "#0"},
				"south": {"uv": [0, 0, 0.5, 0.25], "texture": "#0"},
				"west": {"uv": [0, 0, 0.25, 0.25], "texture": "#0"},
				"up": {"uv": [0, 0, 0.5, 0.25], "texture": "#0"},
				"down": {"uv": [0, 0, 0.5, 0.25], "texture": "#0"}
			}
		},
		{
			"from": [11.5, 4.75, 6.5],
			"to": [11.75, 5, 6.75],
			"faces": {
				"north": {"uv": [0, 0, 0.25, 0.25], "texture": "#0"},
				"east": {"uv": [0, 0, 0.25, 0.25], "texture": "#0"},
				"south": {"uv": [0, 0, 0.25, 0.25], "texture": "#0"},
				"west": {"uv": [0, 0, 0.25, 0.25], "texture": "#0"},
				"up": {"uv": [0, 0, 0.25, 0.25], "texture": "#0"},
				"down": {"uv": [0, 0, 0.25, 0.25], "texture": "#0"}
			}
		},
		{
			"from": [11.25, 4.75, 6.25],
			"to": [11.5, 5, 6.75],
			"faces": {
				"north": {"uv": [0, 0, 0.25, 0.25], "texture": "#0"},
				"east": {"uv": [0, 0, 0.5, 0.25], "texture": "#0"},
				"south": {"uv": [0, 0, 0.25, 0.25], "texture": "#0"},
				"west": {"uv": [0, 0, 0.5, 0.25], "texture": "#0"},
				"up": {"uv": [0, 0, 0.25, 0.5], "texture": "#0"},
				"down": {"uv": [0, 0, 0.25, 0.5], "texture": "#0"}
			}
		},
		{
			"from": [9.75, 4.75, 6],
			"to": [11.25, 5, 6.5],
			"faces": {
				"north": {"uv": [0, 0, 1.5, 0.25], "texture": "#0"},
				"east": {"uv": [0, 0, 0.5, 0.25], "texture": "#0"},
				"south": {"uv": [0, 0, 1.5, 0.25], "texture": "#0"},
				"west": {"uv": [0, 0, 0.5, 0.25], "texture": "#0"},
				"up": {"uv": [0, 0, 1.5, 0.5], "texture": "#0"},
				"down": {"uv": [0, 0, 1.5, 0.5], "texture": "#0"}
			}
		},
		{
			"from": [9.75, 5, 6],
			"to": [10, 5.5, 6.5],
			"faces": {
				"north": {"uv": [0, 0, 0.25, 0.5], "texture": "#0"},
				"east": {"uv": [0, 0, 0.5, 0.5], "texture": "#0"},
				"south": {"uv": [0, 0, 0.25, 0.5], "texture": "#0"},
				"west": {"uv": [0, 0, 0.5, 0.5], "texture": "#0"},
				"up": {"uv": [0, 0, 0.25, 0.5], "texture": "#0"},
				"down": {"uv": [0, 0, 0.25, 0.5], "texture": "#0"}
			}
		},
		{
			"from": [9.5, 5.25, 6],
			"to": [9.75, 5.75, 6.5],
			"faces": {
				"north": {"uv": [0, 0, 0.25, 0.5], "texture": "#0"},
				"east": {"uv": [0, 0, 0.5, 0.5], "texture": "#0"},
				"south": {"uv": [0, 0, 0.25, 0.5], "texture": "#0"},
				"west": {"uv": [0, 0, 0.5, 0.5], "texture": "#0"},
				"up": {"uv": [0, 0, 0.25, 0.5], "texture": "#0"},
				"down": {"uv": [0, 0, 0.25, 0.5], "texture": "#0"}
			}
		},
		{
			"from": [9, 5.5, 6],
			"to": [9.5, 5.75, 6.5],
			"faces": {
				"north": {"uv": [0, 0, 0.5, 0.25], "texture": "#0"},
				"east": {"uv": [0, 0, 0.5, 0.25], "texture": "#0"},
				"south": {"uv": [0, 0, 0.5, 0.25], "texture": "#0"},
				"west": {"uv": [0, 0, 0.5, 0.25], "texture": "#0"},
				"up": {"uv": [0, 0, 0.5, 0.5], "texture": "#0"},
				"down": {"uv": [0, 0, 0.5, 0.5], "texture": "#0"}
			}
		},
		{
			"from": [9.1, 6.75, 7],
			"to": [9.1, 7.25, 9],
			"faces": {
				"north": {"uv": [0, 0, 0, 0.5], "texture": "#2"},
				"east": {"uv": [0, 0, 2, 0.5], "texture": "#2"},
				"south": {"uv": [0, 0, 0, 0.5], "texture": "#2"},
				"west": {"uv": [0, 0, 2, 0.5], "texture": "#2"},
				"up": {"uv": [0, 0, 0, 2], "texture": "#2"},
				"down": {"uv": [0, 0, 0, 2], "texture": "#2"}
			}
		},
		{
			"from": [9.1, 7.5, 7],
			"to": [9.1, 7.75, 9],
			"faces": {
				"north": {"uv": [0, 0, 0, 0.25], "texture": "#2"},
				"east": {"uv": [0, 0, 2, 0.25], "texture": "#2"},
				"south": {"uv": [0, 0, 0, 0.25], "texture": "#2"},
				"west": {"uv": [0, 0, 2, 0.25], "texture": "#2"},
				"up": {"uv": [0, 0, 0, 2], "texture": "#2"},
				"down": {"uv": [0, 0, 0, 2], "texture": "#2"}
			}
		},
		{
			"from": [9.1, 7.25, 6.75],
			"to": [9.1, 7.5, 9.25],
			"faces": {
				"north": {"uv": [0, 0, 0, 0.25], "texture": "#2"},
				"east": {"uv": [0, 0, 2.5, 0.25], "texture": "#2"},
				"south": {"uv": [0, 0, 0, 0.25], "texture": "#2"},
				"west": {"uv": [0, 0, 2.5, 0.25], "texture": "#2"},
				"up": {"uv": [0, 0, 0, 2.5], "texture": "#2"},
				"down": {"uv": [0, 0, 0, 2.5], "texture": "#2"}
			}
		},
		{
			"from": [9.1, 5.525, 6.5],
			"to": [9.1, 7.25, 7],
			"faces": {
				"north": {"uv": [0, 0, 0, 1.725], "texture": "#2"},
				"east": {"uv": [0, 0, 0.5, 1.725], "texture": "#2"},
				"south": {"uv": [0, 0, 0, 1.725], "texture": "#2"},
				"west": {"uv": [0, 0, 0.5, 1.725], "texture": "#2"},
				"up": {"uv": [0, 0, 0, 0.5], "texture": "#2"},
				"down": {"uv": [0, 0, 0, 0.5], "texture": "#2"}
			}
		},
		{
			"from": [9.1, 5.525, 9],
			"to": [9.1, 7.25, 9.5],
			"faces": {
				"north": {"uv": [0, 0, 0, 1.725], "texture": "#2"},
				"east": {"uv": [0, 0, 0.5, 1.725], "texture": "#2"},
				"south": {"uv": [0, 0, 0, 1.725], "texture": "#2"},
				"west": {"uv": [0, 0, 0.5, 1.725], "texture": "#2"},
				"up": {"uv": [0, 0, 0, 0.5], "texture": "#2"},
				"down": {"uv": [0, 0, 0, 0.5], "texture": "#2"}
			}
		},
		{
			"from": [9.6, 5.275, 9],
			"to": [9.6, 5.525, 9.5],
			"faces": {
				"north": {"uv": [0, 0, 0, 0.25], "texture": "#2"},
				"east": {"uv": [0, 0, 0.5, 0.25], "texture": "#2"},
				"south": {"uv": [0, 0, 0, 0.25], "texture": "#2"},
				"west": {"uv": [0, 0, 0.5, 0.25], "texture": "#2"},
				"up": {"uv": [0, 0, 0, 0.5], "texture": "#2"},
				"down": {"uv": [0, 0, 0, 0.5], "texture": "#2"}
			}
		},
		{
			"from": [9.6, 5.275, 6.5],
			"to": [9.6, 5.525, 7],
			"faces": {
				"north": {"uv": [0, 0, 0, 0.25], "texture": "#2"},
				"east": {"uv": [0, 0, 0.5, 0.25], "texture": "#2"},
				"south": {"uv": [0, 0, 0, 0.25], "texture": "#2"},
				"west": {"uv": [0, 0, 0.5, 0.25], "texture": "#2"},
				"up": {"uv": [0, 0, 0, 0.5], "texture": "#2"},
				"down": {"uv": [0, 0, 0, 0.5], "texture": "#2"}
			}
		},
		{
			"from": [9.1, 5.525, 6.5],
			"to": [9.6, 5.525, 7],
			"faces": {
				"north": {"uv": [0, 0, 0.5, 0], "texture": "#2"},
				"east": {"uv": [0, 0, 0.5, 0], "texture": "#2"},
				"south": {"uv": [0, 0, 0.5, 0], "texture": "#2"},
				"west": {"uv": [0, 0, 0.5, 0], "texture": "#2"},
				"up": {"uv": [0, 0, 0.5, 0.5], "texture": "#2"},
				"down": {"uv": [0, 0, 0.5, 0.5], "texture": "#2"}
			}
		},
		{
			"from": [9.1, 5.525, 9],
			"to": [9.6, 5.525, 9.5],
			"faces": {
				"north": {"uv": [0, 0, 0.5, 0], "texture": "#2"},
				"east": {"uv": [0, 0, 0.5, 0], "texture": "#2"},
				"south": {"uv": [0, 0, 0.5, 0], "texture": "#2"},
				"west": {"uv": [0, 0, 0.5, 0], "texture": "#2"},
				"up": {"uv": [0, 0, 0.5, 0.5], "texture": "#2"},
				"down": {"uv": [0, 0, 0.5, 0.5], "texture": "#2"}
			}
		},
		{
			"from": [9.6, 5.275, 6.5],
			"to": [9.85, 5.275, 7],
			"faces": {
				"north": {"uv": [0, 0, 0.25, 0], "texture": "#2"},
				"east": {"uv": [0, 0, 0.5, 0], "texture": "#2"},
				"south": {"uv": [0, 0, 0.25, 0], "texture": "#2"},
				"west": {"uv": [0, 0, 0.5, 0], "texture": "#2"},
				"up": {"uv": [0, 0, 0.25, 0.5], "texture": "#2"},
				"down": {"uv": [0, 0, 0.25, 0.5], "texture": "#2"}
			}
		},
		{
			"from": [9.85, 4.775, 9],
			"to": [11.25, 4.775, 9.5],
			"faces": {
				"north": {"uv": [0, 0, 1.4, 0], "texture": "#2"},
				"east": {"uv": [0, 0, 0.5, 0], "texture": "#2"},
				"south": {"uv": [0, 0, 1.4, 0], "texture": "#2"},
				"west": {"uv": [0, 0, 0.5, 0], "texture": "#2"},
				"up": {"uv": [0, 0, 1.4, 0.5], "texture": "#2"},
				"down": {"uv": [0, 0, 1.4, 0.5], "texture": "#2"}
			}
		},
		{
			"from": [9.85, 4.775, 6.5],
			"to": [11.25, 4.775, 7],
			"faces": {
				"north": {"uv": [0, 0, 1.4, 0], "texture": "#2"},
				"east": {"uv": [0, 0, 0.5, 0], "texture": "#2"},
				"south": {"uv": [0, 0, 1.4, 0], "texture": "#2"},
				"west": {"uv": [0, 0, 0.5, 0], "texture": "#2"},
				"up": {"uv": [0, 0, 1.4, 0.5], "texture": "#2"},
				"down": {"uv": [0, 0, 1.4, 0.5], "texture": "#2"}
			}
		},
		{
			"from": [11.25, 4.775, 9],
			"to": [11.5, 4.775, 9.25],
			"faces": {
				"north": {"uv": [0, 0, 0.25, 0], "texture": "#2"},
				"east": {"uv": [0, 0, 0.25, 0], "texture": "#2"},
				"south": {"uv": [0, 0, 0.25, 0], "texture": "#2"},
				"west": {"uv": [0, 0, 0.25, 0], "texture": "#2"},
				"up": {"uv": [0, 0, 0.25, 0.25], "texture": "#2"},
				"down": {"uv": [0, 0, 0.25, 0.25], "texture": "#2"}
			}
		},
		{
			"from": [10.95, 4.775, 7],
			"to": [11.8, 4.775, 9],
			"faces": {
				"north": {"uv": [0, 0, 0.85, 0], "texture": "#2"},
				"east": {"uv": [0, 0, 2, 0], "texture": "#2"},
				"south": {"uv": [0, 0, 0.85, 0], "texture": "#2"},
				"west": {"uv": [0, 0, 2, 0], "texture": "#2"},
				"up": {"uv": [0, 0, 0.85, 2], "texture": "#2"},
				"down": {"uv": [0, 0, 0.85, 2], "texture": "#2"}
			}
		},
		{
			"from": [11.25, 4.775, 6.75],
			"to": [11.5, 4.775, 7],
			"faces": {
				"north": {"uv": [0, 0, 0.25, 0], "texture": "#2"},
				"east": {"uv": [0, 0, 0.25, 0], "texture": "#2"},
				"south": {"uv": [0, 0, 0.25, 0], "texture": "#2"},
				"west": {"uv": [0, 0, 0.25, 0], "texture": "#2"},
				"up": {"uv": [0, 0, 0.25, 0.25], "texture": "#2"},
				"down": {"uv": [0, 0, 0.25, 0.25], "texture": "#2"}
			}
		},
		{
			"from": [9.6, 5.275, 9],
			"to": [9.85, 5.275, 9.5],
			"faces": {
				"north": {"uv": [0, 0, 0.25, 0], "texture": "#2"},
				"east": {"uv": [0, 0, 0.5, 0], "texture": "#2"},
				"south": {"uv": [0, 0, 0.25, 0], "texture": "#2"},
				"west": {"uv": [0, 0, 0.5, 0], "texture": "#2"},
				"up": {"uv": [0, 0, 0.25, 0.5], "texture": "#2"},
				"down": {"uv": [0, 0, 0.25, 0.5], "texture": "#2"}
			}
		},
		{
			"from": [9.85, 4.775, 9],
			"to": [9.85, 5.275, 9.5],
			"faces": {
				"north": {"uv": [0, 0, 0, 0.5], "texture": "#2"},
				"east": {"uv": [0, 0, 0.5, 0.5], "texture": "#2"},
				"south": {"uv": [0, 0, 0, 0.5], "texture": "#2"},
				"west": {"uv": [0, 0, 0.5, 0.5], "texture": "#2"},
				"up": {"uv": [0, 0, 0, 0.5], "texture": "#2"},
				"down": {"uv": [0, 0, 0, 0.5], "texture": "#2"}
			}
		},
		{
			"from": [9.85, 4.775, 6.5],
			"to": [9.85, 5.275, 7],
			"faces": {
				"north": {"uv": [0, 0, 0, 0.5], "texture": "#2"},
				"east": {"uv": [0, 0, 0.5, 0.5], "texture": "#2"},
				"south": {"uv": [0, 0, 0, 0.5], "texture": "#2"},
				"west": {"uv": [0, 0, 0.5, 0.5], "texture": "#2"},
				"up": {"uv": [0, 0, 0, 0.5], "texture": "#2"},
				"down": {"uv": [0, 0, 0, 0.5], "texture": "#2"}
			}
		}
	],
	"display": {
		"thirdperson_righthand": {
			"rotation": [90, 0, 0],
			"translation": [-4.26, -2, 15],
			"scale": [2.2, 2.2, 2.2]
		},
		"thirdperson_lefthand": {
			"rotation": [90, -180, 0],
			"translation": [-4.51, -2, 15],
			"scale": [2.2, 2.2, 2.2]
		},
		"firstperson_righthand": {
			"rotation": [-85, 0, -180],
			"translation": [6.75, 1.5, 15],
			"scale": [2.2, 2.2, 2.2]
		},
		"firstperson_lefthand": {
			"rotation": [-85, 0, -180],
			"translation": [0.75, -0.75, 13],
			"scale": [2.2, 2.2, 2.2]
		},
		"ground": {
			"rotation": [90, 0, 0],
			"scale": [2, 2, 2]
		},
		"gui": {
			"rotation": [8, -160, 53],
			"translation": [8.25, 2.25, 0],
			"scale": [2.2, 2.2, 2.2]
		},
		"fixed": {
			"translation": [0, 0, 10.75],
			"scale": [2, 2, 2]
		}
	},
	"groups": [
		{
			"name": "hand",
			"origin": [8, 8, 8],
			"children": [0]
		},
		{
			"name": "plate",
			"origin": [8, 8, 8],
			"children": [1, 2, 3, 4, 5, 6, 7, 8, 9, 10, 11, 12, 13, 14, 15, 16, 17, 18, 19, 20, 21, 22, 23, 24, 25, 26, 27, 28, 29, 30, 31, 32, 33, 34, 35, 36, 37, 38, 39, 40, 41, 42, 43, 44, 45,
				{
					"name": "rim",
					"origin": [8, 8, 8],
					"children": [46, 47, 48, 49, 50, 51, 52, 53, 54, 55, 56, 57, 58, 59, 60, 61, 62, 63, 64, 65, 66, 67, 68, 69]
				}
			]
		},
		{
			"name": "addons",
			"origin": [8, 8, 8],
			"children": [
				{
					"name": "cover",
					"origin": [8, 8, 8],
					"children": [70, 71, 72, 73, 74, 75, 76, 77, 78, 79, 80, 81, 82, 83, 84, 85, 86, 87]
				}
			]
		}
	]
}