{
    "parent": "item/generated",
    "textures": {
        "layer0": "item/bow"
    },
    "display": {
        "thirdperson_righthand": {
            "rotation": [ -80, 260, -40 ],
            "translation": [ -1, -2, 2.5 ],
            "scale": [ 0.9, 0.9, 0.9 ]
        },
        "thirdperson_lefthand": {
            "rotation": [ -80, -280, 40 ],
            "translation": [ -1, -2, 2.5 ],
            "scale": [ 0.9, 0.9, 0.9 ]
        },
        "firstperson_righthand": {
            "rotation": [ 0, -90, 25 ],
            "translation": [ 1.13, 3.2, 1.13],
            "scale": [ 0.68, 0.68, 0.68 ]
        },
        "firstperson_lefthand": {
            "rotation": [ 0, 90, -25 ],
            "translation": [ 1.13, 3.2, 1.13],
            "scale": [ 0.68, 0.68, 0.68 ]
        }
    },
    "overrides": [
        {
            "predicate": {
                "pulling": 1
            },
            "model": "item/bow_pulling_0"
        },
        {
            "predicate": {
                "pulling": 1,
                "pull": 0.65
            },
            "model": "item/bow_pulling_1"
        },
        {
            "predicate": {
                "pulling": 1,
                "pull": 0.9
            },
            "model": "item/bow_pulling_2"
        },



        {
            "predicate": {
                "custom_model_data": 1
            },
            "model": "item/tornado_bow"
        },
        {
            "predicate": {
                "pulling": 1,
                "custom_model_data": 1
            },
            "model": "item/tornado_bow_pulling_0"
        },
        {
            "predicate": {
                "pulling": 1,
                "pull": 0.65,
                "custom_model_data": 1
            },
            "model": "item/tornado_bow_pulling_1"
        },
        {
            "predicate": {
                "pulling": 1,
                "pull": 0.9,
                "custom_model_data": 1
            },
            "model": "item/tornado_bow_pulling_2"
        },



        {
            "predicate": {
                "custom_model_data": 2
            },
            "model": "item/bow_of_decay"
        },
        {
            "predicate": {
                "pulling": 1,
                "custom_model_data": 2
            },
            "model": "item/bow_of_decay_pulling_0"
        },
        {
            "predicate": {
                "pulling": 1,
                "pull": 0.65,
                "custom_model_data": 2
            },
            "model": "item/bow_of_decay_pulling_1"
        },
        {
            "predicate": {
                "pulling": 1,
                "pull": 0.9,
                "custom_model_data": 2
            },
            "model": "item/bow_of_decay_pulling_2"
        },



        {
            "predicate": {
                "custom_model_data": 3
            },
            "model": "item/blight"
        },
        {
            "predicate": {
                "pulling": 1,
                "custom_model_data": 3
            },
            "model": "item/blight_pulling_0"
        },
        {
            "predicate": {
                "pulling": 1,
                "pull": 0.65,
                "custom_model_data": 3
            },
            "model": "item/blight_pulling_1"
        },
        {
            "predicate": {
                "pulling": 1,
                "pull": 0.9,
                "custom_model_data": 3
            },
            "model": "item/blight_pulling_2"
        },



        {
            "predicate": {
                "custom_model_data": 4
            },
            "model": "item/stormsong"
        },
        {
            "predicate": {
                "pulling": 1,
                "custom_model_data": 4
            },
            "model": "item/stormsong_pulling_0"
        },
        {
            "predicate": {
                "pulling": 1,
                "pull": 0.65,
                "custom_model_data": 4
            },
            "model": "item/stormsong_pulling_1"
        },
        {
            "predicate": {
                "pulling": 1,
                "pull": 0.9,
                "custom_model_data": 4
            },
            "model": "item/stormsong_pulling_2"
        },



        {
            "predicate": {
                "custom_model_data": 5
            },
            "model": "item/fallen_star"
        },
        {
            "predicate": {
                "pulling": 1,
                "custom_model_data": 5
            },
            "model": "item/fallen_star_pulling_0"
        },
        {
            "predicate": {
                "pulling": 1,
                "pull": 0.65,
                "custom_model_data": 5
            },
            "model": "item/fallen_star_pulling_1"
        },
        {
            "predicate": {
                "pulling": 1,
                "pull": 0.9,
                "custom_model_data": 5
            },
            "model": "item/fallen_star_pulling_2"
        },



        {
            "predicate": {
                "custom_model_data": 6
            },
            "model": "item/titanic_bow"
        },
        {
            "predicate": {
                "pulling": 1,
                "custom_model_data": 6
            },
            "model": "item/titanic_bow_pulling_0"
        },
        {
            "predicate": {
                "pulling": 1,
                "pull": 0.65,
                "custom_model_data": 6
            },
            "model": "item/titanic_bow_pulling_1"
        },
        {
            "predicate": {
                "pulling": 1,
                "pull": 0.9,
                "custom_model_data": 6
            },
            "model": "item/titanic_bow_pulling_2"
        },



        {
            "predicate": {
                "custom_model_data": 7
            },
            "model": "item/ashwood_bow"
        },
        {
            "predicate": {
                "pulling": 1,
                "custom_model_data": 7
            },
            "model": "item/ashwood_bow_pulling_0"
        },
        {
            "predicate": {
                "pulling": 1,
                "pull": 0.65,
                "custom_model_data": 7
            },
            "model": "item/ashwood_bow_pulling_1"
        },
        {
            "predicate": {
                "pulling": 1,
                "pull": 0.9,
                "custom_model_data": 7
            },
            "model": "item/ashwood_bow_pulling_2"
        }
    ]
}
