{
	"credit": "Made with Blockbench",
	"textures": {
		"0": "custom/helmets/enderium_helmet/faceplate",
		"1": "custom/helmets/enderium_helmet/gem",
		"2": "custom/helmets/enderium_helmet/mask",
		"3": "custom/helmets/enderium_helmet/hood",
		"4": "custom/helmets/enderium_helmet/silk",
		"5": "custom/helmets/enderium_helmet/rod",
		"6": "custom/helmets/enderium_helmet/metal",
		"particle": "custom/helmets/enderium_helmet/faceplate"
	},
	"elements": [
		{
			"from": [3.5, 5.5, 3.25],
			"to": [12.5, 8, 4.25],
			"rotation": {"angle": 0, "axis": "y", "origin": [10.5, 7.5, 11.5]},
			"faces": {
				"north": {"uv": [0, 0, 9, 2.5], "texture": "#0"},
				"east": {"uv": [0, 0, 1, 2.5], "texture": "#0"},
				"south": {"uv": [0, 0, 9, 2.5], "texture": "#0"},
				"west": {"uv": [0, 0, 1, 2.5], "texture": "#0"},
				"up": {"uv": [0, 0, 9, 1], "texture": "#0"},
				"down": {"uv": [0, 0, 9, 1], "texture": "#0"}
			}
		},
		{
			"from": [4, 8, 3.25],
			"to": [12, 8.5, 4.25],
			"rotation": {"angle": 0, "axis": "y", "origin": [10.5, 7.5, 11.5]},
			"faces": {
				"north": {"uv": [0, 0, 8, 0.5], "texture": "#0"},
				"east": {"uv": [0, 0, 1, 0.5], "texture": "#0"},
				"south": {"uv": [0, 0, 8, 0.5], "texture": "#0"},
				"west": {"uv": [0, 0, 1, 0.5], "texture": "#0"},
				"up": {"uv": [0, 0, 8, 1], "texture": "#0"},
				"down": {"uv": [0, 0, 8, 1], "texture": "#0"}
			}
		},
		{
			"from": [3.4, 0.1, 4.25],
			"to": [12.6, 8.6, 4.25],
			"rotation": {"angle": 0, "axis": "y", "origin": [10.5, 7.5, 11.5]},
			"faces": {
				"north": {"uv": [0, 0, 9.2, 8.5], "texture": "#2"},
				"east": {"uv": [0, 0, 0, 8.5], "texture": "#2"},
				"south": {"uv": [0, 0, 9.2, 8.5], "texture": "#2"},
				"west": {"uv": [0, 0, 0, 8.5], "texture": "#2"},
				"up": {"uv": [0, 0, 9.2, 0], "texture": "#2"},
				"down": {"uv": [0, 0, 9.2, 0], "texture": "#2"}
			}
		},
		{
			"from": [3.4, 0.2, 4.25],
			"to": [12.6, 0.2, 12.6],
			"rotation": {"angle": 0, "axis": "y", "origin": [10.5, 7.5, 11.5]},
			"faces": {
				"north": {"uv": [0, 0, 9.2, 0], "texture": "#2"},
				"east": {"uv": [0, 0, 8.35, 0], "texture": "#2"},
				"south": {"uv": [0, 0, 9.2, 0], "texture": "#2"},
				"west": {"uv": [0, 0, 8.35, 0], "texture": "#2"},
				"up": {"uv": [0, 0, 9.2, 8.35], "texture": "#2"},
				"down": {"uv": [0, 0, 9.2, 8.35], "texture": "#2"}
			}
		},
		{
			"from": [11.5, 3, 3.25],
			"to": [12.5, 5.5, 4.25],
			"rotation": {"angle": 0, "axis": "y", "origin": [10.5, 7.5, 11.5]},
			"faces": {
				"north": {"uv": [0, 0, 1, 2.5], "texture": "#0"},
				"east": {"uv": [0, 0, 1, 2.5], "texture": "#0"},
				"south": {"uv": [0, 0, 1, 2.5], "texture": "#0"},
				"west": {"uv": [0, 0, 1, 2.5], "texture": "#0"},
				"up": {"uv": [0, 0, 1, 1], "texture": "#0"},
				"down": {"uv": [0, 0, 1, 1], "texture": "#0"}
			}
		},
		{
			"from": [10.25, 5.25, 3.25],
			"to": [11.5, 5.5, 4.25],
			"rotation": {"angle": 0, "axis": "y", "origin": [10.5, 7.5, 11.5]},
			"faces": {
				"north": {"uv": [0, 0, 1.25, 0.25], "texture": "#0"},
				"east": {"uv": [0, 0, 1, 0.25], "texture": "#0"},
				"south": {"uv": [0, 0, 1.25, 0.25], "texture": "#0"},
				"west": {"uv": [0, 0, 1, 0.25], "texture": "#0"},
				"up": {"uv": [0, 0, 1.25, 1], "texture": "#0"},
				"down": {"uv": [0, 0, 1.25, 1], "texture": "#0"}
			}
		},
		{
			"from": [6.5, 5.25, 3.25],
			"to": [9.5, 5.5, 4.25],
			"rotation": {"angle": 0, "axis": "y", "origin": [10.5, 7.5, 11.5]},
			"faces": {
				"north": {"uv": [0, 0, 3, 0.25], "texture": "#0"},
				"east": {"uv": [0, 0, 1, 0.25], "texture": "#0"},
				"south": {"uv": [0, 0, 3, 0.25], "texture": "#0"},
				"west": {"uv": [0, 0, 1, 0.25], "texture": "#0"},
				"up": {"uv": [0, 0, 3, 1], "texture": "#0"},
				"down": {"uv": [0, 0, 3, 1], "texture": "#0"}
			}
		},
		{
			"from": [7, 5, 3.25],
			"to": [9, 5.25, 4.25],
			"rotation": {"angle": 0, "axis": "y", "origin": [10.5, 7.5, 11.5]},
			"faces": {
				"north": {"uv": [0, 0, 2, 0.25], "texture": "#0"},
				"east": {"uv": [0, 0, 1, 0.25], "texture": "#0"},
				"south": {"uv": [0, 0, 2, 0.25], "texture": "#0"},
				"west": {"uv": [0, 0, 1, 0.25], "texture": "#0"},
				"up": {"uv": [0, 0, 2, 1], "texture": "#0"},
				"down": {"uv": [0, 0, 2, 1], "texture": "#0"}
			}
		},
		{
			"from": [7.25, 4.65, 3.25],
			"to": [8.75, 5, 4.25],
			"rotation": {"angle": 0, "axis": "y", "origin": [10.5, 7.5, 11.5]},
			"faces": {
				"north": {"uv": [0, 0, 1.5, 0.35], "texture": "#0"},
				"east": {"uv": [0, 0, 1, 0.35], "texture": "#0"},
				"south": {"uv": [0, 0, 1.5, 0.35], "texture": "#0"},
				"west": {"uv": [0, 0, 1, 0.35], "texture": "#0"},
				"up": {"uv": [0, 0, 1.5, 1], "texture": "#0"},
				"down": {"uv": [0, 0, 1.5, 1], "texture": "#0"}
			}
		},
		{
			"from": [7.5, 4.3, 3.25],
			"to": [8.5, 4.65, 4.25],
			"rotation": {"angle": 0, "axis": "y", "origin": [10.5, 7.5, 11.5]},
			"faces": {
				"north": {"uv": [0, 0, 1, 0.35], "texture": "#0"},
				"east": {"uv": [0, 0, 1, 0.35], "texture": "#0"},
				"south": {"uv": [0, 0, 1, 0.35], "texture": "#0"},
				"west": {"uv": [0, 0, 1, 0.35], "texture": "#0"},
				"up": {"uv": [0, 0, 1, 1], "texture": "#0"},
				"down": {"uv": [0, 0, 1, 1], "texture": "#0"}
			}
		},
		{
			"from": [7.65, 3.85, 3.25],
			"to": [8.35, 4.3, 4.25],
			"rotation": {"angle": 0, "axis": "y", "origin": [10.5, 7.5, 11.5]},
			"faces": {
				"north": {"uv": [0, 0, 0.7, 0.45], "texture": "#0"},
				"east": {"uv": [0, 0, 1, 0.45], "texture": "#0"},
				"south": {"uv": [0, 0, 0.7, 0.45], "texture": "#0"},
				"west": {"uv": [0, 0, 1, 0.45], "texture": "#0"},
				"up": {"uv": [0, 0, 0.7, 1], "texture": "#0"},
				"down": {"uv": [0, 0, 0.7, 1], "texture": "#0"}
			}
		},
		{
			"from": [7.75, 3.4, 3.25],
			"to": [8.25, 3.85, 4.25],
			"rotation": {"angle": 0, "axis": "y", "origin": [10.5, 7.5, 11.5]},
			"faces": {
				"north": {"uv": [0, 0, 0.5, 0.45], "texture": "#0"},
				"east": {"uv": [0, 0, 1, 0.45], "texture": "#0"},
				"south": {"uv": [0, 0, 0.5, 0.45], "texture": "#0"},
				"west": {"uv": [0, 0, 1, 0.45], "texture": "#0"},
				"up": {"uv": [0, 0, 0.5, 1], "texture": "#0"},
				"down": {"uv": [0, 0, 0.5, 1], "texture": "#0"}
			}
		},
		{
			"from": [7.85, 2.8, 3.25],
			"to": [8.15, 3.4, 4.25],
			"rotation": {"angle": 0, "axis": "y", "origin": [10.5, 7.5, 11.5]},
			"faces": {
				"north": {"uv": [0, 0, 0.3, 0.6], "texture": "#0"},
				"east": {"uv": [0, 0, 1, 0.6], "texture": "#0"},
				"south": {"uv": [0, 0, 0.3, 0.6], "texture": "#0"},
				"west": {"uv": [0, 0, 1, 0.6], "texture": "#0"},
				"up": {"uv": [0, 0, 0.3, 1], "texture": "#0"},
				"down": {"uv": [0, 0, 0.3, 1], "texture": "#0"}
			}
		},
		{
			"from": [7.45, 2.05, 3.25],
			"to": [8.55, 2.3, 4.25],
			"rotation": {"angle": 0, "axis": "y", "origin": [10.5, 7.5, 11.5]},
			"faces": {
				"north": {"uv": [0, 0, 1.1, 0.25], "texture": "#0"},
				"east": {"uv": [0, 0, 1, 0.25], "texture": "#0"},
				"south": {"uv": [0, 0, 1.1, 0.25], "texture": "#0"},
				"west": {"uv": [0, 0, 1, 0.25], "texture": "#0"},
				"up": {"uv": [0, 0, 1.1, 1], "texture": "#0"},
				"down": {"uv": [0, 0, 1.1, 1], "texture": "#0"}
			}
		},
		{
			"from": [7.65, 2.3, 3.25],
			"to": [8.35, 2.55, 4.25],
			"rotation": {"angle": 0, "axis": "y", "origin": [10.5, 7.5, 11.5]},
			"faces": {
				"north": {"uv": [0, 0, 0.7, 0.25], "texture": "#0"},
				"east": {"uv": [0, 0, 1, 0.25], "texture": "#0"},
				"south": {"uv": [0, 0, 0.7, 0.25], "texture": "#0"},
				"west": {"uv": [0, 0, 1, 0.25], "texture": "#0"},
				"up": {"uv": [0, 0, 0.7, 1], "texture": "#0"},
				"down": {"uv": [0, 0, 0.7, 1], "texture": "#0"}
			}
		},
		{
			"from": [7.75, 2.55, 3.25],
			"to": [8.25, 2.8, 4.25],
			"rotation": {"angle": 0, "axis": "y", "origin": [10.5, 7.5, 11.5]},
			"faces": {
				"north": {"uv": [0, 0, 0.5, 0.25], "texture": "#0"},
				"east": {"uv": [0, 0, 1, 0.25], "texture": "#0"},
				"south": {"uv": [0, 0, 0.5, 0.25], "texture": "#0"},
				"west": {"uv": [0, 0, 1, 0.25], "texture": "#0"},
				"up": {"uv": [0, 0, 0.5, 1], "texture": "#0"},
				"down": {"uv": [0, 0, 0.5, 1], "texture": "#0"}
			}
		},
		{
			"from": [7.05, 1.8, 3.25],
			"to": [8.95, 2.05, 4.25],
			"rotation": {"angle": 0, "axis": "y", "origin": [10.5, 7.5, 11.5]},
			"faces": {
				"north": {"uv": [0, 0, 1.9, 0.25], "texture": "#0"},
				"east": {"uv": [0, 0, 1, 0.25], "texture": "#0"},
				"south": {"uv": [0, 0, 1.9, 0.25], "texture": "#0"},
				"west": {"uv": [0, 0, 1, 0.25], "texture": "#0"},
				"up": {"uv": [0, 0, 1.9, 1], "texture": "#0"},
				"down": {"uv": [0, 0, 1.9, 1], "texture": "#0"}
			}
		},
		{
			"from": [6.65, 1.45, 3.25],
			"to": [9.35, 1.8, 4.25],
			"rotation": {"angle": 0, "axis": "y", "origin": [10.5, 7.5, 11.5]},
			"faces": {
				"north": {"uv": [0, 0, 2.7, 0.35], "texture": "#0"},
				"east": {"uv": [0, 0, 1, 0.35], "texture": "#0"},
				"south": {"uv": [0, 0, 2.7, 0.35], "texture": "#0"},
				"west": {"uv": [0, 0, 1, 0.35], "texture": "#0"},
				"up": {"uv": [0, 0, 2.7, 1], "texture": "#0"},
				"down": {"uv": [0, 0, 2.7, 1], "texture": "#0"}
			}
		},
		{
			"from": [6.25, 1.1, 3.25],
			"to": [9.75, 1.45, 4.25],
			"rotation": {"angle": 0, "axis": "y", "origin": [10.5, 7.5, 11.5]},
			"faces": {
				"north": {"uv": [0, 0, 3.5, 0.35], "texture": "#0"},
				"east": {"uv": [0, 0, 1, 0.35], "texture": "#0"},
				"south": {"uv": [0, 0, 3.5, 0.35], "texture": "#0"},
				"west": {"uv": [0, 0, 1, 0.35], "texture": "#0"},
				"up": {"uv": [0, 0, 3.5, 1], "texture": "#0"},
				"down": {"uv": [0, 0, 3.5, 1], "texture": "#0"}
			}
		},
		{
			"from": [5.95, 0.5, 3.25],
			"to": [10.05, 1.1, 4.25],
			"rotation": {"angle": 0, "axis": "y", "origin": [10.5, 7.5, 11.5]},
			"faces": {
				"north": {"uv": [0, 0, 3.46, 0.6], "texture": "#0"},
				"east": {"uv": [0, 0, 1, 0.6], "texture": "#0"},
				"south": {"uv": [0, 0, 4.1, 0.6], "texture": "#0"},
				"west": {"uv": [0, 0, 1, 0.6], "texture": "#0"},
				"up": {"uv": [0, 0, 4.1, 1], "texture": "#0"},
				"down": {"uv": [0, 0, 4.1, 1], "texture": "#0"}
			}
		},
		{
			"from": [5.7, -0.025, 3.25],
			"to": [10.3, 0.5, 3.35],
			"rotation": {"angle": 0, "axis": "y", "origin": [10.5, 7.5, 11.5]},
			"faces": {
				"north": {"uv": [0, 0, 3.32, 0.525], "texture": "#0"},
				"east": {"uv": [0, 0, 0.1, 0.525], "texture": "#0"},
				"south": {"uv": [0, 0, 4.6, 0.525], "texture": "#0"},
				"west": {"uv": [0, 0, 0.1, 0.525], "texture": "#0"},
				"up": {"uv": [0, 0, 4.6, 0.1], "texture": "#0"},
				"down": {"uv": [0, 0, 4.6, 0.1], "texture": "#0"}
			}
		},
		{
			"from": [3.6, -0.025, 3.35],
			"to": [12.4, 1.8, 6.25],
			"rotation": {"angle": 0, "axis": "y", "origin": [10.5, 7.5, 11.5]},
			"faces": {
				"north": {"uv": [0, 0, 8.8, 1.825], "texture": "#0"},
				"east": {"uv": [0, 0, 2.9, 1.825], "texture": "#0"},
				"south": {"uv": [0, 0, 8.8, 1.825], "texture": "#0"},
				"west": {"uv": [0, 0, 2.9, 1.825], "texture": "#0"},
				"up": {"uv": [0, 0, 8.8, 2.9], "texture": "#0"},
				"down": {"uv": [0, 0, 8.8, 2.9], "texture": "#0"}
			}
		},
		{
			"from": [10.1, 1.8, 3.35],
			"to": [11.25, 1.9, 6.25],
			"rotation": {"angle": 0, "axis": "y", "origin": [10.5, 7.5, 11.5]},
			"faces": {
				"north": {"uv": [0, 0, 1.15, 0.1], "texture": "#0"},
				"east": {"uv": [0, 0, 2.9, 0.1], "texture": "#0"},
				"south": {"uv": [0, 0, 1.15, 0.1], "texture": "#0"},
				"west": {"uv": [0, 0, 2.9, 0.1], "texture": "#0"},
				"up": {"uv": [0, 0, 1.15, 2.9], "texture": "#0"},
				"down": {"uv": [0, 0, 1.15, 2.9], "texture": "#0"}
			}
		},
		{
			"from": [4.75, 1.8, 3.35],
			"to": [5.9, 1.9, 6.25],
			"rotation": {"angle": 0, "axis": "y", "origin": [10.5, 7.5, 11.5]},
			"faces": {
				"north": {"uv": [0, 0, 1.15, 0.1], "texture": "#0"},
				"east": {"uv": [0, 0, 2.9, 0.1], "texture": "#0"},
				"south": {"uv": [0, 0, 1.15, 0.1], "texture": "#0"},
				"west": {"uv": [0, 0, 2.9, 0.1], "texture": "#0"},
				"up": {"uv": [0, 0, 1.15, 2.9], "texture": "#0"},
				"down": {"uv": [0, 0, 1.15, 2.9], "texture": "#0"}
			}
		},
		{
			"from": [4.5, 5.25, 3.25],
			"to": [5.75, 5.5, 4.25],
			"rotation": {"angle": 0, "axis": "y", "origin": [10.5, 7.5, 11.5]},
			"faces": {
				"north": {"uv": [0, 0, 1.25, 0.25], "texture": "#0"},
				"east": {"uv": [0, 0, 1, 0.25], "texture": "#0"},
				"south": {"uv": [0, 0, 1.25, 0.25], "texture": "#0"},
				"west": {"uv": [0, 0, 1, 0.25], "texture": "#0"},
				"up": {"uv": [0, 0, 1.25, 1], "texture": "#0"},
				"down": {"uv": [0, 0, 1.25, 1], "texture": "#0"}
			}
		},
		{
			"from": [4.5, 5, 3.25],
			"to": [5.25, 5.25, 4.25],
			"rotation": {"angle": 0, "axis": "y", "origin": [10.5, 7.5, 11.5]},
			"faces": {
				"north": {"uv": [0, 0, 0.75, 0.25], "texture": "#0"},
				"east": {"uv": [0, 0, 1, 0.25], "texture": "#0"},
				"south": {"uv": [0, 0, 0.75, 0.25], "texture": "#0"},
				"west": {"uv": [0, 0, 1, 0.25], "texture": "#0"},
				"up": {"uv": [0, 0, 0.75, 1], "texture": "#0"},
				"down": {"uv": [0, 0, 0.75, 1], "texture": "#0"}
			}
		},
		{
			"from": [10.75, 5, 3.25],
			"to": [11.5, 5.25, 4.25],
			"rotation": {"angle": 0, "axis": "y", "origin": [10.5, 7.5, 11.5]},
			"faces": {
				"north": {"uv": [0, 0, 0.75, 0.25], "texture": "#0"},
				"east": {"uv": [0, 0, 1, 0.25], "texture": "#0"},
				"south": {"uv": [0, 0, 0.75, 0.25], "texture": "#0"},
				"west": {"uv": [0, 0, 1, 0.25], "texture": "#0"},
				"up": {"uv": [0, 0, 0.75, 1], "texture": "#0"},
				"down": {"uv": [0, 0, 0.75, 1], "texture": "#0"}
			}
		},
		{
			"from": [4.5, 4.5, 3.25],
			"to": [4.75, 5, 4.25],
			"rotation": {"angle": 0, "axis": "y", "origin": [10.5, 7.5, 11.5]},
			"faces": {
				"north": {"uv": [0, 0, 0.25, 0.5], "texture": "#0"},
				"east": {"uv": [0, 0, 1, 0.5], "texture": "#0"},
				"south": {"uv": [0, 0, 0.25, 0.5], "texture": "#0"},
				"west": {"uv": [0, 0, 1, 0.5], "texture": "#0"},
				"up": {"uv": [0, 0, 0.25, 1], "texture": "#0"},
				"down": {"uv": [0, 0, 0.25, 1], "texture": "#0"}
			}
		},
		{
			"from": [11.25, 4.75, 3.25],
			"to": [11.5, 5, 4.25],
			"rotation": {"angle": 0, "axis": "y", "origin": [10.5, 7.5, 11.5]},
			"faces": {
				"north": {"uv": [0, 0, 0.25, 0.25], "texture": "#0"},
				"east": {"uv": [0, 0, 1, 0.25], "texture": "#0"},
				"south": {"uv": [0, 0, 0.25, 0.25], "texture": "#0"},
				"west": {"uv": [0, 0, 1, 0.25], "texture": "#0"},
				"up": {"uv": [0, 0, 0.25, 1], "texture": "#0"},
				"down": {"uv": [0, 0, 0.25, 1], "texture": "#0"}
			}
		},
		{
			"from": [10.75, 3.5, 3.25],
			"to": [11.5, 3.75, 4.25],
			"rotation": {"angle": 0, "axis": "y", "origin": [10.5, 7.5, 11.5]},
			"faces": {
				"north": {"uv": [0, 0, 0.75, 0.25], "texture": "#0"},
				"east": {"uv": [0, 0, 1, 0.25], "texture": "#0"},
				"south": {"uv": [0, 0, 0.75, 0.25], "texture": "#0"},
				"west": {"uv": [0, 0, 1, 0.25], "texture": "#0"},
				"up": {"uv": [0, 0, 0.75, 1], "texture": "#0"},
				"down": {"uv": [0, 0, 0.75, 1], "texture": "#0"}
			}
		},
		{
			"from": [4.5, 3.5, 3.25],
			"to": [5.25, 3.75, 4.25],
			"rotation": {"angle": 0, "axis": "y", "origin": [10.5, 7.5, 11.5]},
			"faces": {
				"north": {"uv": [0, 0, 0.75, 0.25], "texture": "#0"},
				"east": {"uv": [0, 0, 1, 0.25], "texture": "#0"},
				"south": {"uv": [0, 0, 0.75, 0.25], "texture": "#0"},
				"west": {"uv": [0, 0, 1, 0.25], "texture": "#0"},
				"up": {"uv": [0, 0, 0.75, 1], "texture": "#0"},
				"down": {"uv": [0, 0, 0.75, 1], "texture": "#0"}
			}
		},
		{
			"from": [9.25, 3.25, 3.25],
			"to": [11.5, 3.5, 4.25],
			"rotation": {"angle": 0, "axis": "y", "origin": [10.5, 7.5, 11.5]},
			"faces": {
				"north": {"uv": [0, 0, 2.25, 0.25], "texture": "#0"},
				"east": {"uv": [0, 0, 1, 0.25], "texture": "#0"},
				"south": {"uv": [0, 0, 2.25, 0.25], "texture": "#0"},
				"west": {"uv": [0, 0, 1, 0.25], "texture": "#0"},
				"up": {"uv": [0, 0, 2.25, 1], "texture": "#0"},
				"down": {"uv": [0, 0, 2.25, 1], "texture": "#0"}
			}
		},
		{
			"from": [4.5, 3.25, 3.25],
			"to": [6.75, 3.5, 4.25],
			"rotation": {"angle": 0, "axis": "y", "origin": [10.5, 7.5, 11.5]},
			"faces": {
				"north": {"uv": [0, 0, 2.25, 0.25], "texture": "#0"},
				"east": {"uv": [0, 0, 1, 0.25], "texture": "#0"},
				"south": {"uv": [0, 0, 2.25, 0.25], "texture": "#0"},
				"west": {"uv": [0, 0, 1, 0.25], "texture": "#0"},
				"up": {"uv": [0, 0, 2.25, 1], "texture": "#0"},
				"down": {"uv": [0, 0, 2.25, 1], "texture": "#0"}
			}
		},
		{
			"from": [11.25, 3.75, 3.25],
			"to": [11.5, 4, 4.25],
			"rotation": {"angle": 0, "axis": "y", "origin": [10.5, 7.5, 11.5]},
			"faces": {
				"north": {"uv": [0, 0, 0.25, 0.25], "texture": "#0"},
				"east": {"uv": [0, 0, 1, 0.25], "texture": "#0"},
				"south": {"uv": [0, 0, 0.25, 0.25], "texture": "#0"},
				"west": {"uv": [0, 0, 1, 0.25], "texture": "#0"},
				"up": {"uv": [0, 0, 0.25, 1], "texture": "#0"},
				"down": {"uv": [0, 0, 0.25, 1], "texture": "#0"}
			}
		},
		{
			"from": [11.25, 3, 3.25],
			"to": [11.5, 3.25, 4.25],
			"rotation": {"angle": 0, "axis": "y", "origin": [10.5, 7.5, 11.5]},
			"faces": {
				"north": {"uv": [0, 0, 0.25, 0.25], "texture": "#0"},
				"east": {"uv": [0, 0, 1, 0.25], "texture": "#0"},
				"south": {"uv": [0, 0, 0.25, 0.25], "texture": "#0"},
				"west": {"uv": [0, 0, 1, 0.25], "texture": "#0"},
				"up": {"uv": [0, 0, 0.25, 1], "texture": "#0"},
				"down": {"uv": [0, 0, 0.25, 1], "texture": "#0"}
			}
		},
		{
			"from": [11.5, 2.5, 3.25],
			"to": [12.5, 3, 4.25],
			"rotation": {"angle": 0, "axis": "y", "origin": [10.5, 7.5, 11.5]},
			"faces": {
				"north": {"uv": [0, 0, 1, 0.5], "texture": "#0"},
				"east": {"uv": [0, 0, 1, 0.5], "texture": "#0"},
				"south": {"uv": [0, 0, 1, 0.5], "texture": "#0"},
				"west": {"uv": [0, 0, 1, 0.5], "texture": "#0"},
				"up": {"uv": [0, 0, 1, 1], "texture": "#0"},
				"down": {"uv": [0, 0, 1, 1], "texture": "#0"}
			}
		},
		{
			"from": [3.5, 2.5, 3.25],
			"to": [4.5, 3, 4.25],
			"rotation": {"angle": 0, "axis": "y", "origin": [10.5, 7.5, 11.5]},
			"faces": {
				"north": {"uv": [0, 0, 1, 0.5], "texture": "#0"},
				"east": {"uv": [0, 0, 1, 0.5], "texture": "#0"},
				"south": {"uv": [0, 0, 1, 0.5], "texture": "#0"},
				"west": {"uv": [0, 0, 1, 0.5], "texture": "#0"},
				"up": {"uv": [0, 0, 1, 1], "texture": "#0"},
				"down": {"uv": [0, 0, 1, 1], "texture": "#0"}
			}
		},
		{
			"from": [11.75, 1.75, 3.25],
			"to": [12.5, 2.5, 4.25],
			"rotation": {"angle": 0, "axis": "y", "origin": [10.5, 7.5, 11.5]},
			"faces": {
				"north": {"uv": [0, 0, 0.75, 0.75], "texture": "#0"},
				"east": {"uv": [0, 0, 1, 0.75], "texture": "#0"},
				"south": {"uv": [0, 0, 0.75, 0.75], "texture": "#0"},
				"west": {"uv": [0, 0, 1, 0.75], "texture": "#0"},
				"up": {"uv": [0, 0, 0.75, 1], "texture": "#0"},
				"down": {"uv": [0, 0, 0.75, 1], "texture": "#0"}
			}
		},
		{
			"from": [3.5, 1.75, 3.25],
			"to": [4.25, 2.5, 4.25],
			"rotation": {"angle": 0, "axis": "y", "origin": [10.5, 7.5, 11.5]},
			"faces": {
				"north": {"uv": [0, 0, 0.75, 0.75], "texture": "#0"},
				"east": {"uv": [0, 0, 1, 0.75], "texture": "#0"},
				"south": {"uv": [0, 0, 0.75, 0.75], "texture": "#0"},
				"west": {"uv": [0, 0, 1, 0.75], "texture": "#0"},
				"up": {"uv": [0, 0, 0.75, 1], "texture": "#0"},
				"down": {"uv": [0, 0, 0.75, 1], "texture": "#0"}
			}
		},
		{
			"from": [12, 1, 3.25],
			"to": [12.5, 1.75, 4.25],
			"rotation": {"angle": 0, "axis": "y", "origin": [10.5, 7.5, 11.5]},
			"faces": {
				"north": {"uv": [0, 0, 0.5, 0.75], "texture": "#0"},
				"east": {"uv": [0, 0, 1, 0.75], "texture": "#0"},
				"south": {"uv": [0, 0, 0.5, 0.75], "texture": "#0"},
				"west": {"uv": [0, 0, 1, 0.75], "texture": "#0"},
				"up": {"uv": [0, 0, 0.5, 1], "texture": "#0"},
				"down": {"uv": [0, 0, 0.5, 1], "texture": "#0"}
			}
		},
		{
			"from": [3.5, 1, 3.25],
			"to": [4, 1.75, 4.25],
			"rotation": {"angle": 0, "axis": "y", "origin": [10.5, 7.5, 11.5]},
			"faces": {
				"north": {"uv": [0, 0, 0.5, 0.75], "texture": "#0"},
				"east": {"uv": [0, 0, 1, 0.75], "texture": "#0"},
				"south": {"uv": [0, 0, 0.5, 0.75], "texture": "#0"},
				"west": {"uv": [0, 0, 1, 0.75], "texture": "#0"},
				"up": {"uv": [0, 0, 0.5, 1], "texture": "#0"},
				"down": {"uv": [0, 0, 0.5, 1], "texture": "#0"}
			}
		},
		{
			"from": [12.25, 0.25, 3.25],
			"to": [12.5, 1, 4.25],
			"rotation": {"angle": 0, "axis": "y", "origin": [10.5, 7.5, 11.5]},
			"faces": {
				"north": {"uv": [0, 0, 0.25, 0.75], "texture": "#0"},
				"east": {"uv": [0, 0, 1, 0.75], "texture": "#0"},
				"south": {"uv": [0, 0, 0.25, 0.75], "texture": "#0"},
				"west": {"uv": [0, 0, 1, 0.75], "texture": "#0"},
				"up": {"uv": [0, 0, 0.25, 1], "texture": "#0"},
				"down": {"uv": [0, 0, 0.25, 1], "texture": "#0"}
			}
		},
		{
			"from": [3.5, 0.25, 3.25],
			"to": [3.75, 1, 4.25],
			"rotation": {"angle": 0, "axis": "y", "origin": [10.5, 7.5, 11.5]},
			"faces": {
				"north": {"uv": [0, 0, 0.25, 0.75], "texture": "#0"},
				"east": {"uv": [0, 0, 1, 0.75], "texture": "#0"},
				"south": {"uv": [0, 0, 0.25, 0.75], "texture": "#0"},
				"west": {"uv": [0, 0, 1, 0.75], "texture": "#0"},
				"up": {"uv": [0, 0, 0.25, 1], "texture": "#0"},
				"down": {"uv": [0, 0, 0.25, 1], "texture": "#0"}
			}
		},
		{
			"from": [4.5, 3.75, 3.25],
			"to": [4.75, 4, 4.25],
			"rotation": {"angle": 0, "axis": "y", "origin": [10.5, 7.5, 11.5]},
			"faces": {
				"north": {"uv": [0, 0, 0.25, 0.25], "texture": "#0"},
				"east": {"uv": [0, 0, 1, 0.25], "texture": "#0"},
				"south": {"uv": [0, 0, 0.25, 0.25], "texture": "#0"},
				"west": {"uv": [0, 0, 1, 0.25], "texture": "#0"},
				"up": {"uv": [0, 0, 0.25, 1], "texture": "#0"},
				"down": {"uv": [0, 0, 0.25, 1], "texture": "#0"}
			}
		},
		{
			"from": [4.5, 3, 3.25],
			"to": [4.75, 3.25, 4.25],
			"rotation": {"angle": 0, "axis": "y", "origin": [10.5, 7.5, 11.5]},
			"faces": {
				"north": {"uv": [0, 0, 0.25, 0.25], "texture": "#0"},
				"east": {"uv": [0, 0, 1, 0.25], "texture": "#0"},
				"south": {"uv": [0, 0, 0.25, 0.25], "texture": "#0"},
				"west": {"uv": [0, 0, 1, 0.25], "texture": "#0"},
				"up": {"uv": [0, 0, 0.25, 1], "texture": "#0"},
				"down": {"uv": [0, 0, 0.25, 1], "texture": "#0"}
			}
		},
		{
			"from": [8.9, 3.5, 3.25],
			"to": [9.5, 3.625, 4.25],
			"rotation": {"angle": 0, "axis": "y", "origin": [10.5, 7.5, 11.5]},
			"faces": {
				"north": {"uv": [0, 0, 0.6, 0.125], "texture": "#0"},
				"east": {"uv": [0, 0, 1, 0.125], "texture": "#0"},
				"south": {"uv": [0, 0, 0.6, 0.125], "texture": "#0"},
				"west": {"uv": [0, 0, 1, 0.125], "texture": "#0"},
				"up": {"uv": [0, 0, 0.6, 1], "texture": "#0"},
				"down": {"uv": [0, 0, 0.6, 1], "texture": "#0"}
			}
		},
		{
			"from": [9.7, 3.125, 3.25],
			"to": [10.5, 3.25, 4.25],
			"rotation": {"angle": 0, "axis": "y", "origin": [10.5, 7.5, 11.5]},
			"faces": {
				"north": {"uv": [0, 0, 0.8, 0.125], "texture": "#0"},
				"east": {"uv": [0, 0, 1, 0.125], "texture": "#0"},
				"south": {"uv": [0, 0, 0.8, 0.125], "texture": "#0"},
				"west": {"uv": [0, 0, 1, 0.125], "texture": "#0"},
				"up": {"uv": [0, 0, 0.8, 1], "texture": "#0"},
				"down": {"uv": [0, 0, 0.8, 1], "texture": "#0"}
			}
		},
		{
			"from": [5.85, 2.525, 3.45],
			"to": [6.05, 3.125, 4.25],
			"rotation": {"angle": 0, "axis": "y", "origin": [10.5, 7.5, 11.5]},
			"faces": {
				"north": {"uv": [0, 0, 4.1, 4.199], "texture": "#1"},
				"east": {"uv": [0, 0, 0.8, 0.6], "texture": "#1"},
				"south": {"uv": [0, 0, 0.2, 0.6], "texture": "#1"},
				"west": {"uv": [0, 0, 0.8, 0.6], "texture": "#1"},
				"up": {"uv": [0, 0, 0.2, 0.8], "texture": "#1"},
				"down": {"uv": [0, 0, 0.2, 0.8], "texture": "#1"}
			}
		},
		{
			"from": [6.05, 2.725, 3.45],
			"to": [6.15, 3.125, 4.25],
			"rotation": {"angle": 0, "axis": "y", "origin": [10.5, 7.5, 11.5]},
			"faces": {
				"north": {"uv": [0, 0, 4.1, 4.199], "texture": "#1"},
				"east": {"uv": [0, 0, 0.8, 0.4], "texture": "#1"},
				"south": {"uv": [0, 0, 0.1, 0.4], "texture": "#1"},
				"west": {"uv": [0, 0, 0.8, 0.4], "texture": "#1"},
				"up": {"uv": [0, 0, 0.1, 0.8], "texture": "#1"},
				"down": {"uv": [0, 0, 0.1, 0.8], "texture": "#1"}
			}
		},
		{
			"from": [5.75, 2.925, 3.45],
			"to": [5.85, 3.125, 4.25],
			"rotation": {"angle": 0, "axis": "y", "origin": [10.5, 7.5, 11.5]},
			"faces": {
				"north": {"uv": [0, 0, 4.1, 4.199], "texture": "#1"},
				"east": {"uv": [0, 0, 0.8, 0.2], "texture": "#1"},
				"south": {"uv": [0, 0, 0.1, 0.2], "texture": "#1"},
				"west": {"uv": [0, 0, 0.8, 0.2], "texture": "#1"},
				"up": {"uv": [0, 0, 0.1, 0.8], "texture": "#1"},
				"down": {"uv": [0, 0, 0.1, 0.8], "texture": "#1"}
			}
		},
		{
			"from": [5.95, 2.225, 3.45],
			"to": [6.05, 2.525, 4.25],
			"rotation": {"angle": 0, "axis": "y", "origin": [10.5, 7.5, 11.5]},
			"faces": {
				"north": {"uv": [0, 0, 4.1, 4.199], "texture": "#1"},
				"east": {"uv": [0, 0, 0.8, 0.3], "texture": "#1"},
				"south": {"uv": [0, 0, 0.1, 0.3], "texture": "#1"},
				"west": {"uv": [0, 0, 0.8, 0.3], "texture": "#1"},
				"up": {"uv": [0, 0, 0.1, 0.8], "texture": "#1"},
				"down": {"uv": [0, 0, 0.1, 0.8], "texture": "#1"}
			}
		},
		{
			"from": [5.5, 3.125, 3.25],
			"to": [6.3, 3.25, 4.25],
			"rotation": {"angle": 0, "axis": "y", "origin": [10.5, 7.5, 11.5]},
			"faces": {
				"north": {"uv": [0, 0, 0.8, 0.125], "texture": "#0"},
				"east": {"uv": [0, 0, 1, 0.125], "texture": "#0"},
				"south": {"uv": [0, 0, 0.8, 0.125], "texture": "#0"},
				"west": {"uv": [0, 0, 1, 0.125], "texture": "#0"},
				"up": {"uv": [0, 0, 0.8, 1], "texture": "#0"},
				"down": {"uv": [0, 0, 0.8, 1], "texture": "#0"}
			}
		},
		{
			"from": [6.5, 3.5, 3.25],
			"to": [7.1, 3.625, 4.25],
			"rotation": {"angle": 0, "axis": "y", "origin": [10.5, 7.5, 11.5]},
			"faces": {
				"north": {"uv": [0, 0, 0.6, 0.125], "texture": "#0"},
				"east": {"uv": [0, 0, 1, 0.125], "texture": "#0"},
				"south": {"uv": [0, 0, 0.6, 0.125], "texture": "#0"},
				"west": {"uv": [0, 0, 1, 0.125], "texture": "#0"},
				"up": {"uv": [0, 0, 0.6, 1], "texture": "#0"},
				"down": {"uv": [0, 0, 0.6, 1], "texture": "#0"}
			}
		},
		{
			"from": [8.95, 3.625, 3.25],
			"to": [9.25, 3.775, 4.25],
			"rotation": {"angle": 0, "axis": "y", "origin": [10.5, 7.5, 11.5]},
			"faces": {
				"north": {"uv": [0, 0, 0.3, 0.15], "texture": "#0"},
				"east": {"uv": [0, 0, 1, 0.15], "texture": "#0"},
				"south": {"uv": [0, 0, 0.3, 0.15], "texture": "#0"},
				"west": {"uv": [0, 0, 1, 0.15], "texture": "#0"},
				"up": {"uv": [0, 0, 0.3, 1], "texture": "#0"},
				"down": {"uv": [0, 0, 0.3, 1], "texture": "#0"}
			}
		},
		{
			"from": [10.95, 3.1, 3.25],
			"to": [11.25, 3.25, 4.25],
			"rotation": {"angle": 0, "axis": "y", "origin": [10.5, 7.5, 11.5]},
			"faces": {
				"north": {"uv": [0, 0, 0.3, 0.15], "texture": "#0"},
				"east": {"uv": [0, 0, 1, 0.15], "texture": "#0"},
				"south": {"uv": [0, 0, 0.3, 0.15], "texture": "#0"},
				"west": {"uv": [0, 0, 1, 0.15], "texture": "#0"},
				"up": {"uv": [0, 0, 0.3, 1], "texture": "#0"},
				"down": {"uv": [0, 0, 0.3, 1], "texture": "#0"}
			}
		},
		{
			"from": [6.75, 3.625, 3.25],
			"to": [7.05, 3.775, 4.25],
			"rotation": {"angle": 0, "axis": "y", "origin": [10.5, 7.5, 11.5]},
			"faces": {
				"north": {"uv": [0, 0, 0.3, 0.15], "texture": "#0"},
				"east": {"uv": [0, 0, 1, 0.15], "texture": "#0"},
				"south": {"uv": [0, 0, 0.3, 0.15], "texture": "#0"},
				"west": {"uv": [0, 0, 1, 0.15], "texture": "#0"},
				"up": {"uv": [0, 0, 0.3, 1], "texture": "#0"},
				"down": {"uv": [0, 0, 0.3, 1], "texture": "#0"}
			}
		},
		{
			"from": [4.75, 3.1, 3.25],
			"to": [5.05, 3.25, 4.25],
			"rotation": {"angle": 0, "axis": "y", "origin": [10.5, 7.5, 11.5]},
			"faces": {
				"north": {"uv": [0, 0, 0.3, 0.15], "texture": "#0"},
				"east": {"uv": [0, 0, 1, 0.15], "texture": "#0"},
				"south": {"uv": [0, 0, 0.3, 0.15], "texture": "#0"},
				"west": {"uv": [0, 0, 1, 0.15], "texture": "#0"},
				"up": {"uv": [0, 0, 0.3, 1], "texture": "#0"},
				"down": {"uv": [0, 0, 0.3, 1], "texture": "#0"}
			}
		},
		{
			"from": [8.95, 3.35, 3.25],
			"to": [9.25, 3.5, 4.25],
			"rotation": {"angle": 0, "axis": "y", "origin": [10.5, 7.5, 11.5]},
			"faces": {
				"north": {"uv": [0, 0, 0.3, 0.15], "texture": "#0"},
				"east": {"uv": [0, 0, 1, 0.15], "texture": "#0"},
				"south": {"uv": [0, 0, 0.3, 0.15], "texture": "#0"},
				"west": {"uv": [0, 0, 1, 0.15], "texture": "#0"},
				"up": {"uv": [0, 0, 0.3, 1], "texture": "#0"},
				"down": {"uv": [0, 0, 0.3, 1], "texture": "#0"}
			}
		},
		{
			"from": [6.75, 3.35, 3.25],
			"to": [7.05, 3.5, 4.25],
			"rotation": {"angle": 0, "axis": "y", "origin": [10.5, 7.5, 11.5]},
			"faces": {
				"north": {"uv": [0, 0, 0.3, 0.15], "texture": "#0"},
				"east": {"uv": [0, 0, 1, 0.15], "texture": "#0"},
				"south": {"uv": [0, 0, 0.3, 0.15], "texture": "#0"},
				"west": {"uv": [0, 0, 1, 0.15], "texture": "#0"},
				"up": {"uv": [0, 0, 0.3, 1], "texture": "#0"},
				"down": {"uv": [0, 0, 0.3, 1], "texture": "#0"}
			}
		},
		{
			"from": [3.5, 3, 3.25],
			"to": [4.5, 5.5, 4.25],
			"rotation": {"angle": 0, "axis": "y", "origin": [10.5, 7.5, 11.5]},
			"faces": {
				"north": {"uv": [0, 0, 1, 2.5], "texture": "#0"},
				"east": {"uv": [0, 0, 1, 2.5], "texture": "#0"},
				"south": {"uv": [0, 0, 1, 2.5], "texture": "#0"},
				"west": {"uv": [0, 0, 1, 2.5], "texture": "#0"},
				"up": {"uv": [0, 0, 1, 1], "texture": "#0"},
				"down": {"uv": [0, 0, 1, 1], "texture": "#0"}
			}
		},
		{
			"from": [7.85, 3.95, 3.15],
			"to": [8.15, 4.3, 3.25],
			"rotation": {"angle": 0, "axis": "y", "origin": [10.5, 7.5, 11.5]},
			"faces": {
				"north": {"uv": [0, 0, 0.3, 0.35], "texture": "#0"},
				"east": {"uv": [0, 0, 0.1, 0.35], "texture": "#0"},
				"south": {"uv": [0, 0, 0.3, 0.35], "texture": "#0"},
				"west": {"uv": [0, 0, 0.1, 0.35], "texture": "#0"},
				"up": {"uv": [0, 0, 0.3, 0.1], "texture": "#0"},
				"down": {"uv": [0, 0, 0.3, 0.1], "texture": "#0"}
			}
		},
		{
			"from": [7.925, 3.625, 3.15],
			"to": [8.075, 3.95, 3.25],
			"rotation": {"angle": 0, "axis": "y", "origin": [10.5, 7.5, 11.5]},
			"faces": {
				"north": {"uv": [0, 0, 0.15, 0.325], "texture": "#0"},
				"east": {"uv": [0, 0, 0.1, 0.325], "texture": "#0"},
				"south": {"uv": [0, 0, 0.15, 0.325], "texture": "#0"},
				"west": {"uv": [0, 0, 0.1, 0.325], "texture": "#0"},
				"up": {"uv": [0, 0, 0.15, 0.1], "texture": "#0"},
				"down": {"uv": [0, 0, 0.15, 0.1], "texture": "#0"}
			}
		},
		{
			"from": [7.775, 4.3, 3.15],
			"to": [8.225, 4.65, 3.25],
			"rotation": {"angle": 0, "axis": "y", "origin": [10.5, 7.5, 11.5]},
			"faces": {
				"north": {"uv": [0, 0, 0.45, 0.35], "texture": "#0"},
				"east": {"uv": [0, 0, 0.1, 0.35], "texture": "#0"},
				"south": {"uv": [0, 0, 0.45, 0.35], "texture": "#0"},
				"west": {"uv": [0, 0, 0.1, 0.35], "texture": "#0"},
				"up": {"uv": [0, 0, 0.45, 0.1], "texture": "#0"},
				"down": {"uv": [0, 0, 0.45, 0.1], "texture": "#0"}
			}
		},
		{
			"from": [7.7, 4.65, 3.15],
			"to": [8.3, 5, 3.25],
			"rotation": {"angle": 0, "axis": "y", "origin": [10.5, 7.5, 11.5]},
			"faces": {
				"north": {"uv": [0, 0, 0.6, 0.35], "texture": "#0"},
				"east": {"uv": [0, 0, 0.1, 0.35], "texture": "#0"},
				"south": {"uv": [0, 0, 0.6, 0.35], "texture": "#0"},
				"west": {"uv": [0, 0, 0.1, 0.35], "texture": "#0"},
				"up": {"uv": [0, 0, 0.6, 0.1], "texture": "#0"},
				"down": {"uv": [0, 0, 0.6, 0.1], "texture": "#0"}
			}
		},
		{
			"from": [7.625, 5, 3.15],
			"to": [8.375, 5.35, 3.25],
			"rotation": {"angle": 0, "axis": "y", "origin": [10.5, 7.5, 11.5]},
			"faces": {
				"north": {"uv": [0, 0, 0.75, 0.35], "texture": "#0"},
				"east": {"uv": [0, 0, 0.1, 0.35], "texture": "#0"},
				"south": {"uv": [0, 0, 0.75, 0.35], "texture": "#0"},
				"west": {"uv": [0, 0, 0.1, 0.35], "texture": "#0"},
				"up": {"uv": [0, 0, 0.75, 0.1], "texture": "#0"},
				"down": {"uv": [0, 0, 0.75, 0.1], "texture": "#0"}
			}
		},
		{
			"from": [7.625, 0.5, 3.15],
			"to": [8.375, 0.75, 3.25],
			"rotation": {"angle": 0, "axis": "y", "origin": [10.5, 7.5, 11.5]},
			"faces": {
				"north": {"uv": [0, 0, 0.75, 0.25], "texture": "#0"},
				"east": {"uv": [0, 0, 0.1, 0.25], "texture": "#0"},
				"south": {"uv": [0, 0, 0.75, 0.25], "texture": "#0"},
				"west": {"uv": [0, 0, 0.1, 0.25], "texture": "#0"},
				"up": {"uv": [0, 0, 0.75, 0.1], "texture": "#0"},
				"down": {"uv": [0, 0, 0.75, 0.1], "texture": "#0"}
			}
		},
		{
			"from": [7.5, 5.35, 3.15],
			"to": [8.5, 5.55, 3.25],
			"rotation": {"angle": 0, "axis": "y", "origin": [10.5, 7.5, 11.5]},
			"faces": {
				"north": {"uv": [0, 0, 1, 0.2], "texture": "#0"},
				"east": {"uv": [0, 0, 0.1, 0.2], "texture": "#0"},
				"south": {"uv": [0, 0, 1, 0.2], "texture": "#0"},
				"west": {"uv": [0, 0, 0.1, 0.2], "texture": "#0"},
				"up": {"uv": [0, 0, 1, 0.1], "texture": "#0"},
				"down": {"uv": [0, 0, 1, 0.1], "texture": "#0"}
			}
		},
		{
			"from": [7.5, 0.3, 3.15],
			"to": [8.5, 0.5, 3.25],
			"rotation": {"angle": 0, "axis": "y", "origin": [10.5, 7.5, 11.5]},
			"faces": {
				"north": {"uv": [0, 0, 1, 0.2], "texture": "#0"},
				"east": {"uv": [0, 0, 0.1, 0.2], "texture": "#0"},
				"south": {"uv": [0, 0, 1, 0.2], "texture": "#0"},
				"west": {"uv": [0, 0, 0.1, 0.2], "texture": "#0"},
				"up": {"uv": [0, 0, 1, 0.1], "texture": "#0"},
				"down": {"uv": [0, 0, 1, 0.1], "texture": "#0"}
			}
		},
		{
			"from": [7.35, 5.55, 3.15],
			"to": [8.65, 5.75, 3.25],
			"rotation": {"angle": 0, "axis": "y", "origin": [10.5, 7.5, 11.5]},
			"faces": {
				"north": {"uv": [0, 0, 1.3, 0.2], "texture": "#0"},
				"east": {"uv": [0, 0, 0.1, 0.2], "texture": "#0"},
				"south": {"uv": [0, 0, 1.3, 0.2], "texture": "#0"},
				"west": {"uv": [0, 0, 0.1, 0.2], "texture": "#0"},
				"up": {"uv": [0, 0, 1.3, 0.1], "texture": "#0"},
				"down": {"uv": [0, 0, 1.3, 0.1], "texture": "#0"}
			}
		},
		{
			"from": [7.35, -0.025, 3.15],
			"to": [8.65, 0.3, 3.25],
			"rotation": {"angle": 0, "axis": "y", "origin": [10.5, 7.5, 11.5]},
			"faces": {
				"north": {"uv": [0, 0, 1.3, 0.325], "texture": "#0"},
				"east": {"uv": [0, 0, 0.1, 0.325], "texture": "#0"},
				"south": {"uv": [0, 0, 1.3, 0.325], "texture": "#0"},
				"west": {"uv": [0, 0, 0.1, 0.325], "texture": "#0"},
				"up": {"uv": [0, 0, 1.3, 0.1], "texture": "#0"},
				"down": {"uv": [0, 0, 1.3, 0.1], "texture": "#0"}
			}
		},
		{
			"from": [7.1, 5.75, 3.15],
			"to": [8.9, 5.95, 3.25],
			"rotation": {"angle": 0, "axis": "y", "origin": [10.5, 7.5, 11.5]},
			"faces": {
				"north": {"uv": [0, 0, 1.8, 0.2], "texture": "#0"},
				"east": {"uv": [0, 0, 0.1, 0.2], "texture": "#0"},
				"south": {"uv": [0, 0, 1.8, 0.2], "texture": "#0"},
				"west": {"uv": [0, 0, 0.1, 0.2], "texture": "#0"},
				"up": {"uv": [0, 0, 1.8, 0.1], "texture": "#0"},
				"down": {"uv": [0, 0, 1.8, 0.1], "texture": "#0"}
			}
		},
		{
			"from": [6.775, 5.95, 3.15],
			"to": [9.225, 6.15, 3.25],
			"rotation": {"angle": 0, "axis": "y", "origin": [10.5, 7.5, 11.5]},
			"faces": {
				"north": {"uv": [0, 0, 2.45, 0.2], "texture": "#0"},
				"east": {"uv": [0, 0, 0.1, 0.2], "texture": "#0"},
				"south": {"uv": [0, 0, 2.45, 0.2], "texture": "#0"},
				"west": {"uv": [0, 0, 0.1, 0.2], "texture": "#0"},
				"up": {"uv": [0, 0, 2.45, 0.1], "texture": "#0"},
				"down": {"uv": [0, 0, 2.45, 0.1], "texture": "#0"}
			}
		},
		{
			"from": [6.25, 6.15, 3.15],
			"to": [9.75, 6.35, 3.25],
			"rotation": {"angle": 0, "axis": "y", "origin": [10.5, 7.5, 11.5]},
			"faces": {
				"north": {"uv": [0, 0, 3.5, 0.2], "texture": "#0"},
				"east": {"uv": [0, 0, 0.1, 0.2], "texture": "#0"},
				"south": {"uv": [0, 0, 3.5, 0.2], "texture": "#0"},
				"west": {"uv": [0, 0, 0.1, 0.2], "texture": "#0"},
				"up": {"uv": [0, 0, 3.5, 0.1], "texture": "#0"},
				"down": {"uv": [0, 0, 3.5, 0.1], "texture": "#0"}
			}
		},
		{
			"from": [5.5, 6.35, 3.15],
			"to": [10.5, 6.55, 3.25],
			"rotation": {"angle": 0, "axis": "y", "origin": [10.5, 7.5, 11.5]},
			"faces": {
				"north": {"uv": [0, 0, 5, 0.2], "texture": "#0"},
				"east": {"uv": [0, 0, 0.1, 0.2], "texture": "#0"},
				"south": {"uv": [0, 0, 5, 0.2], "texture": "#0"},
				"west": {"uv": [0, 0, 0.1, 0.2], "texture": "#0"},
				"up": {"uv": [0, 0, 5, 0.1], "texture": "#0"},
				"down": {"uv": [0, 0, 5, 0.1], "texture": "#0"}
			}
		},
		{
			"from": [4.9, 6.55, 3.15],
			"to": [11.1, 7, 3.25],
			"rotation": {"angle": 0, "axis": "y", "origin": [10.5, 7.5, 11.5]},
			"faces": {
				"north": {"uv": [0, 0, 6.2, 0.45], "texture": "#0"},
				"east": {"uv": [0, 0, 0.1, 0.45], "texture": "#0"},
				"south": {"uv": [0, 0, 6.2, 0.45], "texture": "#0"},
				"west": {"uv": [0, 0, 0.1, 0.45], "texture": "#0"},
				"up": {"uv": [0, 0, 6.2, 0.1], "texture": "#0"},
				"down": {"uv": [0, 0, 6.2, 0.1], "texture": "#0"}
			}
		},
		{
			"from": [4.4, 7, 3.15],
			"to": [11.6, 7.5, 3.25],
			"rotation": {"angle": 0, "axis": "y", "origin": [10.5, 7.5, 11.5]},
			"faces": {
				"north": {"uv": [0, 0, 7.2, 0.5], "texture": "#0"},
				"east": {"uv": [0, 0, 0.1, 0.5], "texture": "#0"},
				"south": {"uv": [0, 0, 7.2, 0.5], "texture": "#0"},
				"west": {"uv": [0, 0, 0.1, 0.5], "texture": "#0"},
				"up": {"uv": [0, 0, 7.2, 0.1], "texture": "#0"},
				"down": {"uv": [0, 0, 7.2, 0.1], "texture": "#0"}
			}
		},
		{
			"from": [4, 7.5, 3.15],
			"to": [12, 8, 3.25],
			"rotation": {"angle": 0, "axis": "y", "origin": [10.5, 7.5, 11.5]},
			"faces": {
				"north": {"uv": [0, 0, 8, 0.5], "texture": "#0"},
				"east": {"uv": [0, 0, 0.1, 0.5], "texture": "#0"},
				"south": {"uv": [0, 0, 8, 0.5], "texture": "#0"},
				"west": {"uv": [0, 0, 0.1, 0.5], "texture": "#0"},
				"up": {"uv": [0, 0, 8, 0.1], "texture": "#0"},
				"down": {"uv": [0, 0, 8, 0.1], "texture": "#0"}
			}
		},
		{
			"from": [8.9, 6.35, 3.1],
			"to": [9, 6.95, 3.15],
			"rotation": {"angle": 0, "axis": "y", "origin": [10.5, 7.5, 11.5]},
			"faces": {
				"north": {"uv": [0, 0, 8.3, 15.6], "texture": "#1"},
				"east": {"uv": [0, 0, 8.3, 15.6], "texture": "#1"},
				"south": {"uv": [0, 0, 8.3, 15.6], "texture": "#1"},
				"west": {"uv": [0, 0, 8.3, 15.6], "texture": "#1"},
				"up": {"uv": [0, 0, 8.3, 15.6], "texture": "#1"},
				"down": {"uv": [0, 0, 8.3, 15.6], "texture": "#1"}
			}
		},
		{
			"from": [7.6, 6.35, 3.1],
			"to": [7.7, 6.95, 3.15],
			"rotation": {"angle": 0, "axis": "y", "origin": [10.5, 7.5, 11.5]},
			"faces": {
				"north": {"uv": [0, 0, 8.3, 15.6], "texture": "#1"},
				"east": {"uv": [0, 0, 8.3, 15.6], "texture": "#1"},
				"south": {"uv": [0, 0, 8.3, 15.6], "texture": "#1"},
				"west": {"uv": [0, 0, 8.3, 15.6], "texture": "#1"},
				"up": {"uv": [0, 0, 8.3, 15.6], "texture": "#1"},
				"down": {"uv": [0, 0, 8.3, 15.6], "texture": "#1"}
			}
		},
		{
			"from": [8.25, 7.35, 3.1],
			"to": [8.35, 7.95, 3.15],
			"rotation": {"angle": 0, "axis": "y", "origin": [10.5, 7.5, 11.5]},
			"faces": {
				"north": {"uv": [0, 0, 8.3, 15.6], "texture": "#2"},
				"east": {"uv": [0, 0, 8.3, 15.6], "texture": "#2"},
				"south": {"uv": [0, 0, 8.3, 15.6], "texture": "#2"},
				"west": {"uv": [0, 0, 8.3, 15.6], "texture": "#2"},
				"up": {"uv": [0, 0, 8.3, 15.6], "texture": "#2"},
				"down": {"uv": [0, 0, 8.3, 15.6], "texture": "#2"}
			}
		},
		{
			"from": [8.4, 6.25, 3.1],
			"to": [8.9, 7.05, 3.15],
			"rotation": {"angle": 0, "axis": "y", "origin": [10.5, 7.5, 11.5]},
			"faces": {
				"north": {"uv": [0, 0, 8.3, 15.6], "texture": "#1"},
				"east": {"uv": [0, 0, 8.3, 15.6], "texture": "#1"},
				"south": {"uv": [0, 0, 8.3, 15.6], "texture": "#1"},
				"west": {"uv": [0, 0, 8.3, 15.6], "texture": "#1"},
				"up": {"uv": [0, 0, 8.3, 15.6], "texture": "#1"},
				"down": {"uv": [0, 0, 8.3, 15.6], "texture": "#1"}
			}
		},
		{
			"from": [7.1, 6.25, 3.1],
			"to": [7.6, 7.05, 3.15],
			"rotation": {"angle": 0, "axis": "y", "origin": [10.5, 7.5, 11.5]},
			"faces": {
				"north": {"uv": [0, 0, 8.3, 15.6], "texture": "#1"},
				"east": {"uv": [0, 0, 8.3, 15.6], "texture": "#1"},
				"south": {"uv": [0, 0, 8.3, 15.6], "texture": "#1"},
				"west": {"uv": [0, 0, 8.3, 15.6], "texture": "#1"},
				"up": {"uv": [0, 0, 8.3, 15.6], "texture": "#1"},
				"down": {"uv": [0, 0, 8.3, 15.6], "texture": "#1"}
			}
		},
		{
			"from": [7.75, 7.25, 3.1],
			"to": [8.25, 8.05, 3.15],
			"rotation": {"angle": 0, "axis": "y", "origin": [10.5, 7.5, 11.5]},
			"faces": {
				"north": {"uv": [0, 0, 8.3, 15.6], "texture": "#2"},
				"east": {"uv": [0, 0, 8.3, 15.6], "texture": "#2"},
				"south": {"uv": [0, 0, 8.3, 15.6], "texture": "#2"},
				"west": {"uv": [0, 0, 8.3, 15.6], "texture": "#2"},
				"up": {"uv": [0, 0, 8.3, 15.6], "texture": "#2"},
				"down": {"uv": [0, 0, 8.3, 15.6], "texture": "#2"}
			}
		},
		{
			"from": [8.5, 6.15, 3.1],
			"to": [8.8, 6.25, 3.15],
			"rotation": {"angle": 0, "axis": "y", "origin": [10.5, 7.5, 11.5]},
			"faces": {
				"north": {"uv": [0, 0, 8.3, 15.6], "texture": "#1"},
				"east": {"uv": [0, 0, 8.3, 15.6], "texture": "#1"},
				"south": {"uv": [0, 0, 8.3, 15.6], "texture": "#1"},
				"west": {"uv": [0, 0, 8.3, 15.6], "texture": "#1"},
				"up": {"uv": [0, 0, 8.3, 15.6], "texture": "#1"},
				"down": {"uv": [0, 0, 8.3, 15.6], "texture": "#1"}
			}
		},
		{
			"from": [7.2, 6.15, 3.1],
			"to": [7.5, 6.25, 3.15],
			"rotation": {"angle": 0, "axis": "y", "origin": [10.5, 7.5, 11.5]},
			"faces": {
				"north": {"uv": [0, 0, 8.3, 15.6], "texture": "#1"},
				"east": {"uv": [0, 0, 8.3, 15.6], "texture": "#1"},
				"south": {"uv": [0, 0, 8.3, 15.6], "texture": "#1"},
				"west": {"uv": [0, 0, 8.3, 15.6], "texture": "#1"},
				"up": {"uv": [0, 0, 8.3, 15.6], "texture": "#1"},
				"down": {"uv": [0, 0, 8.3, 15.6], "texture": "#1"}
			}
		},
		{
			"from": [7.85, 7.15, 3.1],
			"to": [8.15, 7.25, 3.15],
			"rotation": {"angle": 0, "axis": "y", "origin": [10.5, 7.5, 11.5]},
			"faces": {
				"north": {"uv": [0, 0, 8.3, 15.6], "texture": "#2"},
				"east": {"uv": [0, 0, 8.3, 15.6], "texture": "#2"},
				"south": {"uv": [0, 0, 8.3, 15.6], "texture": "#2"},
				"west": {"uv": [0, 0, 8.3, 15.6], "texture": "#2"},
				"up": {"uv": [0, 0, 8.3, 15.6], "texture": "#2"},
				"down": {"uv": [0, 0, 8.3, 15.6], "texture": "#2"}
			}
		},
		{
			"from": [8.3, 6.35, 3.1],
			"to": [8.4, 6.95, 3.15],
			"rotation": {"angle": 0, "axis": "y", "origin": [10.5, 7.5, 11.5]},
			"faces": {
				"north": {"uv": [0, 0, 8.3, 15.6], "texture": "#1"},
				"east": {"uv": [0, 0, 8.3, 15.6], "texture": "#1"},
				"south": {"uv": [0, 0, 8.3, 15.6], "texture": "#1"},
				"west": {"uv": [0, 0, 8.3, 15.6], "texture": "#1"},
				"up": {"uv": [0, 0, 8.3, 15.6], "texture": "#1"},
				"down": {"uv": [0, 0, 8.3, 15.6], "texture": "#1"}
			}
		},
		{
			"from": [7, 6.35, 3.1],
			"to": [7.1, 6.95, 3.15],
			"rotation": {"angle": 0, "axis": "y", "origin": [10.5, 7.5, 11.5]},
			"faces": {
				"north": {"uv": [0, 0, 8.3, 15.6], "texture": "#1"},
				"east": {"uv": [0, 0, 8.3, 15.6], "texture": "#1"},
				"south": {"uv": [0, 0, 8.3, 15.6], "texture": "#1"},
				"west": {"uv": [0, 0, 8.3, 15.6], "texture": "#1"},
				"up": {"uv": [0, 0, 8.3, 15.6], "texture": "#1"},
				"down": {"uv": [0, 0, 8.3, 15.6], "texture": "#1"}
			}
		},
		{
			"from": [7.65, 7.35, 3.1],
			"to": [7.75, 7.95, 3.15],
			"rotation": {"angle": 0, "axis": "y", "origin": [10.5, 7.5, 11.5]},
			"faces": {
				"north": {"uv": [0, 0, 8.3, 15.6], "texture": "#2"},
				"east": {"uv": [0, 0, 8.3, 15.6], "texture": "#2"},
				"south": {"uv": [0, 0, 8.3, 15.6], "texture": "#2"},
				"west": {"uv": [0, 0, 8.3, 15.6], "texture": "#2"},
				"up": {"uv": [0, 0, 8.3, 15.6], "texture": "#2"},
				"down": {"uv": [0, 0, 8.3, 15.6], "texture": "#2"}
			}
		},
		{
			"from": [8.4, 6.45, 3.05],
			"to": [8.5, 6.85, 3.1],
			"rotation": {"angle": 0, "axis": "y", "origin": [10.5, 7.5, 11.5]},
			"faces": {
				"north": {"uv": [0, 0, 8.3, 15.6], "texture": "#1"},
				"east": {"uv": [0, 0, 8.3, 15.6], "texture": "#1"},
				"south": {"uv": [0, 0, 8.3, 15.6], "texture": "#1"},
				"west": {"uv": [0, 0, 8.3, 15.6], "texture": "#1"},
				"up": {"uv": [0, 0, 8.3, 15.6], "texture": "#1"},
				"down": {"uv": [0, 0, 8.3, 15.6], "texture": "#1"}
			}
		},
		{
			"from": [7.1, 6.45, 3.05],
			"to": [7.2, 6.85, 3.1],
			"rotation": {"angle": 0, "axis": "y", "origin": [10.5, 7.5, 11.5]},
			"faces": {
				"north": {"uv": [0, 0, 8.3, 15.6], "texture": "#1"},
				"east": {"uv": [0, 0, 8.3, 15.6], "texture": "#1"},
				"south": {"uv": [0, 0, 8.3, 15.6], "texture": "#1"},
				"west": {"uv": [0, 0, 8.3, 15.6], "texture": "#1"},
				"up": {"uv": [0, 0, 8.3, 15.6], "texture": "#1"},
				"down": {"uv": [0, 0, 8.3, 15.6], "texture": "#1"}
			}
		},
		{
			"from": [7.75, 7.45, 3.05],
			"to": [7.85, 7.85, 3.1],
			"rotation": {"angle": 0, "axis": "y", "origin": [10.5, 7.5, 11.5]},
			"faces": {
				"north": {"uv": [0, 0, 8.3, 15.6], "texture": "#2"},
				"east": {"uv": [0, 0, 8.3, 15.6], "texture": "#2"},
				"south": {"uv": [0, 0, 8.3, 15.6], "texture": "#2"},
				"west": {"uv": [0, 0, 8.3, 15.6], "texture": "#2"},
				"up": {"uv": [0, 0, 8.3, 15.6], "texture": "#2"},
				"down": {"uv": [0, 0, 8.3, 15.6], "texture": "#2"}
			}
		},
		{
			"from": [8.5, 6.35, 3.05],
			"to": [8.8, 6.95, 3.1],
			"rotation": {"angle": 0, "axis": "y", "origin": [10.5, 7.5, 11.5]},
			"faces": {
				"north": {"uv": [0, 0, 8.3, 15.6], "texture": "#1"},
				"east": {"uv": [0, 0, 8.3, 15.6], "texture": "#1"},
				"south": {"uv": [0, 0, 8.3, 15.6], "texture": "#1"},
				"west": {"uv": [0, 0, 8.3, 15.6], "texture": "#1"},
				"up": {"uv": [0, 0, 8.3, 15.6], "texture": "#1"},
				"down": {"uv": [0, 0, 8.3, 15.6], "texture": "#1"}
			}
		},
		{
			"from": [7.2, 6.35, 3.05],
			"to": [7.5, 6.95, 3.1],
			"rotation": {"angle": 0, "axis": "y", "origin": [10.5, 7.5, 11.5]},
			"faces": {
				"north": {"uv": [0, 0, 8.3, 15.6], "texture": "#1"},
				"east": {"uv": [0, 0, 8.3, 15.6], "texture": "#1"},
				"south": {"uv": [0, 0, 8.3, 15.6], "texture": "#1"},
				"west": {"uv": [0, 0, 8.3, 15.6], "texture": "#1"},
				"up": {"uv": [0, 0, 8.3, 15.6], "texture": "#1"},
				"down": {"uv": [0, 0, 8.3, 15.6], "texture": "#1"}
			}
		},
		{
			"from": [7.85, 7.35, 3.05],
			"to": [8.15, 7.95, 3.1],
			"rotation": {"angle": 0, "axis": "y", "origin": [10.5, 7.5, 11.5]},
			"faces": {
				"north": {"uv": [0, 0, 8.3, 15.6], "texture": "#2"},
				"east": {"uv": [0, 0, 8.3, 15.6], "texture": "#2"},
				"south": {"uv": [0, 0, 8.3, 15.6], "texture": "#2"},
				"west": {"uv": [0, 0, 8.3, 15.6], "texture": "#2"},
				"up": {"uv": [0, 0, 8.3, 15.6], "texture": "#2"},
				"down": {"uv": [0, 0, 8.3, 15.6], "texture": "#2"}
			}
		},
		{
			"from": [8.8, 6.45, 3.05],
			"to": [8.9, 6.85, 3.1],
			"rotation": {"angle": 0, "axis": "y", "origin": [10.5, 7.5, 11.5]},
			"faces": {
				"north": {"uv": [0, 0, 8.3, 15.6], "texture": "#1"},
				"east": {"uv": [0, 0, 8.3, 15.6], "texture": "#1"},
				"south": {"uv": [0, 0, 8.3, 15.6], "texture": "#1"},
				"west": {"uv": [0, 0, 8.3, 15.6], "texture": "#1"},
				"up": {"uv": [0, 0, 8.3, 15.6], "texture": "#1"},
				"down": {"uv": [0, 0, 8.3, 15.6], "texture": "#1"}
			}
		},
		{
			"from": [7.5, 6.45, 3.05],
			"to": [7.6, 6.85, 3.1],
			"rotation": {"angle": 0, "axis": "y", "origin": [10.5, 7.5, 11.5]},
			"faces": {
				"north": {"uv": [0, 0, 8.3, 15.6], "texture": "#1"},
				"east": {"uv": [0, 0, 8.3, 15.6], "texture": "#1"},
				"south": {"uv": [0, 0, 8.3, 15.6], "texture": "#1"},
				"west": {"uv": [0, 0, 8.3, 15.6], "texture": "#1"},
				"up": {"uv": [0, 0, 8.3, 15.6], "texture": "#1"},
				"down": {"uv": [0, 0, 8.3, 15.6], "texture": "#1"}
			}
		},
		{
			"from": [8.15, 7.45, 3.05],
			"to": [8.25, 7.85, 3.1],
			"rotation": {"angle": 0, "axis": "y", "origin": [10.5, 7.5, 11.5]},
			"faces": {
				"north": {"uv": [0, 0, 8.3, 15.6], "texture": "#2"},
				"east": {"uv": [0, 0, 8.3, 15.6], "texture": "#2"},
				"south": {"uv": [0, 0, 8.3, 15.6], "texture": "#2"},
				"west": {"uv": [0, 0, 8.3, 15.6], "texture": "#2"},
				"up": {"uv": [0, 0, 8.3, 15.6], "texture": "#2"},
				"down": {"uv": [0, 0, 8.3, 15.6], "texture": "#2"}
			}
		},
		{
			"from": [8.5, 7.05, 3.1],
			"to": [8.8, 7.15, 3.15],
			"rotation": {"angle": 0, "axis": "y", "origin": [10.5, 7.5, 11.5]},
			"faces": {
				"north": {"uv": [0, 0, 8.3, 15.6], "texture": "#1"},
				"east": {"uv": [0, 0, 8.3, 15.6], "texture": "#1"},
				"south": {"uv": [0, 0, 8.3, 15.6], "texture": "#1"},
				"west": {"uv": [0, 0, 8.3, 15.6], "texture": "#1"},
				"up": {"uv": [0, 0, 8.3, 15.6], "texture": "#1"},
				"down": {"uv": [0, 0, 8.3, 15.6], "texture": "#1"}
			}
		},
		{
			"from": [7.2, 7.05, 3.1],
			"to": [7.5, 7.15, 3.15],
			"rotation": {"angle": 0, "axis": "y", "origin": [10.5, 7.5, 11.5]},
			"faces": {
				"north": {"uv": [0, 0, 8.3, 15.6], "texture": "#1"},
				"east": {"uv": [0, 0, 8.3, 15.6], "texture": "#1"},
				"south": {"uv": [0, 0, 8.3, 15.6], "texture": "#1"},
				"west": {"uv": [0, 0, 8.3, 15.6], "texture": "#1"},
				"up": {"uv": [0, 0, 8.3, 15.6], "texture": "#1"},
				"down": {"uv": [0, 0, 8.3, 15.6], "texture": "#1"}
			}
		},
		{
			"from": [7.85, 8.05, 3.1],
			"to": [8.15, 8.15, 3.15],
			"rotation": {"angle": 0, "axis": "y", "origin": [10.5, 7.5, 11.5]},
			"faces": {
				"north": {"uv": [0, 0, 8.3, 15.6], "texture": "#2"},
				"east": {"uv": [0, 0, 8.3, 15.6], "texture": "#2"},
				"south": {"uv": [0, 0, 8.3, 15.6], "texture": "#2"},
				"west": {"uv": [0, 0, 8.3, 15.6], "texture": "#2"},
				"up": {"uv": [0, 0, 8.3, 15.6], "texture": "#2"},
				"down": {"uv": [0, 0, 8.3, 15.6], "texture": "#2"}
			}
		},
		{
			"from": [8.6, 6.25, 3.05],
			"to": [8.7, 6.35, 3.1],
			"rotation": {"angle": 0, "axis": "y", "origin": [10.5, 7.5, 11.5]},
			"faces": {
				"north": {"uv": [0, 0, 8.3, 15.6], "texture": "#1"},
				"east": {"uv": [0, 0, 8.3, 15.6], "texture": "#1"},
				"south": {"uv": [0, 0, 8.3, 15.6], "texture": "#1"},
				"west": {"uv": [0, 0, 8.3, 15.6], "texture": "#1"},
				"up": {"uv": [0, 0, 8.3, 15.6], "texture": "#1"},
				"down": {"uv": [0, 0, 8.3, 15.6], "texture": "#1"}
			}
		},
		{
			"from": [7.3, 6.25, 3.05],
			"to": [7.4, 6.35, 3.1],
			"rotation": {"angle": 0, "axis": "y", "origin": [10.5, 7.5, 11.5]},
			"faces": {
				"north": {"uv": [0, 0, 8.3, 15.6], "texture": "#1"},
				"east": {"uv": [0, 0, 8.3, 15.6], "texture": "#1"},
				"south": {"uv": [0, 0, 8.3, 15.6], "texture": "#1"},
				"west": {"uv": [0, 0, 8.3, 15.6], "texture": "#1"},
				"up": {"uv": [0, 0, 8.3, 15.6], "texture": "#1"},
				"down": {"uv": [0, 0, 8.3, 15.6], "texture": "#1"}
			}
		},
		{
			"from": [7.95, 7.25, 3.05],
			"to": [8.05, 7.35, 3.1],
			"rotation": {"angle": 0, "axis": "y", "origin": [10.5, 7.5, 11.5]},
			"faces": {
				"north": {"uv": [0, 0, 8.3, 15.6], "texture": "#2"},
				"east": {"uv": [0, 0, 8.3, 15.6], "texture": "#2"},
				"south": {"uv": [0, 0, 8.3, 15.6], "texture": "#2"},
				"west": {"uv": [0, 0, 8.3, 15.6], "texture": "#2"},
				"up": {"uv": [0, 0, 8.3, 15.6], "texture": "#2"},
				"down": {"uv": [0, 0, 8.3, 15.6], "texture": "#2"}
			}
		},
		{
			"from": [8.6, 6.95, 3.05],
			"to": [8.7, 7.05, 3.1],
			"rotation": {"angle": 0, "axis": "y", "origin": [10.5, 7.5, 11.5]},
			"faces": {
				"north": {"uv": [0, 0, 8.3, 15.6], "texture": "#1"},
				"east": {"uv": [0, 0, 8.3, 15.6], "texture": "#1"},
				"south": {"uv": [0, 0, 8.3, 15.6], "texture": "#1"},
				"west": {"uv": [0, 0, 8.3, 15.6], "texture": "#1"},
				"up": {"uv": [0, 0, 8.3, 15.6], "texture": "#1"},
				"down": {"uv": [0, 0, 8.3, 15.6], "texture": "#1"}
			}
		},
		{
			"from": [7.3, 6.95, 3.05],
			"to": [7.4, 7.05, 3.1],
			"rotation": {"angle": 0, "axis": "y", "origin": [10.5, 7.5, 11.5]},
			"faces": {
				"north": {"uv": [0, 0, 8.3, 15.6], "texture": "#1"},
				"east": {"uv": [0, 0, 8.3, 15.6], "texture": "#1"},
				"south": {"uv": [0, 0, 8.3, 15.6], "texture": "#1"},
				"west": {"uv": [0, 0, 8.3, 15.6], "texture": "#1"},
				"up": {"uv": [0, 0, 8.3, 15.6], "texture": "#1"},
				"down": {"uv": [0, 0, 8.3, 15.6], "texture": "#1"}
			}
		},
		{
			"from": [7.95, 7.95, 3.05],
			"to": [8.05, 8.05, 3.1],
			"rotation": {"angle": 0, "axis": "y", "origin": [10.5, 7.5, 11.5]},
			"faces": {
				"north": {"uv": [0, 0, 8.3, 15.6], "texture": "#2"},
				"east": {"uv": [0, 0, 8.3, 15.6], "texture": "#2"},
				"south": {"uv": [0, 0, 8.3, 15.6], "texture": "#2"},
				"west": {"uv": [0, 0, 8.3, 15.6], "texture": "#2"},
				"up": {"uv": [0, 0, 8.3, 15.6], "texture": "#2"},
				"down": {"uv": [0, 0, 8.3, 15.6], "texture": "#2"}
			}
		},
		{
			"name": "hood",
			"from": [8.35, 8.725, 8.3],
			"to": [13.25, 16.05, 8.3],
			"faces": {
				"north": {"uv": [0, 0, 16, 16], "texture": "#4"},
				"east": {"uv": [0, 0, 16, 16], "texture": "#4"},
				"south": {"uv": [0, 0, 16, 16], "texture": "#4"},
				"west": {"uv": [0, 0, 16, 16], "texture": "#4"},
				"up": {"uv": [0, 0, 16, 16], "rotation": 270, "texture": "#4"},
				"down": {"uv": [0, 0, 16, 16], "rotation": 90, "texture": "#4"}
			}
		},
		{
			"name": "hood",
			"from": [3.45, 8.725, 8.3],
			"to": [7.65, 16.05, 8.3],
			"faces": {
				"north": {"uv": [0, 0, 16, 16], "texture": "#4"},
				"east": {"uv": [0, 0, 16, 16], "texture": "#4"},
				"south": {"uv": [0, 0, 16, 16], "texture": "#4"},
				"west": {"uv": [0, 0, 16, 16], "texture": "#4"},
				"up": {"uv": [0, 0, 16, 16], "rotation": 270, "texture": "#4"},
				"down": {"uv": [0, 0, 16, 16], "rotation": 90, "texture": "#4"}
			}
		},
		{
			"name": "hood",
			"from": [5.47929, 9.69277, 8.31],
			"to": [9.67929, 17.81777, 8.31],
			"rotation": {"angle": 45, "axis": "z", "origin": [8, 8, 8]},
			"faces": {
				"north": {"uv": [0, 0, 16, 16], "texture": "#4"},
				"east": {"uv": [0, 0, 16, 16], "texture": "#4"},
				"south": {"uv": [0, 0, 16, 16], "texture": "#4"},
				"west": {"uv": [0, 0, 16, 16], "texture": "#4"},
				"up": {"uv": [0, 0, 16, 16], "rotation": 270, "texture": "#4"},
				"down": {"uv": [0, 0, 16, 16], "rotation": 90, "texture": "#4"}
			}
		},
		{
			"name": "hood",
			"from": [11.18918, 10.13471, 8.31],
			"to": [14.78918, 18.25971, 8.31],
			"rotation": {"angle": -45, "axis": "z", "origin": [8, 8, 8]},
			"faces": {
				"north": {"uv": [0, 0, 16, 16], "texture": "#4"},
				"east": {"uv": [0, 0, 16, 16], "texture": "#4"},
				"south": {"uv": [0, 0, 16, 16], "texture": "#4"},
				"west": {"uv": [0, 0, 16, 16], "texture": "#4"},
				"up": {"uv": [0, 0, 16, 16], "rotation": 270, "texture": "#4"},
				"down": {"uv": [0, 0, 16, 16], "rotation": 90, "texture": "#4"}
			}
		},
		{
			"name": "hood",
			"from": [1.21082, 10.13471, 8.31],
			"to": [4.81082, 18.25971, 8.31],
			"rotation": {"angle": 45, "axis": "z", "origin": [8, 8, 8]},
			"faces": {
				"north": {"uv": [0, 0, 16, 16], "texture": "#4"},
				"east": {"uv": [0, 0, 16, 16], "texture": "#4"},
				"south": {"uv": [0, 0, 16, 16], "texture": "#4"},
				"west": {"uv": [0, 0, 16, 16], "texture": "#4"},
				"up": {"uv": [0, 0, 16, 16], "rotation": 90, "texture": "#4"},
				"down": {"uv": [0, 0, 16, 16], "rotation": 270, "texture": "#4"}
			}
		},
		{
			"name": "hood",
			"from": [12.13471, 4.91082, 8.29],
			"to": [20.25971, 9.81082, 8.29],
			"faces": {
				"north": {"uv": [0, 0, 16, 16], "rotation": 270, "texture": "#4"},
				"east": {"uv": [0, 0, 16, 16], "texture": "#4"},
				"south": {"uv": [0, 0, 16, 16], "rotation": 90, "texture": "#4"},
				"west": {"uv": [0, 0, 16, 16], "rotation": 180, "texture": "#4"},
				"up": {"uv": [0, 0, 16, 16], "rotation": 90, "texture": "#4"},
				"down": {"uv": [0, 0, 16, 16], "rotation": 90, "texture": "#4"}
			}
		},
		{
			"name": "hood",
			"from": [-4.25971, 4.91082, 8.29],
			"to": [3.86529, 9.81082, 8.29],
			"faces": {
				"north": {"uv": [0, 0, 16, 16], "rotation": 90, "texture": "#4"},
				"east": {"uv": [0, 0, 16, 16], "rotation": 180, "texture": "#4"},
				"south": {"uv": [0, 0, 16, 16], "rotation": 270, "texture": "#4"},
				"west": {"uv": [0, 0, 16, 16], "texture": "#4"},
				"up": {"uv": [0, 0, 16, 16], "rotation": 270, "texture": "#4"},
				"down": {"uv": [0, 0, 16, 16], "rotation": 270, "texture": "#4"}
			}
		},
		{
			"name": "hood",
			"from": [6.31014, 9.78116, 8.31],
			"to": [10.51014, 17.90616, 8.31],
			"rotation": {"angle": -45, "axis": "z", "origin": [8, 8, 8]},
			"faces": {
				"north": {"uv": [0, 0, 16, 16], "texture": "#4"},
				"east": {"uv": [0, 0, 16, 16], "texture": "#4"},
				"south": {"uv": [0, 0, 16, 16], "texture": "#4"},
				"west": {"uv": [0, 0, 16, 16], "texture": "#4"},
				"up": {"uv": [0, 0, 16, 16], "rotation": 270, "texture": "#4"},
				"down": {"uv": [0, 0, 16, 16], "rotation": 90, "texture": "#4"}
			}
		},
		{
			"name": "hood",
			"from": [7.675, 9.44375, 7.975],
			"to": [8.325, 15.79375, 8.625],
			"rotation": {"angle": 0, "axis": "y", "origin": [7.925, 4.96875, 7.675]},
			"faces": {
				"north": {"uv": [0, 0, 16, 16], "texture": "#5"},
				"east": {"uv": [0, 0, 16, 16], "texture": "#5"},
				"south": {"uv": [0, 0, 16, 16], "texture": "#5"},
				"west": {"uv": [0, 0, 16, 16], "texture": "#5"},
				"up": {"uv": [0, 0, 16, 16], "texture": "#5"},
				"down": {"uv": [0, 0, 16, 16], "texture": "#5"}
			}
		},
		{
			"name": "hood",
			"from": [-3.575, 4.25, 8],
			"to": [3.025, 4.9, 8.65],
			"faces": {
				"north": {"uv": [0, 0, 16, 16], "rotation": 90, "texture": "#5"},
				"east": {"uv": [0, 0, 16, 16], "rotation": 270, "texture": "#5"},
				"south": {"uv": [0, 0, 16, 16], "rotation": 270, "texture": "#5"},
				"west": {"uv": [0, 0, 16, 16], "rotation": 270, "texture": "#5"},
				"up": {"uv": [0, 0, 16, 16], "rotation": 270, "texture": "#5"},
				"down": {"uv": [0, 0, 16, 16], "rotation": 270, "texture": "#5"}
			}
		},
		{
			"name": "hood",
			"from": [12.975, 4.25, 7.95],
			"to": [19.575, 4.9, 8.6],
			"faces": {
				"north": {"uv": [0, 0, 16, 16], "rotation": 270, "texture": "#5"},
				"east": {"uv": [0, 0, 16, 16], "rotation": 270, "texture": "#5"},
				"south": {"uv": [0, 0, 16, 16], "rotation": 90, "texture": "#5"},
				"west": {"uv": [0, 0, 16, 16], "rotation": 270, "texture": "#5"},
				"up": {"uv": [0, 0, 16, 16], "rotation": 90, "texture": "#5"},
				"down": {"uv": [0, 0, 16, 16], "rotation": 90, "texture": "#5"}
			}
		},
		{
			"name": "hood",
			"from": [4.79731, 11.73774, 8],
			"to": [5.44731, 17.58774, 8.65],
			"rotation": {"angle": 45, "axis": "z", "origin": [8, 8, 8]},
			"faces": {
				"north": {"uv": [0, 0, 16, 16], "texture": "#5"},
				"east": {"uv": [0, 0, 16, 16], "texture": "#5"},
				"south": {"uv": [0, 0, 16, 16], "texture": "#5"},
				"west": {"uv": [0, 0, 16, 16], "texture": "#5"},
				"up": {"uv": [0, 0, 16, 16], "texture": "#5"},
				"down": {"uv": [0, 0, 16, 16], "texture": "#5"}
			}
		},
		{
			"name": "hood",
			"from": [10.52487, 11.73774, 8],
			"to": [11.17487, 17.83774, 8.65],
			"rotation": {"angle": -45, "axis": "z", "origin": [8, 8, 8]},
			"faces": {
				"north": {"uv": [0, 0, 16, 16], "texture": "#5"},
				"east": {"uv": [0, 0, 16, 16], "texture": "#5"},
				"south": {"uv": [0, 0, 16, 16], "texture": "#5"},
				"west": {"uv": [0, 0, 16, 16], "texture": "#5"},
				"up": {"uv": [0, 0, 16, 16], "texture": "#5"},
				"down": {"uv": [0, 0, 16, 16], "texture": "#5"}
			}
		},
		{
			"name": "hood",
			"from": [7.425, 9.06875, 7.725],
			"to": [8.575, 9.44375, 8.875],
			"rotation": {"angle": 0, "axis": "y", "origin": [7.925, 4.96875, 7.675]},
			"faces": {
				"north": {"uv": [0, 0, 1.15, 0.375], "texture": "#6"},
				"east": {"uv": [0, 0, 1.15, 0.375], "texture": "#6"},
				"south": {"uv": [0, 0, 1.15, 0.375], "texture": "#6"},
				"west": {"uv": [0, 0, 1.15, 0.375], "texture": "#6"},
				"up": {"uv": [0, 0, 1.15, 1.15], "texture": "#6"},
				"down": {"uv": [0, 0, 1.15, 1.15], "texture": "#6"}
			}
		},
		{
			"name": "hood",
			"from": [3.025, 4, 7.75],
			"to": [3.4, 5.15, 8.9],
			"faces": {
				"north": {"uv": [0, 0, 1.15, 0.375], "rotation": 90, "texture": "#6"},
				"east": {"uv": [0, 0, 1.15, 1.15], "rotation": 270, "texture": "#6"},
				"south": {"uv": [0, 0, 1.15, 0.375], "rotation": 270, "texture": "#6"},
				"west": {"uv": [0, 0, 1.15, 1.15], "rotation": 270, "texture": "#6"},
				"up": {"uv": [0, 0, 1.15, 0.375], "rotation": 270, "texture": "#6"},
				"down": {"uv": [0, 0, 1.15, 0.375], "rotation": 270, "texture": "#6"}
			}
		},
		{
			"name": "hood",
			"from": [12.6, 4, 7.7],
			"to": [12.975, 5.15, 8.85],
			"faces": {
				"north": {"uv": [0, 0, 1.15, 0.375], "rotation": 270, "texture": "#6"},
				"east": {"uv": [0, 0, 1.15, 1.15], "rotation": 270, "texture": "#6"},
				"south": {"uv": [0, 0, 1.15, 0.375], "rotation": 90, "texture": "#6"},
				"west": {"uv": [0, 0, 1.15, 1.15], "rotation": 270, "texture": "#6"},
				"up": {"uv": [0, 0, 1.15, 0.375], "rotation": 90, "texture": "#6"},
				"down": {"uv": [0, 0, 1.15, 0.375], "rotation": 90, "texture": "#6"}
			}
		},
		{
			"name": "hood",
			"from": [4.54731, 10.76274, 7.75],
			"to": [5.69731, 11.73774, 8.9],
			"rotation": {"angle": 45, "axis": "z", "origin": [8, 8, 8]},
			"faces": {
				"north": {"uv": [0, 0, 1.15, 0.975], "texture": "#6"},
				"east": {"uv": [0, 0, 1.15, 0.975], "texture": "#6"},
				"south": {"uv": [0, 0, 1.15, 0.975], "texture": "#6"},
				"west": {"uv": [0, 0, 1.15, 0.975], "texture": "#6"},
				"up": {"uv": [0, 0, 1.15, 1.15], "texture": "#6"},
				"down": {"uv": [0, 0, 1.15, 1.15], "texture": "#6"}
			}
		},
		{
			"name": "hood",
			"from": [10.27487, 10.76274, 7.75],
			"to": [11.42487, 11.73774, 8.9],
			"rotation": {"angle": -45, "axis": "z", "origin": [8, 8, 8]},
			"faces": {
				"north": {"uv": [0, 0, 1.15, 0.975], "texture": "#6"},
				"east": {"uv": [0, 0, 1.15, 0.975], "texture": "#6"},
				"south": {"uv": [0, 0, 1.15, 0.975], "texture": "#6"},
				"west": {"uv": [0, 0, 1.15, 0.975], "texture": "#6"},
				"up": {"uv": [0, 0, 1.15, 1.15], "texture": "#6"},
				"down": {"uv": [0, 0, 1.15, 1.15], "texture": "#6"}
			}
		},
		{
			"name": "facemask",
			"from": [3.7, 0, 3.5],
			"to": [12.325, 3.475, 5.25],
			"faces": {
				"north": {"uv": [0, 0, 8.625, 3.475], "texture": "#6"},
				"east": {"uv": [0, 0, 1.75, 3.475], "texture": "#6"},
				"south": {"uv": [0, 0, 8.625, 3.475], "texture": "#6"},
				"west": {"uv": [0, 0, 1.75, 3.475], "texture": "#6"},
				"up": {"uv": [0, 0, 8.625, 1.75], "texture": "#6"},
				"down": {"uv": [0, 0, 8.625, 1.75], "texture": "#6"}
			}
		},
		{
			"name": "hood",
			"from": [12.6, 0.1, 3.5],
			"to": [12.6, 8.6, 12.6],
			"faces": {
				"north": {"uv": [0, 0, 0, 8.5], "texture": "#3"},
				"east": {"uv": [0, 0, 9.1, 8.5], "texture": "#3"},
				"south": {"uv": [0, 0, 0, 8.5], "texture": "#3"},
				"west": {"uv": [0, 0, 9.1, 8.5], "texture": "#3"},
				"up": {"uv": [0, 0, 0, 9.1], "texture": "#3"},
				"down": {"uv": [0, 0, 0, 9.1], "texture": "#3"}
			}
		},
		{
			"name": "hood",
			"from": [3.4, 8.6, 3.5],
			"to": [12.6, 8.6, 12.6],
			"faces": {
				"north": {"uv": [0, 0, 9.2, 0], "texture": "#3"},
				"east": {"uv": [0, 0, 9.1, 0], "texture": "#3"},
				"south": {"uv": [0, 0, 9.2, 0], "texture": "#3"},
				"west": {"uv": [0, 0, 9.1, 0], "texture": "#3"},
				"up": {"uv": [0, 0, 9.2, 9.1], "texture": "#3"},
				"down": {"uv": [0, 0, 9.2, 9.1], "texture": "#3"}
			}
		},
		{
			"name": "hood",
			"from": [5.9, 0.575, 12.6],
			"to": [10.6, 8.575, 12.95],
			"faces": {
				"north": {"uv": [0, 0, 4.7, 8], "texture": "#0"},
				"east": {"uv": [0, 0, 0.35, 8], "texture": "#0"},
				"south": {"uv": [0, 0, 4.7, 8], "texture": "#0"},
				"west": {"uv": [0, 0, 0.35, 8], "texture": "#0"},
				"up": {"uv": [0, 0, 4.7, 0.35], "texture": "#0"},
				"down": {"uv": [0, 0, 4.7, 0.35], "texture": "#0"}
			}
		},
		{
			"name": "hood",
			"from": [5.65, 8.5125, 3.475],
			"to": [10.35, 9.0375, 12.925],
			"faces": {
				"north": {"uv": [0, 0, 4.7, 0.525], "texture": "#0"},
				"east": {"uv": [0, 0, 9.45, 0.525], "texture": "#0"},
				"south": {"uv": [0, 0, 4.7, 0.525], "texture": "#0"},
				"west": {"uv": [0, 0, 9.45, 0.525], "texture": "#0"},
				"up": {"uv": [0, 0, 4.7, 9.45], "texture": "#0"},
				"down": {"uv": [0, 0, 4.7, 9.45], "texture": "#0"}
			}
		},
		{
			"name": "hood",
			"from": [3.4, 0.1, 3.5],
			"to": [3.4, 8.6, 12.6],
			"faces": {
				"north": {"uv": [0, 0, 0, 8.5], "texture": "#3"},
				"east": {"uv": [0, 0, 9.1, 8.5], "texture": "#3"},
				"south": {"uv": [0, 0, 0, 8.5], "texture": "#3"},
				"west": {"uv": [0, 0, 9.1, 8.5], "texture": "#3"},
				"up": {"uv": [0, 0, 0, 9.1], "texture": "#3"},
				"down": {"uv": [0, 0, 0, 9.1], "texture": "#3"}
			}
		},
		{
			"name": "hood",
			"from": [3.4, 0.1, 12.6],
			"to": [12.6, 8.6, 12.6],
			"faces": {
				"north": {"uv": [0, 0, 9.2, 8.5], "texture": "#3"},
				"east": {"uv": [0, 0, 0, 8.5], "texture": "#3"},
				"south": {"uv": [0, 0, 9.2, 8.5], "texture": "#3"},
				"west": {"uv": [0, 0, 0, 8.5], "texture": "#3"},
				"up": {"uv": [0, 0, 9.2, 0], "texture": "#3"},
				"down": {"uv": [0, 0, 9.2, 0], "texture": "#3"}
			}
		},
		{
			"name": "hood",
			"from": [12.15, 8.1, 3.5],
			"to": [12.6, 8.6, 3.5],
			"faces": {
				"north": {"uv": [0, 0, 0.45, 0.5], "texture": "#3"},
				"east": {"uv": [0, 0, 0, 0.5], "texture": "#3"},
				"south": {"uv": [0, 0, 0.45, 0.5], "texture": "#3"},
				"west": {"uv": [0, 0, 0, 0.5], "texture": "#3"},
				"up": {"uv": [0, 0, 0.45, 0], "texture": "#3"},
				"down": {"uv": [0, 0, 0.45, 0], "texture": "#3"}
			}
		},
		{
			"name": "hood",
			"from": [3.4, 8.1, 3.5],
			"to": [3.85, 8.6, 3.5],
			"faces": {
				"north": {"uv": [0, 0, 0.45, 0.5], "texture": "#3"},
				"east": {"uv": [0, 0, 0, 0.5], "texture": "#3"},
				"south": {"uv": [0, 0, 0.45, 0.5], "texture": "#3"},
				"west": {"uv": [0, 0, 0, 0.5], "texture": "#3"},
				"up": {"uv": [0, 0, 0.45, 0], "texture": "#3"},
				"down": {"uv": [0, 0, 0.45, 0], "texture": "#3"}
			}
		},
		{
			"name": "hood",
			"from": [3.4, 0.1, 12],
			"to": [12.6, 0.1, 12.6],
			"faces": {
				"north": {"uv": [0, 0, 9.2, 0], "texture": "#3"},
				"east": {"uv": [0, 0, 0.6, 0], "texture": "#3"},
				"south": {"uv": [0, 0, 9.2, 0], "texture": "#3"},
				"west": {"uv": [0, 0, 0.6, 0], "texture": "#3"},
				"up": {"uv": [0, 0, 9.2, 0.6], "texture": "#3"},
				"down": {"uv": [0, 0, 9.2, 0.6], "texture": "#3"}
			}
		},
		{
			"name": "hood",
			"from": [11.45, 0.1, 11.45],
			"to": [12, 0.1, 12],
			"faces": {
				"north": {"uv": [0, 0, 0.55, 0], "texture": "#3"},
				"east": {"uv": [0, 0, 0.55, 0], "texture": "#3"},
				"south": {"uv": [0, 0, 0.55, 0], "texture": "#3"},
				"west": {"uv": [0, 0, 0.55, 0], "texture": "#3"},
				"up": {"uv": [0, 0, 0.55, 0.55], "texture": "#3"},
				"down": {"uv": [0, 0, 0.55, 0.55], "texture": "#3"}
			}
		},
		{
			"name": "hood",
			"from": [3.975, 0.1, 11.45],
			"to": [4.525, 0.1, 12],
			"faces": {
				"north": {"uv": [0, 0, 0.55, 0], "texture": "#3"},
				"east": {"uv": [0, 0, 0.55, 0], "texture": "#3"},
				"south": {"uv": [0, 0, 0.55, 0], "texture": "#3"},
				"west": {"uv": [0, 0, 0.55, 0], "texture": "#3"},
				"up": {"uv": [0, 0, 0.55, 0.55], "texture": "#3"},
				"down": {"uv": [0, 0, 0.55, 0.55], "texture": "#3"}
			}
		},
		{
			"name": "hood",
			"from": [12, 0.1, 5.975],
			"to": [12.6, 0.1, 12],
			"faces": {
				"north": {"uv": [0, 0, 0.6, 0], "texture": "#3"},
				"east": {"uv": [0, 0, 6.025, 0], "texture": "#3"},
				"south": {"uv": [0, 0, 0.6, 0], "texture": "#3"},
				"west": {"uv": [0, 0, 6.025, 0], "texture": "#3"},
				"up": {"uv": [0, 0, 0.6, 6.025], "texture": "#3"},
				"down": {"uv": [0, 0, 0.6, 6.025], "texture": "#3"}
			}
		},
		{
			"name": "hood",
			"from": [3.4, 0.1, 5.975],
			"to": [4, 0.1, 12],
			"faces": {
				"north": {"uv": [0, 0, 0.6, 0], "texture": "#3"},
				"east": {"uv": [0, 0, 6.025, 0], "texture": "#3"},
				"south": {"uv": [0, 0, 0.6, 0], "texture": "#3"},
				"west": {"uv": [0, 0, 6.025, 0], "texture": "#3"},
				"up": {"uv": [0, 0, 0.6, 6.025], "texture": "#3"},
				"down": {"uv": [0, 0, 0.6, 6.025], "texture": "#3"}
			}
		}
	],
	"display": {
		"thirdperson_righthand": {
			"rotation": [58.5, 0, 0],
			"translation": [0, 1.75, -1.5],
			"scale": [0.5, 0.5, 0.5]
		},
		"thirdperson_lefthand": {
			"rotation": [58.5, 0, 0],
			"translation": [0, 1.75, -1.5],
			"scale": [0.5, 0.5, 0.5]
		},
		"firstperson_righthand": {
			"translation": [2.25, 1.75, -1.5],
			"scale": [0.5, 0.5, 0.5]
		},
		"firstperson_lefthand": {
			"translation": [3, 1.75, -1.5],
			"scale": [0.5, 0.5, 0.5]
		},
		"ground": {
			"translation": [0, 6.25, 0],
			"scale": [0.7, 0.7, 0.7]
		},
		"gui": {
			"rotation": [20, 138, 2],
			"translation": [-0.75, 0.5, -1.5],
			"scale": [0.8, 0.8, 0.8]
		},
		"head": {
			"translation": [0, 6.45, 0],
			"scale": [1.61, 1.69, 1.61]
		},
		"fixed": {
			"translation": [0, 0, 2.25]
		}
	},
	"groups": [
		{
			"name": "helm",
			"origin": [8, 8, 8],
			"children": [0, 1, 2, 3, 4, 5, 6, 7, 8, 9, 10, 11, 12, 13, 14, 15, 16, 17, 18, 19, 20, 21, 22, 23, 24, 25, 26, 27, 28, 29, 30, 31, 32, 33, 34, 35, 36, 37, 38, 39, 40, 41, 42, 43, 44, 45, 46, 47, 48, 49, 50, 51, 52, 53, 54, 55, 56, 57, 58, 59]
		},
		{
			"name": "addons",
			"origin": [8, 8, 8],
			"children": [60, 61, 62, 63, 64, 65, 66, 67, 68, 69, 70, 71, 72, 73, 74, 75, 76,
				{
					"name": "gems",
					"origin": [8, 8, 8],
					"children": [77, 78, 79, 80, 81, 82, 83, 84, 85, 86, 87, 88, 89, 90, 91, 92, 93, 94, 95, 96, 97, 98, 99, 100, 101, 102, 103, 104, 105, 106]
				},
				{
					"name": "spikefondation",
					"origin": [8, 8, 8],
					"children": [
						{
							"name": "spikes",
							"origin": [8, 8, 8],
							"children": [
								{
									"name": "silk",
									"origin": [8, 8, 8],
									"children": [107, 108, 109, 110, 111, 112, 113, 114]
								}, 115, 116, 117, 118, 119]
						}, 120, 121, 122, 123, 124]
				}
			]
		},
		{
			"name": "mask",
			"origin": [8, 8, 8],
			"children": [125, 126, 127, 128, 129, 130, 131, 132, 133, 134, 135, 136, 137, 138]
		}
	]
}