{
	"credit": "Made with Blockbench",
	"textures": {
		"0": "custom/shields/end/metal",
		"1": "custom/shields/end/purpur",
		"2": "custom/shields/end/quartz",
		"particle": "custom/shields/end/metal"
	},
	"elements": [
		{
			"from": [4.5, 4.5, 7.85],
			"to": [11.5, 11.5, 8.15],
			"rotation": {"angle": 45, "axis": "z", "origin": [8, 8, 8]},
			"faces": {
				"north": {"uv": [0, 0, 16, 16], "texture": "#1"},
				"east": {"uv": [0, 0, 0.3, 7], "texture": "#1"},
				"south": {"uv": [0, 0, 16, 16], "texture": "#1"},
				"west": {"uv": [0, 0, 0.3, 7], "texture": "#1"},
				"up": {"uv": [0, 0, 7, 0.3], "texture": "#1"},
				"down": {"uv": [0, 0, 7, 0.3], "texture": "#1"}
			}
		},
		{
			"from": [4.5, 4.5, 7.75],
			"to": [11.5, 11.5, 8.25],
			"faces": {
				"north": {"uv": [0, 0, 16, 16], "texture": "#1"},
				"east": {"uv": [0, 0, 0.5, 7], "texture": "#1"},
				"south": {"uv": [0, 0, 16, 16], "texture": "#1"},
				"west": {"uv": [0, 0, 0.5, 7], "texture": "#1"},
				"up": {"uv": [0, 0, 7, 0.5], "texture": "#1"},
				"down": {"uv": [0, 0, 7, 0.5], "texture": "#1"}
			}
		},
		{
			"from": [7, 7, 7.5],
			"to": [9, 9, 7.75],
			"faces": {
				"north": {"uv": [0, 0, 16, 16], "texture": "#0"},
				"east": {"uv": [0, 0, 2, 16], "texture": "#0"},
				"south": {"uv": [0, 0, 2, 16], "texture": "#0"},
				"west": {"uv": [0, 0, 2, 16], "texture": "#0"},
				"up": {"uv": [0, 0, 2, 16], "texture": "#0"},
				"down": {"uv": [0, 0, 2, 16], "texture": "#0"}
			}
		},
		{
			"from": [7.74749, 12.83866, 7.9],
			"to": [8.24749, 13.33866, 8.1],
			"rotation": {"angle": 45, "axis": "z", "origin": [8, 8, 8]},
			"faces": {
				"north": {"uv": [0, 0, 16, 16], "texture": "#2"},
				"east": {"uv": [0, 0, 16, 16], "texture": "#2"},
				"south": {"uv": [0, 0, 16, 16], "texture": "#2"},
				"west": {"uv": [0, 0, 16, 16], "texture": "#2"},
				"up": {"uv": [0, 0, 16, 16], "texture": "#2"},
				"down": {"uv": [0, 0, 16, 16], "texture": "#2"}
			}
		},
		{
			"from": [2.65632, 7.74749, 7.9],
			"to": [3.15632, 8.24749, 8.1],
			"rotation": {"angle": 45, "axis": "z", "origin": [8, 8, 8]},
			"faces": {
				"north": {"uv": [0, 0, 16, 16], "texture": "#2"},
				"east": {"uv": [0, 0, 16, 16], "texture": "#2"},
				"south": {"uv": [0, 0, 16, 16], "texture": "#2"},
				"west": {"uv": [0, 0, 16, 16], "texture": "#2"},
				"up": {"uv": [0, 0, 16, 16], "texture": "#2"},
				"down": {"uv": [0, 0, 16, 16], "texture": "#2"}
			}
		},
		{
			"from": [2.65632, 7.74749, 7.9],
			"to": [3.15632, 8.24749, 8.1],
			"faces": {
				"north": {"uv": [0, 0, 16, 16], "texture": "#2"},
				"east": {"uv": [0, 0, 16, 16], "texture": "#2"},
				"south": {"uv": [0, 0, 16, 16], "texture": "#2"},
				"west": {"uv": [0, 0, 16, 16], "texture": "#2"},
				"up": {"uv": [0, 0, 16, 16], "texture": "#2"},
				"down": {"uv": [0, 0, 16, 16], "texture": "#2"}
			}
		},
		{
			"from": [7.74749, 12.84368, 7.9],
			"to": [8.24749, 13.34368, 8.1],
			"faces": {
				"north": {"uv": [0, 0, 16, 16], "rotation": 270, "texture": "#2"},
				"east": {"uv": [0, 0, 16, 16], "rotation": 270, "texture": "#2"},
				"south": {"uv": [0, 0, 16, 16], "rotation": 270, "texture": "#2"},
				"west": {"uv": [0, 0, 16, 16], "rotation": 270, "texture": "#2"},
				"up": {"uv": [0, 0, 16, 16], "rotation": 270, "texture": "#2"},
				"down": {"uv": [0, 0, 16, 16], "rotation": 270, "texture": "#2"}
			}
		},
		{
			"from": [12.84368, 7.75251, 7.9],
			"to": [13.34368, 8.25251, 8.1],
			"faces": {
				"north": {"uv": [0, 0, 16, 16], "rotation": 180, "texture": "#2"},
				"east": {"uv": [0, 0, 16, 16], "rotation": 180, "texture": "#2"},
				"south": {"uv": [0, 0, 16, 16], "rotation": 180, "texture": "#2"},
				"west": {"uv": [0, 0, 16, 16], "rotation": 180, "texture": "#2"},
				"up": {"uv": [0, 0, 16, 16], "rotation": 180, "texture": "#2"},
				"down": {"uv": [0, 0, 16, 16], "rotation": 180, "texture": "#2"}
			}
		},
		{
			"from": [7.75251, 2.65632, 7.9],
			"to": [8.25251, 3.15632, 8.1],
			"faces": {
				"north": {"uv": [0, 0, 16, 16], "rotation": 90, "texture": "#2"},
				"east": {"uv": [0, 0, 16, 16], "rotation": 90, "texture": "#2"},
				"south": {"uv": [0, 0, 16, 16], "rotation": 90, "texture": "#2"},
				"west": {"uv": [0, 0, 16, 16], "rotation": 90, "texture": "#2"},
				"up": {"uv": [0, 0, 16, 16], "rotation": 90, "texture": "#2"},
				"down": {"uv": [0, 0, 16, 16], "rotation": 90, "texture": "#2"}
			}
		},
		{
			"from": [12.83866, 7.74749, 7.9],
			"to": [13.33866, 8.24749, 8.1],
			"rotation": {"angle": 45, "axis": "z", "origin": [8, 8, 8]},
			"faces": {
				"north": {"uv": [0, 0, 16, 16], "texture": "#2"},
				"east": {"uv": [0, 0, 16, 16], "texture": "#2"},
				"south": {"uv": [0, 0, 16, 16], "texture": "#2"},
				"west": {"uv": [0, 0, 16, 16], "texture": "#2"},
				"up": {"uv": [0, 0, 16, 16], "texture": "#2"},
				"down": {"uv": [0, 0, 16, 16], "texture": "#2"}
			}
		},
		{
			"from": [7.74749, 2.65632, 7.9],
			"to": [8.24749, 3.15632, 8.1],
			"rotation": {"angle": 45, "axis": "z", "origin": [8, 8, 8]},
			"faces": {
				"north": {"uv": [0, 0, 16, 16], "texture": "#2"},
				"east": {"uv": [0, 0, 16, 16], "texture": "#2"},
				"south": {"uv": [0, 0, 16, 16], "texture": "#2"},
				"west": {"uv": [0, 0, 16, 16], "texture": "#2"},
				"up": {"uv": [0, 0, 16, 16], "texture": "#2"},
				"down": {"uv": [0, 0, 16, 16], "texture": "#2"}
			}
		}
	],
	"display": {
		"thirdperson_righthand": {
			"rotation": [0, -90, 0],
			"translation": [2.75, -2, 2.75]
		},
		"thirdperson_lefthand": {
			"rotation": [0, -90, 0],
			"translation": [2.75, -2, 2.75]
		},
		"firstperson_righthand": {
			"translation": [4.5, 0, 0]
		},
		"firstperson_lefthand": {
			"translation": [4.5, 0, 0]
		},
		"ground": {
			"rotation": [90, 0, 0],
			"scale": [2, 2, 2]
		},
		"gui": {
			"rotation": [0, -180, 0],
			"scale": [1.8, 1.8, 2]
		},
		"head": {
			"translation": [0, 5, -6.5],
			"scale": [0.2, 0.2, 0.2]
		},
		"fixed": {
			"scale": [1.8, 1.8, 2]
		}
	},
	"groups": [
		{
			"name": "main",
			"origin": [8, 8, 8],
			"children": [0, 1, 2]
		},
		{
			"name": "shield",
			"origin": [8, 8, 8],
			"children": [3, 4, 5, 6, 7, 8, 9, 10,
				{
					"name": "energy",
					"origin": [8, 8, 8],
					"children": []
				}
			]
		}
	]
}