{
	"credit": "Made with Blockbench",
	"textures": {
		"0": "custom/shields/end/metal",
		"1": "custom/shields/end/purpur",
		"2": "custom/shields/end/quartz",
		"3": "custom/shields/end/energy",
		"particle": "custom/shields/end/metal"
	},
	"elements": [
		{
			"from": [4.5, 4.5, 7.85],
			"to": [11.5, 11.5, 8.15],
			"rotation": {"angle": 45, "axis": "z", "origin": [8, 8, 8]},
			"faces": {
				"north": {"uv": [0, 0, 16, 16], "texture": "#1"},
				"east": {"uv": [0, 0, 0.3, 7], "texture": "#1"},
				"south": {"uv": [0, 0, 16, 16], "texture": "#1"},
				"west": {"uv": [0, 0, 0.3, 7], "texture": "#1"},
				"up": {"uv": [0, 0, 7, 0.3], "texture": "#1"},
				"down": {"uv": [0, 0, 7, 0.3], "texture": "#1"}
			}
		},
		{
			"from": [4.5, 4.5, 7.75],
			"to": [11.5, 11.5, 8.25],
			"faces": {
				"north": {"uv": [0, 0, 16, 16], "texture": "#1"},
				"east": {"uv": [0, 0, 0.5, 7], "texture": "#1"},
				"south": {"uv": [0, 0, 16, 16], "texture": "#1"},
				"west": {"uv": [0, 0, 0.5, 7], "texture": "#1"},
				"up": {"uv": [0, 0, 7, 0.5], "texture": "#1"},
				"down": {"uv": [0, 0, 7, 0.5], "texture": "#1"}
			}
		},
		{
			"from": [7, 7, 7.5],
			"to": [9, 9, 7.75],
			"faces": {
				"north": {"uv": [0, 0, 16, 16], "texture": "#0"},
				"east": {"uv": [0, 0, 2, 16], "texture": "#0"},
				"south": {"uv": [0, 0, 2, 16], "texture": "#0"},
				"west": {"uv": [0, 0, 2, 16], "texture": "#0"},
				"up": {"uv": [0, 0, 2, 16], "texture": "#0"},
				"down": {"uv": [0, 0, 2, 16], "texture": "#0"}
			}
		},
		{
			"from": [-11.33866, 7.74749, 7.9],
			"to": [-10.83866, 8.24749, 8.1],
			"faces": {
				"north": {"uv": [0, 0, 16, 16], "rotation": 90, "texture": "#2"},
				"east": {"uv": [0, 0, 16, 16], "rotation": 270, "texture": "#2"},
				"south": {"uv": [0, 0, 16, 16], "rotation": 270, "texture": "#2"},
				"west": {"uv": [0, 0, 16, 16], "rotation": 270, "texture": "#2"},
				"up": {"uv": [0, 0, 16, 16], "rotation": 270, "texture": "#2"},
				"down": {"uv": [0, 0, 16, 16], "rotation": 270, "texture": "#2"}
			}
		},
		{
			"from": [-11.33866, 7.74749, 7.9],
			"to": [-10.83866, 8.24749, 8.1],
			"rotation": {"angle": 45, "axis": "z", "origin": [8, 8, 8]},
			"faces": {
				"north": {"uv": [0, 0, 16, 16], "rotation": 90, "texture": "#2"},
				"east": {"uv": [0, 0, 16, 16], "rotation": 270, "texture": "#2"},
				"south": {"uv": [0, 0, 16, 16], "rotation": 270, "texture": "#2"},
				"west": {"uv": [0, 0, 16, 16], "rotation": 270, "texture": "#2"},
				"up": {"uv": [0, 0, 16, 16], "rotation": 270, "texture": "#2"},
				"down": {"uv": [0, 0, 16, 16], "rotation": 270, "texture": "#2"}
			}
		},
		{
			"from": [7.75251, -11.33866, 7.9],
			"to": [8.25251, -10.83866, 8.1],
			"faces": {
				"north": {"uv": [0, 0, 16, 16], "rotation": 180, "texture": "#2"},
				"east": {"uv": [0, 0, 16, 16], "rotation": 180, "texture": "#2"},
				"south": {"uv": [0, 0, 16, 16], "rotation": 180, "texture": "#2"},
				"west": {"uv": [0, 0, 16, 16], "rotation": 180, "texture": "#2"},
				"up": {"uv": [0, 0, 16, 16], "rotation": 180, "texture": "#2"},
				"down": {"uv": [0, 0, 16, 16], "rotation": 180, "texture": "#2"}
			}
		},
		{
			"from": [7.75251, -11.33866, 7.9],
			"to": [8.25251, -10.83866, 8.1],
			"rotation": {"angle": 45, "axis": "z", "origin": [8, 8, 8]},
			"faces": {
				"north": {"uv": [0, 0, 16, 16], "rotation": 180, "texture": "#2"},
				"east": {"uv": [0, 0, 16, 16], "rotation": 180, "texture": "#2"},
				"south": {"uv": [0, 0, 16, 16], "rotation": 180, "texture": "#2"},
				"west": {"uv": [0, 0, 16, 16], "rotation": 180, "texture": "#2"},
				"up": {"uv": [0, 0, 16, 16], "rotation": 180, "texture": "#2"},
				"down": {"uv": [0, 0, 16, 16], "rotation": 180, "texture": "#2"}
			}
		},
		{
			"from": [26.83866, 7.75251, 7.9],
			"to": [27.33866, 8.25251, 8.1],
			"faces": {
				"north": {"uv": [0, 0, 16, 16], "rotation": 270, "texture": "#2"},
				"east": {"uv": [0, 0, 16, 16], "rotation": 90, "texture": "#2"},
				"south": {"uv": [0, 0, 16, 16], "rotation": 90, "texture": "#2"},
				"west": {"uv": [0, 0, 16, 16], "rotation": 90, "texture": "#2"},
				"up": {"uv": [0, 0, 16, 16], "rotation": 90, "texture": "#2"},
				"down": {"uv": [0, 0, 16, 16], "rotation": 90, "texture": "#2"}
			}
		},
		{
			"from": [26.83866, 7.75251, 7.9],
			"to": [27.33866, 8.25251, 8.1],
			"rotation": {"angle": 45, "axis": "z", "origin": [8, 8, 8]},
			"faces": {
				"north": {"uv": [0, 0, 16, 16], "rotation": 270, "texture": "#2"},
				"east": {"uv": [0, 0, 16, 16], "rotation": 90, "texture": "#2"},
				"south": {"uv": [0, 0, 16, 16], "rotation": 90, "texture": "#2"},
				"west": {"uv": [0, 0, 16, 16], "rotation": 90, "texture": "#2"},
				"up": {"uv": [0, 0, 16, 16], "rotation": 90, "texture": "#2"},
				"down": {"uv": [0, 0, 16, 16], "rotation": 90, "texture": "#2"}
			}
		},
		{
			"from": [7.74749, 26.83866, 7.9],
			"to": [8.24749, 27.33866, 8.1],
			"faces": {
				"north": {"uv": [0, 0, 16, 16], "texture": "#2"},
				"east": {"uv": [0, 0, 16, 16], "texture": "#2"},
				"south": {"uv": [0, 0, 16, 16], "texture": "#2"},
				"west": {"uv": [0, 0, 16, 16], "texture": "#2"},
				"up": {"uv": [0, 0, 16, 16], "texture": "#2"},
				"down": {"uv": [0, 0, 16, 16], "texture": "#2"}
			}
		},
		{
			"from": [7.74749, 26.83866, 7.9],
			"to": [8.24749, 27.33866, 8.1],
			"rotation": {"angle": 45, "axis": "z", "origin": [8, 8, 8]},
			"faces": {
				"north": {"uv": [0, 0, 16, 16], "texture": "#2"},
				"east": {"uv": [0, 0, 16, 16], "texture": "#2"},
				"south": {"uv": [0, 0, 16, 16], "texture": "#2"},
				"west": {"uv": [0, 0, 16, 16], "texture": "#2"},
				"up": {"uv": [0, 0, 16, 16], "texture": "#2"},
				"down": {"uv": [0, 0, 16, 16], "texture": "#2"}
			}
		},
		{
			"from": [4.25, 11.8, 7.96],
			"to": [11.75, 26.875, 8.06],
			"rotation": {"angle": 45, "axis": "z", "origin": [8, 8, 8]},
			"faces": {
				"north": {"uv": [0, 0, 16, 16], "texture": "#3"},
				"east": {"uv": [0, 0, 0.3, 7], "texture": "#3"},
				"south": {"uv": [0, 0, 16, 16], "texture": "#3"},
				"west": {"uv": [0, 0, 0.3, 7], "texture": "#3"},
				"up": {"uv": [0, 0, 7, 0.3], "texture": "#3"},
				"down": {"uv": [0, 0, 7, 0.3], "texture": "#3"}
			}
		},
		{
			"from": [-10.875, 4.25, 7.95],
			"to": [4.3, 11.75, 8.05],
			"rotation": {"angle": -22.5, "axis": "z", "origin": [8, 8, 8]},
			"faces": {
				"north": {"uv": [0, 0, 16, 16], "rotation": 90, "texture": "#3"},
				"east": {"uv": [0, 0, 7, 0.3], "rotation": 270, "texture": "#3"},
				"south": {"uv": [0, 0, 16, 16], "rotation": 270, "texture": "#3"},
				"west": {"uv": [0, 0, 7, 0.3], "rotation": 270, "texture": "#3"},
				"up": {"uv": [0, 0, 0.3, 7], "rotation": 270, "texture": "#3"},
				"down": {"uv": [0, 0, 0.3, 7], "rotation": 270, "texture": "#3"}
			}
		},
		{
			"from": [-10.875, 4.25, 7.94],
			"to": [4.2, 11.75, 8.04],
			"faces": {
				"north": {"uv": [0, 0, 16, 16], "rotation": 90, "texture": "#3"},
				"east": {"uv": [0, 0, 7, 0.3], "rotation": 270, "texture": "#3"},
				"south": {"uv": [0, 0, 16, 16], "rotation": 270, "texture": "#3"},
				"west": {"uv": [0, 0, 7, 0.3], "rotation": 270, "texture": "#3"},
				"up": {"uv": [0, 0, 0.3, 7], "rotation": 270, "texture": "#3"},
				"down": {"uv": [0, 0, 0.3, 7], "rotation": 270, "texture": "#3"}
			}
		},
		{
			"from": [-10.875, 4.25, 7.96],
			"to": [4.2, 11.75, 8.06],
			"rotation": {"angle": 45, "axis": "z", "origin": [8, 8, 8]},
			"faces": {
				"north": {"uv": [0, 0, 16, 16], "rotation": 90, "texture": "#3"},
				"east": {"uv": [0, 0, 7, 0.3], "rotation": 270, "texture": "#3"},
				"south": {"uv": [0, 0, 16, 16], "rotation": 270, "texture": "#3"},
				"west": {"uv": [0, 0, 7, 0.3], "rotation": 270, "texture": "#3"},
				"up": {"uv": [0, 0, 0.3, 7], "rotation": 270, "texture": "#3"},
				"down": {"uv": [0, 0, 0.3, 7], "rotation": 270, "texture": "#3"}
			}
		},
		{
			"from": [-10.875, 4.25, 7.97],
			"to": [4.5, 11.75, 8.07],
			"rotation": {"angle": 22.5, "axis": "z", "origin": [8, 8, 8]},
			"faces": {
				"north": {"uv": [0, 0, 16, 16], "rotation": 90, "texture": "#3"},
				"east": {"uv": [0, 0, 7, 0.3], "rotation": 270, "texture": "#3"},
				"south": {"uv": [0, 0, 16, 16], "rotation": 270, "texture": "#3"},
				"west": {"uv": [0, 0, 7, 0.3], "rotation": 270, "texture": "#3"},
				"up": {"uv": [0, 0, 0.3, 7], "rotation": 270, "texture": "#3"},
				"down": {"uv": [0, 0, 0.3, 7], "rotation": 270, "texture": "#3"}
			}
		},
		{
			"from": [4.25, -10.875, 7.95],
			"to": [11.75, 4.3, 8.05],
			"rotation": {"angle": -22.5, "axis": "z", "origin": [8, 8, 8]},
			"faces": {
				"north": {"uv": [0, 0, 16, 16], "rotation": 180, "texture": "#3"},
				"east": {"uv": [0, 0, 0.3, 7], "rotation": 180, "texture": "#3"},
				"south": {"uv": [0, 0, 16, 16], "rotation": 180, "texture": "#3"},
				"west": {"uv": [0, 0, 0.3, 7], "rotation": 180, "texture": "#3"},
				"up": {"uv": [0, 0, 7, 0.3], "rotation": 180, "texture": "#3"},
				"down": {"uv": [0, 0, 7, 0.3], "rotation": 180, "texture": "#3"}
			}
		},
		{
			"from": [4.25, -10.875, 7.94],
			"to": [11.75, 4.3, 8.04],
			"faces": {
				"north": {"uv": [0, 0, 16, 16], "rotation": 180, "texture": "#3"},
				"east": {"uv": [0, 0, 0.3, 7], "rotation": 180, "texture": "#3"},
				"south": {"uv": [0, 0, 16, 16], "rotation": 180, "texture": "#3"},
				"west": {"uv": [0, 0, 0.3, 7], "rotation": 180, "texture": "#3"},
				"up": {"uv": [0, 0, 7, 0.3], "rotation": 180, "texture": "#3"},
				"down": {"uv": [0, 0, 7, 0.3], "rotation": 180, "texture": "#3"}
			}
		},
		{
			"from": [4.25, -10.875, 7.97],
			"to": [11.75, 4.5, 8.07],
			"rotation": {"angle": 22.5, "axis": "z", "origin": [8, 8, 8]},
			"faces": {
				"north": {"uv": [0, 0, 16, 16], "rotation": 180, "texture": "#3"},
				"east": {"uv": [0, 0, 0.3, 7], "rotation": 180, "texture": "#3"},
				"south": {"uv": [0, 0, 16, 16], "rotation": 180, "texture": "#3"},
				"west": {"uv": [0, 0, 0.3, 7], "rotation": 180, "texture": "#3"},
				"up": {"uv": [0, 0, 7, 0.3], "rotation": 180, "texture": "#3"},
				"down": {"uv": [0, 0, 7, 0.3], "rotation": 180, "texture": "#3"}
			}
		},
		{
			"from": [4.25, -10.875, 7.96],
			"to": [11.75, 4.3, 8.06],
			"rotation": {"angle": 45, "axis": "z", "origin": [8, 8, 8]},
			"faces": {
				"north": {"uv": [0, 0, 16, 16], "rotation": 180, "texture": "#3"},
				"east": {"uv": [0, 0, 0.3, 7], "rotation": 180, "texture": "#3"},
				"south": {"uv": [0, 0, 16, 16], "rotation": 180, "texture": "#3"},
				"west": {"uv": [0, 0, 0.3, 7], "rotation": 180, "texture": "#3"},
				"up": {"uv": [0, 0, 7, 0.3], "rotation": 180, "texture": "#3"},
				"down": {"uv": [0, 0, 7, 0.3], "rotation": 180, "texture": "#3"}
			}
		},
		{
			"from": [11.8, 4.25, 7.95],
			"to": [26.875, 11.75, 8.05],
			"rotation": {"angle": -22.5, "axis": "z", "origin": [8, 8, 8]},
			"faces": {
				"north": {"uv": [0, 0, 16, 16], "rotation": 270, "texture": "#3"},
				"east": {"uv": [0, 0, 7, 0.3], "rotation": 90, "texture": "#3"},
				"south": {"uv": [0, 0, 16, 16], "rotation": 90, "texture": "#3"},
				"west": {"uv": [0, 0, 7, 0.3], "rotation": 90, "texture": "#3"},
				"up": {"uv": [0, 0, 0.3, 7], "rotation": 90, "texture": "#3"},
				"down": {"uv": [0, 0, 0.3, 7], "rotation": 90, "texture": "#3"}
			}
		},
		{
			"from": [11.7, 4.25, 7.94],
			"to": [26.875, 11.75, 8.04],
			"faces": {
				"north": {"uv": [0, 0, 16, 16], "rotation": 270, "texture": "#3"},
				"east": {"uv": [0, 0, 7, 0.3], "rotation": 90, "texture": "#3"},
				"south": {"uv": [0, 0, 16, 16], "rotation": 90, "texture": "#3"},
				"west": {"uv": [0, 0, 7, 0.3], "rotation": 90, "texture": "#3"},
				"up": {"uv": [0, 0, 0.3, 7], "rotation": 90, "texture": "#3"},
				"down": {"uv": [0, 0, 0.3, 7], "rotation": 90, "texture": "#3"}
			}
		},
		{
			"from": [11.5, 4, 7.97],
			"to": [26.875, 12, 8.07],
			"rotation": {"angle": 22.5, "axis": "z", "origin": [8, 8, 8]},
			"faces": {
				"north": {"uv": [0, 0, 16, 16], "rotation": 270, "texture": "#3"},
				"east": {"uv": [0, 0, 7, 0.3], "rotation": 90, "texture": "#3"},
				"south": {"uv": [0, 0, 16, 16], "rotation": 90, "texture": "#3"},
				"west": {"uv": [0, 0, 7, 0.3], "rotation": 90, "texture": "#3"},
				"up": {"uv": [0, 0, 0.3, 7], "rotation": 90, "texture": "#3"},
				"down": {"uv": [0, 0, 0.3, 7], "rotation": 90, "texture": "#3"}
			}
		},
		{
			"from": [11.8, 4.25, 7.96],
			"to": [26.875, 11.75, 8.06],
			"rotation": {"angle": 45, "axis": "z", "origin": [8, 8, 8]},
			"faces": {
				"north": {"uv": [0, 0, 16, 16], "rotation": 270, "texture": "#3"},
				"east": {"uv": [0, 0, 7, 0.3], "rotation": 90, "texture": "#3"},
				"south": {"uv": [0, 0, 16, 16], "rotation": 90, "texture": "#3"},
				"west": {"uv": [0, 0, 7, 0.3], "rotation": 90, "texture": "#3"},
				"up": {"uv": [0, 0, 0.3, 7], "rotation": 90, "texture": "#3"},
				"down": {"uv": [0, 0, 0.3, 7], "rotation": 90, "texture": "#3"}
			}
		},
		{
			"from": [4.25, 11.8, 7.95],
			"to": [11.75, 26.875, 8.05],
			"rotation": {"angle": -22.5, "axis": "z", "origin": [8, 8, 8]},
			"faces": {
				"north": {"uv": [0, 0, 16, 16], "texture": "#3"},
				"east": {"uv": [0, 0, 0.3, 7], "texture": "#3"},
				"south": {"uv": [0, 0, 16, 16], "texture": "#3"},
				"west": {"uv": [0, 0, 0.3, 7], "texture": "#3"},
				"up": {"uv": [0, 0, 7, 0.3], "texture": "#3"},
				"down": {"uv": [0, 0, 7, 0.3], "texture": "#3"}
			}
		},
		{
			"from": [4.25, 11.8, 7.94],
			"to": [11.75, 26.875, 8.04],
			"faces": {
				"north": {"uv": [0, 0, 16, 16], "texture": "#3"},
				"east": {"uv": [0, 0, 0.3, 7], "texture": "#3"},
				"south": {"uv": [0, 0, 16, 16], "texture": "#3"},
				"west": {"uv": [0, 0, 0.3, 7], "texture": "#3"},
				"up": {"uv": [0, 0, 7, 0.3], "texture": "#3"},
				"down": {"uv": [0, 0, 7, 0.3], "texture": "#3"}
			}
		},
		{
			"from": [4.25, 11.5, 7.97],
			"to": [11.75, 26.875, 8.07],
			"rotation": {"angle": 22.5, "axis": "z", "origin": [8, 8, 8]},
			"faces": {
				"north": {"uv": [0, 0, 16, 16], "texture": "#3"},
				"east": {"uv": [0, 0, 0.3, 7], "texture": "#3"},
				"south": {"uv": [0, 0, 16, 16], "texture": "#3"},
				"west": {"uv": [0, 0, 0.3, 7], "texture": "#3"},
				"up": {"uv": [0, 0, 7, 0.3], "texture": "#3"},
				"down": {"uv": [0, 0, 7, 0.3], "texture": "#3"}
			}
		}
	],
	"display": {
		"thirdperson_righthand": {
			"rotation": [-140, -145, 0],
			"translation": [4, -0.5, 2.75]
		},
		"thirdperson_lefthand": {
			"rotation": [-140, -145, 0],
			"translation": [4, -0.5, 2.75]
		},
		"firstperson_righthand": {
			"translation": [10, -10, 0]
		},
		"firstperson_lefthand": {
			"translation": [10, -10, 0]
		},
		"ground": {
			"rotation": [90, 0, 0],
			"scale": [2, 2, 2]
		},
		"gui": {
			"rotation": [0, -180, 0],
			"scale": [0.3, 0.3, 2]
		},
		"head": {
			"translation": [0, 5, -6.5],
			"scale": [0.2, 0.2, 0.2]
		},
		"fixed": {
			"scale": [1.8, 1.8, 2]
		}
	},
	"groups": [
		{
			"name": "main",
			"origin": [8, 8, 8],
			"children": [0, 1, 2]
		},
		{
			"name": "shield",
			"origin": [8, 8, 8],
			"children": [3, 4, 5, 6, 7, 8, 9, 10,
				{
					"name": "energy",
					"origin": [8, 8, 8],
					"children": [11, 12, 13, 14, 15, 16, 17, 18, 19, 20, 21, 22, 23, 24, 25, 26]
				}
			]
		}
	]
}