{
	"credit": "Made with Blockbench",
	"textures": {
		"0": "custom/shields/guardian/shield",
		"1": "custom/shields/guardian/rim",
		"2": "custom/shields/guardian/blade",
		"3": "custom/shields/guardian/mid",
		"particle": "custom/shields/guardian/shield"
	},
	"elements": [
		{
			"from": [3, -1, 7],
			"to": [7.75, 12, 8],
			"faces": {
				"north": {"uv": [16, 3, 11, 16], "texture": "#0"},
				"east": {"uv": [0, 0, 1, 13], "texture": "#0"},
				"south": {"uv": [0, 0, 4.75, 13], "texture": "#0"},
				"west": {"uv": [0, 0, 1, 13], "texture": "#0"},
				"up": {"uv": [0, 0, 4.75, 1], "texture": "#0"},
				"down": {"uv": [0, 0, 4.75, 1], "texture": "#0"}
			}
		},
		{
			"from": [8.25, -1, 7],
			"to": [13, 12, 8],
			"rotation": {"angle": 0, "axis": "y", "origin": [12.26807, 15.02952, 7.66521]},
			"faces": {
				"north": {"uv": [11, 3, 16, 16], "texture": "#0"},
				"east": {"uv": [1, 0, 0, 13], "texture": "#0"},
				"south": {"uv": [4.75, 0, 0, 13], "texture": "#0"},
				"west": {"uv": [1, 0, 0, 13], "texture": "#0"},
				"up": {"uv": [4.75, 0, 0, 1], "texture": "#0"},
				"down": {"uv": [4.75, 0, 0, 1], "texture": "#0"}
			}
		},
		{
			"from": [3.75, 12, 7],
			"to": [7.75, 14, 8],
			"faces": {
				"north": {"uv": [0, 0, 4, 2], "texture": "#0"},
				"east": {"uv": [0, 0, 1, 2], "texture": "#0"},
				"south": {"uv": [0, 0, 4, 2], "texture": "#0"},
				"west": {"uv": [0, 0, 1, 2], "texture": "#0"},
				"up": {"uv": [0, 0, 4, 1], "texture": "#0"},
				"down": {"uv": [0, 0, 4, 1], "texture": "#0"}
			}
		},
		{
			"from": [8.25, 12, 7],
			"to": [12.25, 14, 8],
			"rotation": {"angle": 0, "axis": "y", "origin": [12.26807, 15.02952, 7.66521]},
			"faces": {
				"north": {"uv": [4, 0, 0, 2], "texture": "#0"},
				"east": {"uv": [1, 0, 0, 2], "texture": "#0"},
				"south": {"uv": [4, 0, 0, 2], "texture": "#0"},
				"west": {"uv": [1, 0, 0, 2], "texture": "#0"},
				"up": {"uv": [4, 0, 0, 1], "texture": "#0"},
				"down": {"uv": [4, 0, 0, 1], "texture": "#0"}
			}
		},
		{
			"from": [3.75, -2.8, 7],
			"to": [7.75, -1, 8],
			"faces": {
				"north": {"uv": [0, 2, 4, 3.8], "texture": "#0"},
				"east": {"uv": [0, 2, 1, 3.8], "texture": "#0"},
				"south": {"uv": [0, 2, 4, 3.8], "texture": "#0"},
				"west": {"uv": [0, 2, 1, 3.8], "texture": "#0"},
				"up": {"uv": [0, 1, 4, 2], "texture": "#0"},
				"down": {"uv": [0, 1, 4, 2], "texture": "#0"}
			}
		},
		{
			"from": [8.25, -2.8, 7],
			"to": [12.25, -1, 8],
			"rotation": {"angle": 0, "axis": "y", "origin": [12.26807, 15.02952, 7.66521]},
			"faces": {
				"north": {"uv": [4, 2, 0, 3.8], "texture": "#0"},
				"east": {"uv": [1, 2, 0, 3.8], "texture": "#0"},
				"south": {"uv": [4, 2, 0, 3.8], "texture": "#0"},
				"west": {"uv": [1, 2, 0, 3.8], "texture": "#0"},
				"up": {"uv": [4, 1, 0, 2], "texture": "#0"},
				"down": {"uv": [4, 1, 0, 2], "texture": "#0"}
			}
		},
		{
			"from": [3.25, 12, 7],
			"to": [3.75, 13, 8],
			"faces": {
				"north": {"uv": [0, 0, 0.5, 1], "texture": "#0"},
				"east": {"uv": [0, 0, 1, 1], "texture": "#0"},
				"south": {"uv": [0, 0, 0.5, 1], "texture": "#0"},
				"west": {"uv": [0, 0, 1, 1], "texture": "#0"},
				"up": {"uv": [0, 0, 0.5, 1], "texture": "#0"},
				"down": {"uv": [0, 0, 0.5, 1], "texture": "#0"}
			}
		},
		{
			"from": [12.25, 12, 7],
			"to": [12.75, 13, 8],
			"rotation": {"angle": 0, "axis": "y", "origin": [12.26807, 15.02952, 7.66521]},
			"faces": {
				"north": {"uv": [0.5, 0, 0, 1], "texture": "#0"},
				"east": {"uv": [1, 0, 0, 1], "texture": "#0"},
				"south": {"uv": [0.5, 0, 0, 1], "texture": "#0"},
				"west": {"uv": [1, 0, 0, 1], "texture": "#0"},
				"up": {"uv": [0.5, 0, 0, 1], "texture": "#0"},
				"down": {"uv": [0.5, 0, 0, 1], "texture": "#0"}
			}
		},
		{
			"from": [3.25, -1.8, 7],
			"to": [3.75, -1, 8],
			"faces": {
				"north": {"uv": [0, 1, 0.5, 1.8], "texture": "#0"},
				"east": {"uv": [0, 1, 1, 1.8], "texture": "#0"},
				"south": {"uv": [0, 1, 0.5, 1.8], "texture": "#0"},
				"west": {"uv": [0, 1, 1, 1.8], "texture": "#0"},
				"up": {"uv": [0, 1, 0.5, 2], "texture": "#0"},
				"down": {"uv": [0, 1, 0.5, 2], "texture": "#0"}
			}
		},
		{
			"from": [12.25, -1.8, 7],
			"to": [12.75, -1, 8],
			"rotation": {"angle": 0, "axis": "y", "origin": [12.26807, 15.02952, 7.66521]},
			"faces": {
				"north": {"uv": [0.5, 1, 0, 1.8], "texture": "#0"},
				"east": {"uv": [1, 1, 0, 1.8], "texture": "#0"},
				"south": {"uv": [0.5, 1, 0, 1.8], "texture": "#0"},
				"west": {"uv": [1, 1, 0, 1.8], "texture": "#0"},
				"up": {"uv": [0.5, 1, 0, 2], "texture": "#0"},
				"down": {"uv": [0.5, 1, 0, 2], "texture": "#0"}
			}
		},
		{
			"from": [4.5, 14, 7],
			"to": [7.75, 14.5, 8],
			"faces": {
				"north": {"uv": [0, 0, 3.25, 0.5], "texture": "#0"},
				"east": {"uv": [0, 0, 1, 0.5], "texture": "#0"},
				"south": {"uv": [0, 0, 3.25, 0.5], "texture": "#0"},
				"west": {"uv": [0, 0, 1, 0.5], "texture": "#0"},
				"up": {"uv": [0, 0, 3.25, 1], "texture": "#0"},
				"down": {"uv": [0, 0, 3.25, 1], "texture": "#0"}
			}
		},
		{
			"from": [8.25, 14, 7],
			"to": [11.5, 14.5, 8],
			"rotation": {"angle": 0, "axis": "y", "origin": [12.26807, 15.02952, 7.66521]},
			"faces": {
				"north": {"uv": [3.25, 0, 0, 0.5], "texture": "#0"},
				"east": {"uv": [1, 0, 0, 0.5], "texture": "#0"},
				"south": {"uv": [3.25, 0, 0, 0.5], "texture": "#0"},
				"west": {"uv": [1, 0, 0, 0.5], "texture": "#0"},
				"up": {"uv": [3.25, 0, 0, 1], "texture": "#0"},
				"down": {"uv": [3.25, 0, 0, 1], "texture": "#0"}
			}
		},
		{
			"from": [4.5, -3.1, 7],
			"to": [7.75, -2.8, 8],
			"faces": {
				"north": {"uv": [0, 0.5, 3.25, 0.8], "texture": "#0"},
				"east": {"uv": [0, 0.5, 1, 0.8], "texture": "#0"},
				"south": {"uv": [0, 0.5, 3.25, 0.8], "texture": "#0"},
				"west": {"uv": [0, 0.5, 1, 0.8], "texture": "#0"},
				"up": {"uv": [0, 1, 3.25, 2], "texture": "#0"},
				"down": {"uv": [0, 1, 3.25, 2], "texture": "#0"}
			}
		},
		{
			"from": [8.25, -3.1, 7],
			"to": [11.5, -2.8, 8],
			"rotation": {"angle": 0, "axis": "y", "origin": [12.26807, 15.02952, 7.66521]},
			"faces": {
				"north": {"uv": [3.25, 0.5, 0, 0.8], "texture": "#0"},
				"east": {"uv": [1, 0.5, 0, 0.8], "texture": "#0"},
				"south": {"uv": [3.25, 0.5, 0, 0.8], "texture": "#0"},
				"west": {"uv": [1, 0.5, 0, 0.8], "texture": "#0"},
				"up": {"uv": [3.25, 1, 0, 2], "texture": "#0"},
				"down": {"uv": [3.25, 1, 0, 2], "texture": "#0"}
			}
		},
		{
			"from": [5.25, 14.5, 7],
			"to": [7.75, 15, 8],
			"faces": {
				"north": {"uv": [0, 0, 2.5, 0.5], "texture": "#0"},
				"east": {"uv": [0, 0, 1, 0.5], "texture": "#0"},
				"south": {"uv": [0, 0, 2.5, 0.5], "texture": "#0"},
				"west": {"uv": [0, 0, 1, 0.5], "texture": "#0"},
				"up": {"uv": [0, 0, 2.5, 1], "texture": "#0"},
				"down": {"uv": [0, 0, 2.5, 1], "texture": "#0"}
			}
		},
		{
			"from": [8.25, 14.5, 7],
			"to": [10.75, 15, 8],
			"rotation": {"angle": 0, "axis": "y", "origin": [12.26807, 15.02952, 7.66521]},
			"faces": {
				"north": {"uv": [2.5, 0, 0, 0.5], "texture": "#0"},
				"east": {"uv": [1, 0, 0, 0.5], "texture": "#0"},
				"south": {"uv": [2.5, 0, 0, 0.5], "texture": "#0"},
				"west": {"uv": [1, 0, 0, 0.5], "texture": "#0"},
				"up": {"uv": [2.5, 0, 0, 1], "texture": "#0"},
				"down": {"uv": [2.5, 0, 0, 1], "texture": "#0"}
			}
		},
		{
			"from": [5.25, -3.4, 7],
			"to": [7.75, -3.1, 8],
			"faces": {
				"north": {"uv": [0, 0.5, 2.5, 0.8], "texture": "#0"},
				"east": {"uv": [0, 0.5, 1, 0.8], "texture": "#0"},
				"south": {"uv": [0, 0.5, 2.5, 0.8], "texture": "#0"},
				"west": {"uv": [0, 0.5, 1, 0.8], "texture": "#0"},
				"up": {"uv": [0, 1, 2.5, 2], "texture": "#0"},
				"down": {"uv": [0, 1, 2.5, 2], "texture": "#0"}
			}
		},
		{
			"from": [8.25, -3.4, 7],
			"to": [10.75, -3.1, 8],
			"rotation": {"angle": 0, "axis": "y", "origin": [12.26807, 15.02952, 7.66521]},
			"faces": {
				"north": {"uv": [2.5, 0.5, 0, 0.8], "texture": "#0"},
				"east": {"uv": [1, 0.5, 0, 0.8], "texture": "#0"},
				"south": {"uv": [2.5, 0.5, 0, 0.8], "texture": "#0"},
				"west": {"uv": [1, 0.5, 0, 0.8], "texture": "#0"},
				"up": {"uv": [2.5, 1, 0, 2], "texture": "#0"},
				"down": {"uv": [2.5, 1, 0, 2], "texture": "#0"}
			}
		},
		{
			"from": [6, 15, 7],
			"to": [7.75, 16.5, 8],
			"faces": {
				"north": {"uv": [0, 0, 1.75, 1.5], "texture": "#0"},
				"east": {"uv": [0, 0, 1, 1.5], "texture": "#0"},
				"south": {"uv": [0, 0, 1.75, 1.5], "texture": "#0"},
				"west": {"uv": [0, 0, 1, 1.5], "texture": "#0"},
				"up": {"uv": [0, 0, 1.75, 1], "texture": "#0"},
				"down": {"uv": [0, 0, 1.75, 1], "texture": "#0"}
			}
		},
		{
			"from": [8.25, 15, 7],
			"to": [10, 16.5, 8],
			"rotation": {"angle": 0, "axis": "y", "origin": [12.26807, 15.02952, 7.66521]},
			"faces": {
				"north": {"uv": [1.75, 0, 0, 1.5], "texture": "#0"},
				"east": {"uv": [1, 0, 0, 1.5], "texture": "#0"},
				"south": {"uv": [1.75, 0, 0, 1.5], "texture": "#0"},
				"west": {"uv": [1, 0, 0, 1.5], "texture": "#0"},
				"up": {"uv": [1.75, 0, 0, 1], "texture": "#0"},
				"down": {"uv": [1.75, 0, 0, 1], "texture": "#0"}
			}
		},
		{
			"from": [6, -4.7, 7],
			"to": [7.75, -3.4, 8],
			"faces": {
				"north": {"uv": [0, 1.5, 1.75, 2.8], "texture": "#0"},
				"east": {"uv": [0, 1.5, 1, 2.8], "texture": "#0"},
				"south": {"uv": [0, 1.5, 1.75, 2.8], "texture": "#0"},
				"west": {"uv": [0, 1.5, 1, 2.8], "texture": "#0"},
				"up": {"uv": [0, 1, 1.75, 2], "texture": "#0"},
				"down": {"uv": [0, 1, 1.75, 2], "texture": "#0"}
			}
		},
		{
			"from": [8.25, -4.7, 7],
			"to": [10, -3.4, 8],
			"rotation": {"angle": 0, "axis": "y", "origin": [12.26807, 15.02952, 7.66521]},
			"faces": {
				"north": {"uv": [1.75, 1.5, 0, 2.8], "texture": "#0"},
				"east": {"uv": [1, 1.5, 0, 2.8], "texture": "#0"},
				"south": {"uv": [1.75, 1.5, 0, 2.8], "texture": "#0"},
				"west": {"uv": [1, 1.5, 0, 2.8], "texture": "#0"},
				"up": {"uv": [1.75, 1, 0, 2], "texture": "#0"},
				"down": {"uv": [1.75, 1, 0, 2], "texture": "#0"}
			}
		},
		{
			"from": [6, 16.5, 7.25],
			"to": [7.75, 17.25, 8],
			"faces": {
				"north": {"uv": [0, 0, 1.75, 0.75], "texture": "#0"},
				"east": {"uv": [0, 0, 0.75, 0.75], "texture": "#0"},
				"south": {"uv": [0, 0, 1.75, 0.75], "texture": "#0"},
				"west": {"uv": [0, 0, 0.75, 0.75], "texture": "#0"},
				"up": {"uv": [0, 0, 1.75, 0.75], "texture": "#0"},
				"down": {"uv": [0, 0, 1.75, 0.75], "texture": "#0"}
			}
		},
		{
			"from": [8.25, 16.5, 7.25],
			"to": [10, 17.25, 8],
			"rotation": {"angle": 0, "axis": "y", "origin": [12.26807, 15.02952, 7.66521]},
			"faces": {
				"north": {"uv": [1.75, 0, 0, 0.75], "texture": "#0"},
				"east": {"uv": [0.75, 0, 0, 0.75], "texture": "#0"},
				"south": {"uv": [1.75, 0, 0, 0.75], "texture": "#0"},
				"west": {"uv": [0.75, 0, 0, 0.75], "texture": "#0"},
				"up": {"uv": [1.75, 0, 0, 0.75], "texture": "#0"},
				"down": {"uv": [1.75, 0, 0, 0.75], "texture": "#0"}
			}
		},
		{
			"from": [6, -5.5, 7.25],
			"to": [7.75, -4.7, 8],
			"faces": {
				"north": {"uv": [0, 1, 1.75, 1.8], "texture": "#0"},
				"east": {"uv": [0, 1, 0.75, 1.8], "texture": "#0"},
				"south": {"uv": [0, 1, 1.75, 1.8], "texture": "#0"},
				"west": {"uv": [0, 1, 0.75, 1.8], "texture": "#0"},
				"up": {"uv": [0, 0.75, 1.75, 1.5], "texture": "#0"},
				"down": {"uv": [0, 0.75, 1.75, 1.5], "texture": "#0"}
			}
		},
		{
			"from": [8.25, -5.5, 7.25],
			"to": [10, -4.7, 8],
			"rotation": {"angle": 0, "axis": "y", "origin": [12.26807, 15.02952, 7.66521]},
			"faces": {
				"north": {"uv": [1.75, 1, 0, 1.8], "texture": "#0"},
				"east": {"uv": [0.75, 1, 0, 1.8], "texture": "#0"},
				"south": {"uv": [1.75, 1, 0, 1.8], "texture": "#0"},
				"west": {"uv": [0.75, 1, 0, 1.8], "texture": "#0"},
				"up": {"uv": [1.75, 0.75, 0, 1.5], "texture": "#0"},
				"down": {"uv": [1.75, 0.75, 0, 1.5], "texture": "#0"}
			}
		},
		{
			"from": [6, -6.5, 7.5],
			"to": [7.75, -5.5, 8],
			"faces": {
				"north": {"uv": [0, 1, 1.75, 2], "texture": "#0"},
				"east": {"uv": [0, 1, 0.5, 2], "texture": "#0"},
				"south": {"uv": [0, 1, 1.75, 2], "texture": "#0"},
				"west": {"uv": [0, 1, 0.5, 2], "texture": "#0"},
				"up": {"uv": [0, 0.75, 1.75, 1.25], "texture": "#0"},
				"down": {"uv": [0, 0.75, 1.75, 1.25], "texture": "#0"}
			}
		},
		{
			"from": [8.25, -6.5, 7.5],
			"to": [10, -5.5, 8],
			"rotation": {"angle": 0, "axis": "y", "origin": [12.26807, 15.02952, 7.66521]},
			"faces": {
				"north": {"uv": [1.75, 1, 0, 2], "texture": "#0"},
				"east": {"uv": [0.5, 1, 0, 2], "texture": "#0"},
				"south": {"uv": [1.75, 1, 0, 2], "texture": "#0"},
				"west": {"uv": [0.5, 1, 0, 2], "texture": "#0"},
				"up": {"uv": [1.75, 0.75, 0, 1.25], "texture": "#0"},
				"down": {"uv": [1.75, 0.75, 0, 1.25], "texture": "#0"}
			}
		},
		{
			"from": [5.25, -6, 7.5],
			"to": [6, -4.7, 8],
			"faces": {
				"north": {"uv": [0, 1, 0.75, 2.3], "texture": "#0"},
				"east": {"uv": [0, 1, 0.5, 2.3], "texture": "#0"},
				"south": {"uv": [0, 1, 0.75, 2.3], "texture": "#0"},
				"west": {"uv": [0, 1, 0.5, 2.3], "texture": "#0"},
				"up": {"uv": [0, 0.75, 0.75, 1.25], "texture": "#0"},
				"down": {"uv": [0, 0.75, 0.75, 1.25], "texture": "#0"}
			}
		},
		{
			"from": [10, -6, 7.5],
			"to": [10.75, -4.7, 8],
			"rotation": {"angle": 0, "axis": "y", "origin": [12.26807, 15.02952, 7.66521]},
			"faces": {
				"north": {"uv": [0.75, 1, 0, 2.3], "texture": "#0"},
				"east": {"uv": [0.5, 1, 0, 2.3], "texture": "#0"},
				"south": {"uv": [0.75, 1, 0, 2.3], "texture": "#0"},
				"west": {"uv": [0.5, 1, 0, 2.3], "texture": "#0"},
				"up": {"uv": [0.75, 0.75, 0, 1.25], "texture": "#0"},
				"down": {"uv": [0.75, 0.75, 0, 1.25], "texture": "#0"}
			}
		},
		{
			"from": [4.5, -5.2, 7.5],
			"to": [5.25, -3.9, 8],
			"faces": {
				"north": {"uv": [0, 1, 0.75, 2.3], "texture": "#0"},
				"east": {"uv": [0, 1, 0.5, 2.3], "texture": "#0"},
				"south": {"uv": [0, 1, 0.75, 2.3], "texture": "#0"},
				"west": {"uv": [0, 1, 0.5, 2.3], "texture": "#0"},
				"up": {"uv": [0, 0.75, 0.75, 1.25], "texture": "#0"},
				"down": {"uv": [0, 0.75, 0.75, 1.25], "texture": "#0"}
			}
		},
		{
			"from": [10.75, -5.2, 7.5],
			"to": [11.5, -3.9, 8],
			"rotation": {"angle": 0, "axis": "y", "origin": [12.26807, 15.02952, 7.66521]},
			"faces": {
				"north": {"uv": [0.75, 1, 0, 2.3], "texture": "#0"},
				"east": {"uv": [0.5, 1, 0, 2.3], "texture": "#0"},
				"south": {"uv": [0.75, 1, 0, 2.3], "texture": "#0"},
				"west": {"uv": [0.5, 1, 0, 2.3], "texture": "#0"},
				"up": {"uv": [0.75, 0.75, 0, 1.25], "texture": "#0"},
				"down": {"uv": [0.75, 0.75, 0, 1.25], "texture": "#0"}
			}
		},
		{
			"from": [3.75, -4.4, 7.5],
			"to": [4.5, -3.35, 8],
			"faces": {
				"north": {"uv": [0, 1, 0.75, 2.05], "texture": "#0"},
				"east": {"uv": [0, 1, 0.5, 2.05], "texture": "#0"},
				"south": {"uv": [0, 1, 0.75, 2.05], "texture": "#0"},
				"west": {"uv": [0, 1, 0.5, 2.05], "texture": "#0"},
				"up": {"uv": [0, 0.75, 0.75, 1.25], "texture": "#0"},
				"down": {"uv": [0, 0.75, 0.75, 1.25], "texture": "#0"}
			}
		},
		{
			"from": [11.5, -4.4, 7.5],
			"to": [12.25, -3.35, 8],
			"rotation": {"angle": 0, "axis": "y", "origin": [12.26807, 15.02952, 7.66521]},
			"faces": {
				"north": {"uv": [0.75, 1, 0, 2.05], "texture": "#0"},
				"east": {"uv": [0.5, 1, 0, 2.05], "texture": "#0"},
				"south": {"uv": [0.75, 1, 0, 2.05], "texture": "#0"},
				"west": {"uv": [0.5, 1, 0, 2.05], "texture": "#0"},
				"up": {"uv": [0.75, 0.75, 0, 1.25], "texture": "#0"},
				"down": {"uv": [0.75, 0.75, 0, 1.25], "texture": "#0"}
			}
		},
		{
			"from": [3, -3.6, 7.5],
			"to": [3.75, -2.8, 8],
			"faces": {
				"north": {"uv": [0, 1, 0.75, 1.8], "texture": "#0"},
				"east": {"uv": [0, 1, 0.5, 1.8], "texture": "#0"},
				"south": {"uv": [0, 1, 0.75, 1.8], "texture": "#0"},
				"west": {"uv": [0, 1, 0.5, 1.8], "texture": "#0"},
				"up": {"uv": [0, 0.75, 0.75, 1.25], "texture": "#0"},
				"down": {"uv": [0, 0.75, 0.75, 1.25], "texture": "#0"}
			}
		},
		{
			"from": [12.25, -3.6, 7.5],
			"to": [13, -2.8, 8],
			"rotation": {"angle": 0, "axis": "y", "origin": [12.26807, 15.02952, 7.66521]},
			"faces": {
				"north": {"uv": [0.75, 1, 0, 1.8], "texture": "#0"},
				"east": {"uv": [0.5, 1, 0, 1.8], "texture": "#0"},
				"south": {"uv": [0.75, 1, 0, 1.8], "texture": "#0"},
				"west": {"uv": [0.5, 1, 0, 1.8], "texture": "#0"},
				"up": {"uv": [0.75, 0.75, 0, 1.25], "texture": "#0"},
				"down": {"uv": [0.75, 0.75, 0, 1.25], "texture": "#0"}
			}
		},
		{
			"from": [2.5, -3.05, 7.5],
			"to": [3, -1.8, 8],
			"faces": {
				"north": {"uv": [0, 1, 0.5, 2.25], "texture": "#0"},
				"east": {"uv": [0, 1, 0.5, 2.25], "texture": "#0"},
				"south": {"uv": [0, 1, 0.5, 2.25], "texture": "#0"},
				"west": {"uv": [0, 1, 0.5, 2.25], "texture": "#0"},
				"up": {"uv": [0, 0.75, 0.5, 1.25], "texture": "#0"},
				"down": {"uv": [0, 0.75, 0.5, 1.25], "texture": "#0"}
			}
		},
		{
			"from": [13, -3.05, 7.5],
			"to": [13.5, -1.8, 8],
			"rotation": {"angle": 0, "axis": "y", "origin": [12.26807, 15.02952, 7.66521]},
			"faces": {
				"north": {"uv": [0.5, 1, 0, 2.25], "texture": "#0"},
				"east": {"uv": [0.5, 1, 0, 2.25], "texture": "#0"},
				"south": {"uv": [0.5, 1, 0, 2.25], "texture": "#0"},
				"west": {"uv": [0.5, 1, 0, 2.25], "texture": "#0"},
				"up": {"uv": [0.5, 0.75, 0, 1.25], "texture": "#0"},
				"down": {"uv": [0.5, 0.75, 0, 1.25], "texture": "#0"}
			}
		},
		{
			"from": [2, -2.05, 7.5],
			"to": [2.5, -1, 8],
			"faces": {
				"north": {"uv": [0, 1, 0.5, 2.05], "texture": "#0"},
				"east": {"uv": [0, 1, 0.5, 2.05], "texture": "#0"},
				"south": {"uv": [0, 1, 0.5, 2.05], "texture": "#0"},
				"west": {"uv": [0, 1, 0.5, 2.05], "texture": "#0"},
				"up": {"uv": [0, 0.75, 0.5, 1.25], "texture": "#0"},
				"down": {"uv": [0, 0.75, 0.5, 1.25], "texture": "#0"}
			}
		},
		{
			"from": [13.5, -2.05, 7.5],
			"to": [14, -1, 8],
			"rotation": {"angle": 0, "axis": "y", "origin": [12.26807, 15.02952, 7.66521]},
			"faces": {
				"north": {"uv": [0.5, 1, 0, 2.05], "texture": "#0"},
				"east": {"uv": [0.5, 1, 0, 2.05], "texture": "#0"},
				"south": {"uv": [0.5, 1, 0, 2.05], "texture": "#0"},
				"west": {"uv": [0.5, 1, 0, 2.05], "texture": "#0"},
				"up": {"uv": [0.5, 0.75, 0, 1.25], "texture": "#0"},
				"down": {"uv": [0.5, 0.75, 0, 1.25], "texture": "#0"}
			}
		},
		{
			"from": [1.775, -1, 7.5],
			"to": [2.25, 12, 8],
			"faces": {
				"north": {"uv": [0, 1, 0.475, 14], "texture": "#0"},
				"east": {"uv": [0, 1, 0.5, 14], "texture": "#0"},
				"south": {"uv": [0, 1, 0.475, 14], "texture": "#0"},
				"west": {"uv": [0, 1, 0.5, 14], "texture": "#0"},
				"up": {"uv": [0, 0.75, 0.475, 1.25], "texture": "#0"},
				"down": {"uv": [0, 0.75, 0.475, 1.25], "texture": "#0"}
			}
		},
		{
			"from": [13.75, -1, 7.5],
			"to": [14.225, 12, 8],
			"rotation": {"angle": 0, "axis": "y", "origin": [12.26807, 15.02952, 7.66521]},
			"faces": {
				"north": {"uv": [0.475, 1, 0, 14], "texture": "#0"},
				"east": {"uv": [0.5, 1, 0, 14], "texture": "#0"},
				"south": {"uv": [0.475, 1, 0, 14], "texture": "#0"},
				"west": {"uv": [0.5, 1, 0, 14], "texture": "#0"},
				"up": {"uv": [0.475, 0.75, 0, 1.25], "texture": "#0"},
				"down": {"uv": [0.475, 0.75, 0, 1.25], "texture": "#0"}
			}
		},
		{
			"from": [2, 12, 7.5],
			"to": [2.5, 13.25, 8],
			"faces": {
				"north": {"uv": [0, 1, 0.5, 2.25], "texture": "#0"},
				"east": {"uv": [0, 1, 0.5, 2.25], "texture": "#0"},
				"south": {"uv": [0, 1, 0.5, 2.25], "texture": "#0"},
				"west": {"uv": [0, 1, 0.5, 2.25], "texture": "#0"},
				"up": {"uv": [0, 0.75, 0.5, 1.25], "texture": "#0"},
				"down": {"uv": [0, 0.75, 0.5, 1.25], "texture": "#0"}
			}
		},
		{
			"from": [13.5, 12, 7.5],
			"to": [14, 13.25, 8],
			"rotation": {"angle": 0, "axis": "y", "origin": [12.26807, 15.02952, 7.66521]},
			"faces": {
				"north": {"uv": [0.5, 1, 0, 2.25], "texture": "#0"},
				"east": {"uv": [0.5, 1, 0, 2.25], "texture": "#0"},
				"south": {"uv": [0.5, 1, 0, 2.25], "texture": "#0"},
				"west": {"uv": [0.5, 1, 0, 2.25], "texture": "#0"},
				"up": {"uv": [0.5, 0.75, 0, 1.25], "texture": "#0"},
				"down": {"uv": [0.5, 0.75, 0, 1.25], "texture": "#0"}
			}
		},
		{
			"from": [2.5, 13, 7.5],
			"to": [3, 14.25, 8],
			"faces": {
				"north": {"uv": [0, 1, 0.5, 2.25], "texture": "#0"},
				"east": {"uv": [0, 1, 0.5, 2.25], "texture": "#0"},
				"south": {"uv": [0, 1, 0.5, 2.25], "texture": "#0"},
				"west": {"uv": [0, 1, 0.5, 2.25], "texture": "#0"},
				"up": {"uv": [0, 0.75, 0.5, 1.25], "texture": "#0"},
				"down": {"uv": [0, 0.75, 0.5, 1.25], "texture": "#0"}
			}
		},
		{
			"from": [13, 13, 7.5],
			"to": [13.5, 14.25, 8],
			"rotation": {"angle": 0, "axis": "y", "origin": [12.26807, 15.02952, 7.66521]},
			"faces": {
				"north": {"uv": [0.5, 1, 0, 2.25], "texture": "#0"},
				"east": {"uv": [0.5, 1, 0, 2.25], "texture": "#0"},
				"south": {"uv": [0.5, 1, 0, 2.25], "texture": "#0"},
				"west": {"uv": [0.5, 1, 0, 2.25], "texture": "#0"},
				"up": {"uv": [0.5, 0.75, 0, 1.25], "texture": "#0"},
				"down": {"uv": [0.5, 0.75, 0, 1.25], "texture": "#0"}
			}
		},
		{
			"from": [3, 14, 7.5],
			"to": [3.75, 15.25, 8],
			"faces": {
				"north": {"uv": [0, 1, 0.75, 2.25], "texture": "#0"},
				"east": {"uv": [0, 1, 0.5, 2.25], "texture": "#0"},
				"south": {"uv": [0, 1, 0.75, 2.25], "texture": "#0"},
				"west": {"uv": [0, 1, 0.5, 2.25], "texture": "#0"},
				"up": {"uv": [0, 0.75, 0.75, 1.25], "texture": "#0"},
				"down": {"uv": [0, 0.75, 0.75, 1.25], "texture": "#0"}
			}
		},
		{
			"from": [12.25, 14, 7.5],
			"to": [13, 15.25, 8],
			"rotation": {"angle": 0, "axis": "y", "origin": [12.26807, 15.02952, 7.66521]},
			"faces": {
				"north": {"uv": [0.75, 1, 0, 2.25], "texture": "#0"},
				"east": {"uv": [0.5, 1, 0, 2.25], "texture": "#0"},
				"south": {"uv": [0.75, 1, 0, 2.25], "texture": "#0"},
				"west": {"uv": [0.5, 1, 0, 2.25], "texture": "#0"},
				"up": {"uv": [0.75, 0.75, 0, 1.25], "texture": "#0"},
				"down": {"uv": [0.75, 0.75, 0, 1.25], "texture": "#0"}
			}
		},
		{
			"from": [3.75, 15, 7.5],
			"to": [4.5, 15.75, 8],
			"faces": {
				"north": {"uv": [0, 1, 0.75, 1.75], "texture": "#0"},
				"east": {"uv": [0, 1, 0.5, 1.75], "texture": "#0"},
				"south": {"uv": [0, 1, 0.75, 1.75], "texture": "#0"},
				"west": {"uv": [0, 1, 0.5, 1.75], "texture": "#0"},
				"up": {"uv": [0, 0.75, 0.75, 1.25], "texture": "#0"},
				"down": {"uv": [0, 0.75, 0.75, 1.25], "texture": "#0"}
			}
		},
		{
			"from": [11.5, 15, 7.5],
			"to": [12.25, 15.75, 8],
			"rotation": {"angle": 0, "axis": "y", "origin": [12.26807, 15.02952, 7.66521]},
			"faces": {
				"north": {"uv": [0.75, 1, 0, 1.75], "texture": "#0"},
				"east": {"uv": [0.5, 1, 0, 1.75], "texture": "#0"},
				"south": {"uv": [0.75, 1, 0, 1.75], "texture": "#0"},
				"west": {"uv": [0.5, 1, 0, 1.75], "texture": "#0"},
				"up": {"uv": [0.75, 0.75, 0, 1.25], "texture": "#0"},
				"down": {"uv": [0.75, 0.75, 0, 1.25], "texture": "#0"}
			}
		},
		{
			"from": [4.5, 15.5, 7.5],
			"to": [5.25, 16.75, 8],
			"faces": {
				"north": {"uv": [0, 1, 0.75, 2.25], "texture": "#0"},
				"east": {"uv": [0, 1, 0.5, 2.25], "texture": "#0"},
				"south": {"uv": [0, 1, 0.75, 2.25], "texture": "#0"},
				"west": {"uv": [0, 1, 0.5, 2.25], "texture": "#0"},
				"up": {"uv": [0, 0.75, 0.75, 1.25], "texture": "#0"},
				"down": {"uv": [0, 0.75, 0.75, 1.25], "texture": "#0"}
			}
		},
		{
			"from": [10.75, 15.5, 7.5],
			"to": [11.5, 16.75, 8],
			"rotation": {"angle": 0, "axis": "y", "origin": [12.26807, 15.02952, 7.66521]},
			"faces": {
				"north": {"uv": [0.75, 1, 0, 2.25], "texture": "#0"},
				"east": {"uv": [0.5, 1, 0, 2.25], "texture": "#0"},
				"south": {"uv": [0.75, 1, 0, 2.25], "texture": "#0"},
				"west": {"uv": [0.5, 1, 0, 2.25], "texture": "#0"},
				"up": {"uv": [0.75, 0.75, 0, 1.25], "texture": "#0"},
				"down": {"uv": [0.75, 0.75, 0, 1.25], "texture": "#0"}
			}
		},
		{
			"from": [5.25, 16.5, 7.5],
			"to": [6, 17.5, 8],
			"faces": {
				"north": {"uv": [0, 1, 0.75, 2], "texture": "#0"},
				"east": {"uv": [0, 1, 0.5, 2], "texture": "#0"},
				"south": {"uv": [0, 1, 0.75, 2], "texture": "#0"},
				"west": {"uv": [0, 1, 0.5, 2], "texture": "#0"},
				"up": {"uv": [0, 0.75, 0.75, 1.25], "texture": "#0"},
				"down": {"uv": [0, 0.75, 0.75, 1.25], "texture": "#0"}
			}
		},
		{
			"from": [10, 16.5, 7.5],
			"to": [10.75, 17.5, 8],
			"rotation": {"angle": 0, "axis": "y", "origin": [12.26807, 15.02952, 7.66521]},
			"faces": {
				"north": {"uv": [0.75, 1, 0, 2], "texture": "#0"},
				"east": {"uv": [0.5, 1, 0, 2], "texture": "#0"},
				"south": {"uv": [0.75, 1, 0, 2], "texture": "#0"},
				"west": {"uv": [0.5, 1, 0, 2], "texture": "#0"},
				"up": {"uv": [0.75, 0.75, 0, 1.25], "texture": "#0"},
				"down": {"uv": [0.75, 0.75, 0, 1.25], "texture": "#0"}
			}
		},
		{
			"from": [6, 17.25, 7.5],
			"to": [7.75, 18.075, 8],
			"faces": {
				"north": {"uv": [0, 1, 1.75, 1.825], "texture": "#0"},
				"east": {"uv": [0, 1, 0.5, 1.825], "texture": "#0"},
				"south": {"uv": [0, 1, 1.75, 1.825], "texture": "#0"},
				"west": {"uv": [0, 1, 0.5, 1.825], "texture": "#0"},
				"up": {"uv": [0, 0.75, 1.75, 1.25], "texture": "#0"},
				"down": {"uv": [0, 0.75, 1.75, 1.25], "texture": "#0"}
			}
		},
		{
			"from": [8.25, 17.25, 7.5],
			"to": [10, 18.075, 8],
			"rotation": {"angle": 0, "axis": "y", "origin": [12.26807, 15.02952, 7.66521]},
			"faces": {
				"north": {"uv": [1.75, 1, 0, 1.825], "texture": "#0"},
				"east": {"uv": [0.5, 1, 0, 1.825], "texture": "#0"},
				"south": {"uv": [1.75, 1, 0, 1.825], "texture": "#0"},
				"west": {"uv": [0.5, 1, 0, 1.825], "texture": "#0"},
				"up": {"uv": [1.75, 0.75, 0, 1.25], "texture": "#0"},
				"down": {"uv": [1.75, 0.75, 0, 1.25], "texture": "#0"}
			}
		},
		{
			"from": [5.25, 15, 7.25],
			"to": [6, 16.5, 8],
			"faces": {
				"north": {"uv": [0, 0, 0.75, 1.5], "texture": "#0"},
				"east": {"uv": [0, 0, 0.75, 1.5], "texture": "#0"},
				"south": {"uv": [0, 0, 0.75, 1.5], "texture": "#0"},
				"west": {"uv": [0, 0, 0.75, 1.5], "texture": "#0"},
				"up": {"uv": [0, 0, 0.75, 0.75], "texture": "#0"},
				"down": {"uv": [0, 0, 0.75, 0.75], "texture": "#0"}
			}
		},
		{
			"from": [10, 15, 7.25],
			"to": [10.75, 16.5, 8],
			"rotation": {"angle": 0, "axis": "y", "origin": [12.26807, 15.02952, 7.66521]},
			"faces": {
				"north": {"uv": [0.75, 0, 0, 1.5], "texture": "#0"},
				"east": {"uv": [0.75, 0, 0, 1.5], "texture": "#0"},
				"south": {"uv": [0.75, 0, 0, 1.5], "texture": "#0"},
				"west": {"uv": [0.75, 0, 0, 1.5], "texture": "#0"},
				"up": {"uv": [0.75, 0, 0, 0.75], "texture": "#0"},
				"down": {"uv": [0.75, 0, 0, 0.75], "texture": "#0"}
			}
		},
		{
			"from": [5.25, -4.7, 7.25],
			"to": [6, -3.4, 8],
			"faces": {
				"north": {"uv": [0, 1.5, 0.75, 2.8], "texture": "#0"},
				"east": {"uv": [0, 1.5, 0.75, 2.8], "texture": "#0"},
				"south": {"uv": [0, 1.5, 0.75, 2.8], "texture": "#0"},
				"west": {"uv": [0, 1.5, 0.75, 2.8], "texture": "#0"},
				"up": {"uv": [0, 0.75, 0.75, 1.5], "texture": "#0"},
				"down": {"uv": [0, 0.75, 0.75, 1.5], "texture": "#0"}
			}
		},
		{
			"from": [10, -4.7, 7.25],
			"to": [10.75, -3.4, 8],
			"rotation": {"angle": 0, "axis": "y", "origin": [12.26807, 15.02952, 7.66521]},
			"faces": {
				"north": {"uv": [0.75, 1.5, 0, 2.8], "texture": "#0"},
				"east": {"uv": [0.75, 1.5, 0, 2.8], "texture": "#0"},
				"south": {"uv": [0.75, 1.5, 0, 2.8], "texture": "#0"},
				"west": {"uv": [0.75, 1.5, 0, 2.8], "texture": "#0"},
				"up": {"uv": [0.75, 0.75, 0, 1.5], "texture": "#0"},
				"down": {"uv": [0.75, 0.75, 0, 1.5], "texture": "#0"}
			}
		},
		{
			"from": [4.5, 14.5, 7.25],
			"to": [5.25, 15.5, 8],
			"faces": {
				"north": {"uv": [0, 0, 0.75, 1], "texture": "#0"},
				"east": {"uv": [0, 0, 0.75, 1], "texture": "#0"},
				"south": {"uv": [0, 0, 0.75, 1], "texture": "#0"},
				"west": {"uv": [0, 0, 0.75, 1], "texture": "#0"},
				"up": {"uv": [0, 0, 0.75, 0.75], "texture": "#0"},
				"down": {"uv": [0, 0, 0.75, 0.75], "texture": "#0"}
			}
		},
		{
			"from": [10.75, 14.5, 7.25],
			"to": [11.5, 15.5, 8],
			"rotation": {"angle": 0, "axis": "y", "origin": [12.26807, 15.02952, 7.66521]},
			"faces": {
				"north": {"uv": [0.75, 0, 0, 1], "texture": "#0"},
				"east": {"uv": [0.75, 0, 0, 1], "texture": "#0"},
				"south": {"uv": [0.75, 0, 0, 1], "texture": "#0"},
				"west": {"uv": [0.75, 0, 0, 1], "texture": "#0"},
				"up": {"uv": [0.75, 0, 0, 0.75], "texture": "#0"},
				"down": {"uv": [0.75, 0, 0, 0.75], "texture": "#0"}
			}
		},
		{
			"from": [4.5, -3.9, 7.25],
			"to": [5.25, -3.1, 8],
			"faces": {
				"north": {"uv": [0, 1, 0.75, 1.8], "texture": "#0"},
				"east": {"uv": [0, 1, 0.75, 1.8], "texture": "#0"},
				"south": {"uv": [0, 1, 0.75, 1.8], "texture": "#0"},
				"west": {"uv": [0, 1, 0.75, 1.8], "texture": "#0"},
				"up": {"uv": [0, 0.75, 0.75, 1.5], "texture": "#0"},
				"down": {"uv": [0, 0.75, 0.75, 1.5], "texture": "#0"}
			}
		},
		{
			"from": [10.75, -3.9, 7.25],
			"to": [11.5, -3.1, 8],
			"rotation": {"angle": 0, "axis": "y", "origin": [12.26807, 15.02952, 7.66521]},
			"faces": {
				"north": {"uv": [0.75, 1, 0, 1.8], "texture": "#0"},
				"east": {"uv": [0.75, 1, 0, 1.8], "texture": "#0"},
				"south": {"uv": [0.75, 1, 0, 1.8], "texture": "#0"},
				"west": {"uv": [0.75, 1, 0, 1.8], "texture": "#0"},
				"up": {"uv": [0.75, 0.75, 0, 1.5], "texture": "#0"},
				"down": {"uv": [0.75, 0.75, 0, 1.5], "texture": "#0"}
			}
		},
		{
			"from": [3.75, 14, 7.25],
			"to": [4.5, 15, 8],
			"faces": {
				"north": {"uv": [0, 0, 0.75, 1], "texture": "#0"},
				"east": {"uv": [0, 0, 0.75, 1], "texture": "#0"},
				"south": {"uv": [0, 0, 0.75, 1], "texture": "#0"},
				"west": {"uv": [0, 0, 0.75, 1], "texture": "#0"},
				"up": {"uv": [0, 0, 0.75, 0.75], "texture": "#0"},
				"down": {"uv": [0, 0, 0.75, 0.75], "texture": "#0"}
			}
		},
		{
			"from": [11.5, 14, 7.25],
			"to": [12.25, 15, 8],
			"rotation": {"angle": 0, "axis": "y", "origin": [12.26807, 15.02952, 7.66521]},
			"faces": {
				"north": {"uv": [0.75, 0, 0, 1], "texture": "#0"},
				"east": {"uv": [0.75, 0, 0, 1], "texture": "#0"},
				"south": {"uv": [0.75, 0, 0, 1], "texture": "#0"},
				"west": {"uv": [0.75, 0, 0, 1], "texture": "#0"},
				"up": {"uv": [0.75, 0, 0, 0.75], "texture": "#0"},
				"down": {"uv": [0.75, 0, 0, 0.75], "texture": "#0"}
			}
		},
		{
			"from": [3.75, -3.35, 7.25],
			"to": [4.5, -2.8, 8],
			"faces": {
				"north": {"uv": [0, 1, 0.75, 1.55], "texture": "#0"},
				"east": {"uv": [0, 1, 0.75, 1.55], "texture": "#0"},
				"south": {"uv": [0, 1, 0.75, 1.55], "texture": "#0"},
				"west": {"uv": [0, 1, 0.75, 1.55], "texture": "#0"},
				"up": {"uv": [0, 0.75, 0.75, 1.5], "texture": "#0"},
				"down": {"uv": [0, 0.75, 0.75, 1.5], "texture": "#0"}
			}
		},
		{
			"from": [11.5, -3.35, 7.25],
			"to": [12.25, -2.8, 8],
			"rotation": {"angle": 0, "axis": "y", "origin": [12.26807, 15.02952, 7.66521]},
			"faces": {
				"north": {"uv": [0.75, 1, 0, 1.55], "texture": "#0"},
				"east": {"uv": [0.75, 1, 0, 1.55], "texture": "#0"},
				"south": {"uv": [0.75, 1, 0, 1.55], "texture": "#0"},
				"west": {"uv": [0.75, 1, 0, 1.55], "texture": "#0"},
				"up": {"uv": [0.75, 0.75, 0, 1.5], "texture": "#0"},
				"down": {"uv": [0.75, 0.75, 0, 1.5], "texture": "#0"}
			}
		},
		{
			"from": [2.5, 12, 7.25],
			"to": [3.25, 13, 8],
			"faces": {
				"north": {"uv": [0, 0, 0.75, 1], "texture": "#0"},
				"east": {"uv": [0, 0, 0.75, 1], "texture": "#0"},
				"south": {"uv": [0, 0, 0.75, 1], "texture": "#0"},
				"west": {"uv": [0, 0, 0.75, 1], "texture": "#0"},
				"up": {"uv": [0, 0, 0.75, 0.75], "texture": "#0"},
				"down": {"uv": [0, 0, 0.75, 0.75], "texture": "#0"}
			}
		},
		{
			"from": [12.75, 12, 7.25],
			"to": [13.5, 13, 8],
			"rotation": {"angle": 0, "axis": "y", "origin": [12.26807, 15.02952, 7.66521]},
			"faces": {
				"north": {"uv": [0.75, 0, 0, 1], "texture": "#0"},
				"east": {"uv": [0.75, 0, 0, 1], "texture": "#0"},
				"south": {"uv": [0.75, 0, 0, 1], "texture": "#0"},
				"west": {"uv": [0.75, 0, 0, 1], "texture": "#0"},
				"up": {"uv": [0.75, 0, 0, 0.75], "texture": "#0"},
				"down": {"uv": [0.75, 0, 0, 0.75], "texture": "#0"}
			}
		},
		{
			"from": [2.5, -1.8, 7.25],
			"to": [3.25, -1, 8],
			"faces": {
				"north": {"uv": [0, 1, 0.75, 1.8], "texture": "#0"},
				"east": {"uv": [0, 1, 0.75, 1.8], "texture": "#0"},
				"south": {"uv": [0, 1, 0.75, 1.8], "texture": "#0"},
				"west": {"uv": [0, 1, 0.75, 1.8], "texture": "#0"},
				"up": {"uv": [0, 0.75, 0.75, 1.5], "texture": "#0"},
				"down": {"uv": [0, 0.75, 0.75, 1.5], "texture": "#0"}
			}
		},
		{
			"from": [12.75, -1.8, 7.25],
			"to": [13.5, -1, 8],
			"rotation": {"angle": 0, "axis": "y", "origin": [12.26807, 15.02952, 7.66521]},
			"faces": {
				"north": {"uv": [0.75, 1, 0, 1.8], "texture": "#0"},
				"east": {"uv": [0.75, 1, 0, 1.8], "texture": "#0"},
				"south": {"uv": [0.75, 1, 0, 1.8], "texture": "#0"},
				"west": {"uv": [0.75, 1, 0, 1.8], "texture": "#0"},
				"up": {"uv": [0.75, 0.75, 0, 1.5], "texture": "#0"},
				"down": {"uv": [0.75, 0.75, 0, 1.5], "texture": "#0"}
			}
		},
		{
			"from": [3, 13, 7.25],
			"to": [3.75, 14, 8],
			"faces": {
				"north": {"uv": [0, 0, 0.75, 1], "texture": "#0"},
				"east": {"uv": [0, 0, 0.75, 1], "texture": "#0"},
				"south": {"uv": [0, 0, 0.75, 1], "texture": "#0"},
				"west": {"uv": [0, 0, 0.75, 1], "texture": "#0"},
				"up": {"uv": [0, 0, 0.75, 0.75], "texture": "#0"},
				"down": {"uv": [0, 0, 0.75, 0.75], "texture": "#0"}
			}
		},
		{
			"from": [12.25, 13, 7.25],
			"to": [13, 14, 8],
			"rotation": {"angle": 0, "axis": "y", "origin": [12.26807, 15.02952, 7.66521]},
			"faces": {
				"north": {"uv": [0.75, 0, 0, 1], "texture": "#0"},
				"east": {"uv": [0.75, 0, 0, 1], "texture": "#0"},
				"south": {"uv": [0.75, 0, 0, 1], "texture": "#0"},
				"west": {"uv": [0.75, 0, 0, 1], "texture": "#0"},
				"up": {"uv": [0.75, 0, 0, 0.75], "texture": "#0"},
				"down": {"uv": [0.75, 0, 0, 0.75], "texture": "#0"}
			}
		},
		{
			"from": [3, -2.8, 7.25],
			"to": [3.75, -1.8, 8],
			"faces": {
				"north": {"uv": [0, 1, 0.75, 2], "texture": "#0"},
				"east": {"uv": [0, 1, 0.75, 2], "texture": "#0"},
				"south": {"uv": [0, 1, 0.75, 2], "texture": "#0"},
				"west": {"uv": [0, 1, 0.75, 2], "texture": "#0"},
				"up": {"uv": [0, 0.75, 0.75, 1.5], "texture": "#0"},
				"down": {"uv": [0, 0.75, 0.75, 1.5], "texture": "#0"}
			}
		},
		{
			"from": [12.25, -2.8, 7.25],
			"to": [13, -1.8, 8],
			"rotation": {"angle": 0, "axis": "y", "origin": [12.26807, 15.02952, 7.66521]},
			"faces": {
				"north": {"uv": [0.75, 1, 0, 2], "texture": "#0"},
				"east": {"uv": [0.75, 1, 0, 2], "texture": "#0"},
				"south": {"uv": [0.75, 1, 0, 2], "texture": "#0"},
				"west": {"uv": [0.75, 1, 0, 2], "texture": "#0"},
				"up": {"uv": [0.75, 0.75, 0, 1.5], "texture": "#0"},
				"down": {"uv": [0.75, 0.75, 0, 1.5], "texture": "#0"}
			}
		},
		{
			"from": [2.25, -1, 7.25],
			"to": [3, 12, 8],
			"faces": {
				"north": {"uv": [0, 0, 0.75, 13], "texture": "#0"},
				"east": {"uv": [0, 0, 0.75, 13], "texture": "#0"},
				"south": {"uv": [0, 0, 0.75, 13], "texture": "#0"},
				"west": {"uv": [0, 0, 0.75, 13], "texture": "#0"},
				"up": {"uv": [0, 0, 0.75, 0.75], "texture": "#0"},
				"down": {"uv": [0, 0, 0.75, 0.75], "texture": "#0"}
			}
		},
		{
			"from": [13, -1, 7.25],
			"to": [13.75, 12, 8],
			"rotation": {"angle": 0, "axis": "y", "origin": [12.26807, 15.02952, 7.66521]},
			"faces": {
				"north": {"uv": [0.75, 0, 0, 13], "texture": "#0"},
				"east": {"uv": [0.75, 0, 0, 13], "texture": "#0"},
				"south": {"uv": [0.75, 0, 0, 13], "texture": "#0"},
				"west": {"uv": [0.75, 0, 0, 13], "texture": "#0"},
				"up": {"uv": [0.75, 0, 0, 0.75], "texture": "#0"},
				"down": {"uv": [0.75, 0, 0, 0.75], "texture": "#0"}
			}
		},
		{
			"from": [7.75, -6.575, 7.4],
			"to": [7.9, -5.575, 8],
			"faces": {
				"north": {"uv": [0, 1, 0.15, 2], "texture": "#1"},
				"east": {"uv": [0, 1, 0.6, 2], "texture": "#1"},
				"south": {"uv": [0, 1, 0.15, 2], "texture": "#1"},
				"west": {"uv": [0, 1, 0.6, 2], "texture": "#1"},
				"up": {"uv": [0, 0.75, 0.15, 1.35], "texture": "#1"},
				"down": {"uv": [0, 0.75, 0.15, 1.35], "texture": "#1"}
			}
		},
		{
			"from": [8.1, -6.575, 7.4],
			"to": [8.25, -5.575, 8],
			"rotation": {"angle": 0, "axis": "y", "origin": [12.26807, 15.02952, 7.66521]},
			"faces": {
				"north": {"uv": [0.15, 1, 0, 2], "texture": "#1"},
				"east": {"uv": [0.6, 1, 0, 2], "texture": "#1"},
				"south": {"uv": [0.15, 1, 0, 2], "texture": "#1"},
				"west": {"uv": [0.6, 1, 0, 2], "texture": "#1"},
				"up": {"uv": [0.15, 0.75, 0, 1.35], "texture": "#1"},
				"down": {"uv": [0.15, 0.75, 0, 1.35], "texture": "#1"}
			}
		},
		{
			"from": [5.925, -6.575, 7.4],
			"to": [7.75, -6.5, 8],
			"faces": {
				"north": {"uv": [0, 1, 1.825, 1.075], "texture": "#1"},
				"east": {"uv": [0, 1, 0.6, 1.075], "texture": "#1"},
				"south": {"uv": [0, 1, 1.825, 1.075], "texture": "#1"},
				"west": {"uv": [0, 1, 0.6, 1.075], "texture": "#1"},
				"up": {"uv": [0, 0.75, 1.825, 1.35], "texture": "#1"},
				"down": {"uv": [0, 0.75, 1.825, 1.35], "texture": "#1"}
			}
		},
		{
			"from": [8.25, -6.575, 7.4],
			"to": [10.075, -6.5, 8],
			"rotation": {"angle": 0, "axis": "y", "origin": [12.26807, 15.02952, 7.66521]},
			"faces": {
				"north": {"uv": [1.825, 1, 0, 1.075], "texture": "#1"},
				"east": {"uv": [0.6, 1, 0, 1.075], "texture": "#1"},
				"south": {"uv": [1.825, 1, 0, 1.075], "texture": "#1"},
				"west": {"uv": [0.6, 1, 0, 1.075], "texture": "#1"},
				"up": {"uv": [1.825, 0.75, 0, 1.35], "texture": "#1"},
				"down": {"uv": [1.825, 0.75, 0, 1.35], "texture": "#1"}
			}
		},
		{
			"from": [5.925, -6.5, 7.4],
			"to": [6, -6, 8],
			"faces": {
				"north": {"uv": [0, 1, 0.075, 1.5], "texture": "#1"},
				"east": {"uv": [0, 1, 0.6, 1.5], "texture": "#1"},
				"south": {"uv": [0, 1, 0.075, 1.5], "texture": "#1"},
				"west": {"uv": [0, 1, 0.6, 1.5], "texture": "#1"},
				"up": {"uv": [0, 0.75, 0.075, 1.35], "texture": "#1"},
				"down": {"uv": [0, 0.75, 0.075, 1.35], "texture": "#1"}
			}
		},
		{
			"from": [10, -6.5, 7.4],
			"to": [10.075, -6, 8],
			"rotation": {"angle": 0, "axis": "y", "origin": [12.26807, 15.02952, 7.66521]},
			"faces": {
				"north": {"uv": [0.075, 1, 0, 1.5], "texture": "#1"},
				"east": {"uv": [0.6, 1, 0, 1.5], "texture": "#1"},
				"south": {"uv": [0.075, 1, 0, 1.5], "texture": "#1"},
				"west": {"uv": [0.6, 1, 0, 1.5], "texture": "#1"},
				"up": {"uv": [0.075, 0.75, 0, 1.35], "texture": "#1"},
				"down": {"uv": [0.075, 0.75, 0, 1.35], "texture": "#1"}
			}
		},
		{
			"from": [5.175, -6.075, 7.4],
			"to": [5.925, -6, 8],
			"faces": {
				"north": {"uv": [0, 1, 0.75, 1.075], "texture": "#1"},
				"east": {"uv": [0, 1, 0.6, 1.075], "texture": "#1"},
				"south": {"uv": [0, 1, 0.75, 1.075], "texture": "#1"},
				"west": {"uv": [0, 1, 0.6, 1.075], "texture": "#1"},
				"up": {"uv": [0, 0.75, 0.75, 1.35], "texture": "#1"},
				"down": {"uv": [0, 0.75, 0.75, 1.35], "texture": "#1"}
			}
		},
		{
			"from": [10.075, -6.075, 7.4],
			"to": [10.825, -6, 8],
			"rotation": {"angle": 0, "axis": "y", "origin": [12.26807, 15.02952, 7.66521]},
			"faces": {
				"north": {"uv": [0.75, 1, 0, 1.075], "texture": "#1"},
				"east": {"uv": [0.6, 1, 0, 1.075], "texture": "#1"},
				"south": {"uv": [0.75, 1, 0, 1.075], "texture": "#1"},
				"west": {"uv": [0.6, 1, 0, 1.075], "texture": "#1"},
				"up": {"uv": [0.75, 0.75, 0, 1.35], "texture": "#1"},
				"down": {"uv": [0.75, 0.75, 0, 1.35], "texture": "#1"}
			}
		},
		{
			"from": [5.175, -6, 7.4],
			"to": [5.25, -5.2, 8],
			"faces": {
				"north": {"uv": [0, 1, 0.075, 1.8], "texture": "#1"},
				"east": {"uv": [0, 1, 0.6, 1.8], "texture": "#1"},
				"south": {"uv": [0, 1, 0.075, 1.8], "texture": "#1"},
				"west": {"uv": [0, 1, 0.6, 1.8], "texture": "#1"},
				"up": {"uv": [0, 0.75, 0.075, 1.35], "texture": "#1"},
				"down": {"uv": [0, 0.75, 0.075, 1.35], "texture": "#1"}
			}
		},
		{
			"from": [10.75, -6, 7.4],
			"to": [10.825, -5.2, 8],
			"rotation": {"angle": 0, "axis": "y", "origin": [12.26807, 15.02952, 7.66521]},
			"faces": {
				"north": {"uv": [0.075, 1, 0, 1.8], "texture": "#1"},
				"east": {"uv": [0.6, 1, 0, 1.8], "texture": "#1"},
				"south": {"uv": [0.075, 1, 0, 1.8], "texture": "#1"},
				"west": {"uv": [0.6, 1, 0, 1.8], "texture": "#1"},
				"up": {"uv": [0.075, 0.75, 0, 1.35], "texture": "#1"},
				"down": {"uv": [0.075, 0.75, 0, 1.35], "texture": "#1"}
			}
		},
		{
			"from": [4.425, -5.2, 7.4],
			"to": [4.5, -4.4, 8],
			"faces": {
				"north": {"uv": [0, 1, 0.075, 1.8], "texture": "#1"},
				"east": {"uv": [0, 1, 0.6, 1.8], "texture": "#1"},
				"south": {"uv": [0, 1, 0.075, 1.8], "texture": "#1"},
				"west": {"uv": [0, 1, 0.6, 1.8], "texture": "#1"},
				"up": {"uv": [0, 0.75, 0.075, 1.35], "texture": "#1"},
				"down": {"uv": [0, 0.75, 0.075, 1.35], "texture": "#1"}
			}
		},
		{
			"from": [11.5, -5.2, 7.4],
			"to": [11.575, -4.4, 8],
			"rotation": {"angle": 0, "axis": "y", "origin": [12.26807, 15.02952, 7.66521]},
			"faces": {
				"north": {"uv": [0.075, 1, 0, 1.8], "texture": "#1"},
				"east": {"uv": [0.6, 1, 0, 1.8], "texture": "#1"},
				"south": {"uv": [0.075, 1, 0, 1.8], "texture": "#1"},
				"west": {"uv": [0.6, 1, 0, 1.8], "texture": "#1"},
				"up": {"uv": [0.075, 0.75, 0, 1.35], "texture": "#1"},
				"down": {"uv": [0.075, 0.75, 0, 1.35], "texture": "#1"}
			}
		},
		{
			"from": [3.675, -4.475, 7.4],
			"to": [4.425, -4.4, 8],
			"faces": {
				"north": {"uv": [0, 1, 0.75, 1.075], "texture": "#1"},
				"east": {"uv": [0, 1, 0.6, 1.075], "texture": "#1"},
				"south": {"uv": [0, 1, 0.75, 1.075], "texture": "#1"},
				"west": {"uv": [0, 1, 0.6, 1.075], "texture": "#1"},
				"up": {"uv": [0, 0.75, 0.75, 1.35], "texture": "#1"},
				"down": {"uv": [0, 0.75, 0.75, 1.35], "texture": "#1"}
			}
		},
		{
			"from": [11.575, -4.475, 7.4],
			"to": [12.325, -4.4, 8],
			"rotation": {"angle": 0, "axis": "y", "origin": [12.26807, 15.02952, 7.66521]},
			"faces": {
				"north": {"uv": [0.75, 1, 0, 1.075], "texture": "#1"},
				"east": {"uv": [0.6, 1, 0, 1.075], "texture": "#1"},
				"south": {"uv": [0.75, 1, 0, 1.075], "texture": "#1"},
				"west": {"uv": [0.6, 1, 0, 1.075], "texture": "#1"},
				"up": {"uv": [0.75, 0.75, 0, 1.35], "texture": "#1"},
				"down": {"uv": [0.75, 0.75, 0, 1.35], "texture": "#1"}
			}
		},
		{
			"from": [3.675, -4.4, 7.4],
			"to": [3.75, -3.6, 8],
			"faces": {
				"north": {"uv": [0, 1, 0.075, 1.8], "texture": "#1"},
				"east": {"uv": [0, 1, 0.6, 1.8], "texture": "#1"},
				"south": {"uv": [0, 1, 0.075, 1.8], "texture": "#1"},
				"west": {"uv": [0, 1, 0.6, 1.8], "texture": "#1"},
				"up": {"uv": [0, 0.75, 0.075, 1.35], "texture": "#1"},
				"down": {"uv": [0, 0.75, 0.075, 1.35], "texture": "#1"}
			}
		},
		{
			"from": [12.25, -4.4, 7.4],
			"to": [12.325, -3.6, 8],
			"rotation": {"angle": 0, "axis": "y", "origin": [12.26807, 15.02952, 7.66521]},
			"faces": {
				"north": {"uv": [0.075, 1, 0, 1.8], "texture": "#1"},
				"east": {"uv": [0.6, 1, 0, 1.8], "texture": "#1"},
				"south": {"uv": [0.075, 1, 0, 1.8], "texture": "#1"},
				"west": {"uv": [0.6, 1, 0, 1.8], "texture": "#1"},
				"up": {"uv": [0.075, 0.75, 0, 1.35], "texture": "#1"},
				"down": {"uv": [0.075, 0.75, 0, 1.35], "texture": "#1"}
			}
		},
		{
			"from": [2.925, -3.675, 7.4],
			"to": [3.675, -3.6, 8],
			"faces": {
				"north": {"uv": [0, 1, 0.75, 1.075], "texture": "#1"},
				"east": {"uv": [0, 1, 0.6, 1.075], "texture": "#1"},
				"south": {"uv": [0, 1, 0.75, 1.075], "texture": "#1"},
				"west": {"uv": [0, 1, 0.6, 1.075], "texture": "#1"},
				"up": {"uv": [0, 0.75, 0.75, 1.35], "texture": "#1"},
				"down": {"uv": [0, 0.75, 0.75, 1.35], "texture": "#1"}
			}
		},
		{
			"from": [12.325, -3.675, 7.4],
			"to": [13.075, -3.6, 8],
			"rotation": {"angle": 0, "axis": "y", "origin": [12.26807, 15.02952, 7.66521]},
			"faces": {
				"north": {"uv": [0.75, 1, 0, 1.075], "texture": "#1"},
				"east": {"uv": [0.6, 1, 0, 1.075], "texture": "#1"},
				"south": {"uv": [0.75, 1, 0, 1.075], "texture": "#1"},
				"west": {"uv": [0.6, 1, 0, 1.075], "texture": "#1"},
				"up": {"uv": [0.75, 0.75, 0, 1.35], "texture": "#1"},
				"down": {"uv": [0.75, 0.75, 0, 1.35], "texture": "#1"}
			}
		},
		{
			"from": [2.925, -3.6, 7.4],
			"to": [3, -3.05, 8],
			"faces": {
				"north": {"uv": [0, 1, 0.075, 1.55], "texture": "#1"},
				"east": {"uv": [0, 1, 0.6, 1.55], "texture": "#1"},
				"south": {"uv": [0, 1, 0.075, 1.55], "texture": "#1"},
				"west": {"uv": [0, 1, 0.6, 1.55], "texture": "#1"},
				"up": {"uv": [0, 0.75, 0.075, 1.35], "texture": "#1"},
				"down": {"uv": [0, 0.75, 0.075, 1.35], "texture": "#1"}
			}
		},
		{
			"from": [13, -3.6, 7.4],
			"to": [13.075, -3.05, 8],
			"rotation": {"angle": 0, "axis": "y", "origin": [12.26807, 15.02952, 7.66521]},
			"faces": {
				"north": {"uv": [0.075, 1, 0, 1.55], "texture": "#1"},
				"east": {"uv": [0.6, 1, 0, 1.55], "texture": "#1"},
				"south": {"uv": [0.075, 1, 0, 1.55], "texture": "#1"},
				"west": {"uv": [0.6, 1, 0, 1.55], "texture": "#1"},
				"up": {"uv": [0.075, 0.75, 0, 1.35], "texture": "#1"},
				"down": {"uv": [0.075, 0.75, 0, 1.35], "texture": "#1"}
			}
		},
		{
			"from": [2.425, -3.125, 7.4],
			"to": [2.925, -3.05, 8],
			"faces": {
				"north": {"uv": [0, 1, 0.5, 1.075], "texture": "#1"},
				"east": {"uv": [0, 1, 0.6, 1.075], "texture": "#1"},
				"south": {"uv": [0, 1, 0.5, 1.075], "texture": "#1"},
				"west": {"uv": [0, 1, 0.6, 1.075], "texture": "#1"},
				"up": {"uv": [0, 0.75, 0.5, 1.35], "texture": "#1"},
				"down": {"uv": [0, 0.75, 0.5, 1.35], "texture": "#1"}
			}
		},
		{
			"from": [13.075, -3.125, 7.4],
			"to": [13.575, -3.05, 8],
			"rotation": {"angle": 0, "axis": "y", "origin": [12.26807, 15.02952, 7.66521]},
			"faces": {
				"north": {"uv": [0.5, 1, 0, 1.075], "texture": "#1"},
				"east": {"uv": [0.6, 1, 0, 1.075], "texture": "#1"},
				"south": {"uv": [0.5, 1, 0, 1.075], "texture": "#1"},
				"west": {"uv": [0.6, 1, 0, 1.075], "texture": "#1"},
				"up": {"uv": [0.5, 0.75, 0, 1.35], "texture": "#1"},
				"down": {"uv": [0.5, 0.75, 0, 1.35], "texture": "#1"}
			}
		},
		{
			"from": [2.425, -3.05, 7.4],
			"to": [2.5, -2.05, 8],
			"faces": {
				"north": {"uv": [0, 1, 0.075, 2], "texture": "#1"},
				"east": {"uv": [0, 1, 0.6, 2], "texture": "#1"},
				"south": {"uv": [0, 1, 0.075, 2], "texture": "#1"},
				"west": {"uv": [0, 1, 0.6, 2], "texture": "#1"},
				"up": {"uv": [0, 0.75, 0.075, 1.35], "texture": "#1"},
				"down": {"uv": [0, 0.75, 0.075, 1.35], "texture": "#1"}
			}
		},
		{
			"from": [13.5, -3.05, 7.4],
			"to": [13.575, -2.05, 8],
			"rotation": {"angle": 0, "axis": "y", "origin": [12.26807, 15.02952, 7.66521]},
			"faces": {
				"north": {"uv": [0.075, 1, 0, 2], "texture": "#1"},
				"east": {"uv": [0.6, 1, 0, 2], "texture": "#1"},
				"south": {"uv": [0.075, 1, 0, 2], "texture": "#1"},
				"west": {"uv": [0.6, 1, 0, 2], "texture": "#1"},
				"up": {"uv": [0.075, 0.75, 0, 1.35], "texture": "#1"},
				"down": {"uv": [0.075, 0.75, 0, 1.35], "texture": "#1"}
			}
		},
		{
			"from": [1.925, -2.05, 7.4],
			"to": [2, -1, 8],
			"faces": {
				"north": {"uv": [0, 1, 0.075, 2.05], "texture": "#1"},
				"east": {"uv": [0, 1, 0.6, 2.05], "texture": "#1"},
				"south": {"uv": [0, 1, 0.075, 2.05], "texture": "#1"},
				"west": {"uv": [0, 1, 0.6, 2.05], "texture": "#1"},
				"up": {"uv": [0, 0.75, 0.075, 1.35], "texture": "#1"},
				"down": {"uv": [0, 0.75, 0.075, 1.35], "texture": "#1"}
			}
		},
		{
			"from": [14, -2.05, 7.4],
			"to": [14.075, -1, 8],
			"rotation": {"angle": 0, "axis": "y", "origin": [12.26807, 15.02952, 7.66521]},
			"faces": {
				"north": {"uv": [0.075, 1, 0, 2.05], "texture": "#1"},
				"east": {"uv": [0.6, 1, 0, 2.05], "texture": "#1"},
				"south": {"uv": [0.075, 1, 0, 2.05], "texture": "#1"},
				"west": {"uv": [0.6, 1, 0, 2.05], "texture": "#1"},
				"up": {"uv": [0.075, 0.75, 0, 1.35], "texture": "#1"},
				"down": {"uv": [0.075, 0.75, 0, 1.35], "texture": "#1"}
			}
		},
		{
			"from": [1.7, -1.075, 7.4],
			"to": [1.925, -1, 8],
			"faces": {
				"north": {"uv": [0, 1, 0.225, 1.075], "texture": "#1"},
				"east": {"uv": [0, 1, 0.6, 1.075], "texture": "#1"},
				"south": {"uv": [0, 1, 0.225, 1.075], "texture": "#1"},
				"west": {"uv": [0, 1, 0.6, 1.075], "texture": "#1"},
				"up": {"uv": [0, 0.75, 0.225, 1.35], "texture": "#1"},
				"down": {"uv": [0, 0.75, 0.225, 1.35], "texture": "#1"}
			}
		},
		{
			"from": [14.075, -1.075, 7.4],
			"to": [14.3, -1, 8],
			"rotation": {"angle": 0, "axis": "y", "origin": [12.26807, 15.02952, 7.66521]},
			"faces": {
				"north": {"uv": [0.225, 1, 0, 1.075], "texture": "#1"},
				"east": {"uv": [0.6, 1, 0, 1.075], "texture": "#1"},
				"south": {"uv": [0.225, 1, 0, 1.075], "texture": "#1"},
				"west": {"uv": [0.6, 1, 0, 1.075], "texture": "#1"},
				"up": {"uv": [0.225, 0.75, 0, 1.35], "texture": "#1"},
				"down": {"uv": [0.225, 0.75, 0, 1.35], "texture": "#1"}
			}
		},
		{
			"from": [1.7, -1, 7.4],
			"to": [1.775, 12.075, 8],
			"faces": {
				"north": {"uv": [0, 1, 0.075, 14.075], "texture": "#1"},
				"east": {"uv": [0, 1, 0.6, 14.075], "texture": "#1"},
				"south": {"uv": [0, 1, 0.075, 14.075], "texture": "#1"},
				"west": {"uv": [0, 1, 0.6, 14.075], "texture": "#1"},
				"up": {"uv": [0, 0.75, 0.075, 1.35], "texture": "#1"},
				"down": {"uv": [0, 0.75, 0.075, 1.35], "texture": "#1"}
			}
		},
		{
			"from": [14.225, -1, 7.4],
			"to": [14.3, 12.075, 8],
			"rotation": {"angle": 0, "axis": "y", "origin": [12.26807, 15.02952, 7.66521]},
			"faces": {
				"north": {"uv": [0.075, 1, 0, 14.075], "texture": "#1"},
				"east": {"uv": [0.6, 1, 0, 14.075], "texture": "#1"},
				"south": {"uv": [0.075, 1, 0, 14.075], "texture": "#1"},
				"west": {"uv": [0.6, 1, 0, 14.075], "texture": "#1"},
				"up": {"uv": [0.075, 0.75, 0, 1.35], "texture": "#1"},
				"down": {"uv": [0.075, 0.75, 0, 1.35], "texture": "#1"}
			}
		},
		{
			"from": [1.775, 12, 7.4],
			"to": [2, 12.075, 8],
			"faces": {
				"north": {"uv": [0, 1, 0.225, 1.075], "texture": "#1"},
				"east": {"uv": [0, 1, 0.6, 1.075], "texture": "#1"},
				"south": {"uv": [0, 1, 0.225, 1.075], "texture": "#1"},
				"west": {"uv": [0, 1, 0.6, 1.075], "texture": "#1"},
				"up": {"uv": [0, 0.75, 0.225, 1.35], "texture": "#1"},
				"down": {"uv": [0, 0.75, 0.225, 1.35], "texture": "#1"}
			}
		},
		{
			"from": [14, 12, 7.4],
			"to": [14.225, 12.075, 8],
			"rotation": {"angle": 0, "axis": "y", "origin": [12.26807, 15.02952, 7.66521]},
			"faces": {
				"north": {"uv": [0.225, 1, 0, 1.075], "texture": "#1"},
				"east": {"uv": [0.6, 1, 0, 1.075], "texture": "#1"},
				"south": {"uv": [0.225, 1, 0, 1.075], "texture": "#1"},
				"west": {"uv": [0.6, 1, 0, 1.075], "texture": "#1"},
				"up": {"uv": [0.225, 0.75, 0, 1.35], "texture": "#1"},
				"down": {"uv": [0.225, 0.75, 0, 1.35], "texture": "#1"}
			}
		},
		{
			"from": [1.925, 12.075, 7.4],
			"to": [2, 13.325, 8],
			"faces": {
				"north": {"uv": [0, 1, 0.075, 2.25], "texture": "#1"},
				"east": {"uv": [0, 1, 0.6, 2.25], "texture": "#1"},
				"south": {"uv": [0, 1, 0.075, 2.25], "texture": "#1"},
				"west": {"uv": [0, 1, 0.6, 2.25], "texture": "#1"},
				"up": {"uv": [0, 0.75, 0.075, 1.35], "texture": "#1"},
				"down": {"uv": [0, 0.75, 0.075, 1.35], "texture": "#1"}
			}
		},
		{
			"from": [14, 12.075, 7.4],
			"to": [14.075, 13.325, 8],
			"rotation": {"angle": 0, "axis": "y", "origin": [12.26807, 15.02952, 7.66521]},
			"faces": {
				"north": {"uv": [0.075, 1, 0, 2.25], "texture": "#1"},
				"east": {"uv": [0.6, 1, 0, 2.25], "texture": "#1"},
				"south": {"uv": [0.075, 1, 0, 2.25], "texture": "#1"},
				"west": {"uv": [0.6, 1, 0, 2.25], "texture": "#1"},
				"up": {"uv": [0.075, 0.75, 0, 1.35], "texture": "#1"},
				"down": {"uv": [0.075, 0.75, 0, 1.35], "texture": "#1"}
			}
		},
		{
			"from": [2, 13.25, 7.4],
			"to": [2.5, 13.325, 8],
			"faces": {
				"north": {"uv": [0, 1, 0.5, 1.075], "texture": "#1"},
				"east": {"uv": [0, 1, 0.6, 1.075], "texture": "#1"},
				"south": {"uv": [0, 1, 0.5, 1.075], "texture": "#1"},
				"west": {"uv": [0, 1, 0.6, 1.075], "texture": "#1"},
				"up": {"uv": [0, 0.75, 0.5, 1.35], "texture": "#1"},
				"down": {"uv": [0, 0.75, 0.5, 1.35], "texture": "#1"}
			}
		},
		{
			"from": [13.5, 13.25, 7.4],
			"to": [14, 13.325, 8],
			"rotation": {"angle": 0, "axis": "y", "origin": [12.26807, 15.02952, 7.66521]},
			"faces": {
				"north": {"uv": [0.5, 1, 0, 1.075], "texture": "#1"},
				"east": {"uv": [0.6, 1, 0, 1.075], "texture": "#1"},
				"south": {"uv": [0.5, 1, 0, 1.075], "texture": "#1"},
				"west": {"uv": [0.6, 1, 0, 1.075], "texture": "#1"},
				"up": {"uv": [0.5, 0.75, 0, 1.35], "texture": "#1"},
				"down": {"uv": [0.5, 0.75, 0, 1.35], "texture": "#1"}
			}
		},
		{
			"from": [2.425, 13.325, 7.4],
			"to": [2.5, 14.325, 8],
			"faces": {
				"north": {"uv": [0, 1, 0.075, 2], "texture": "#1"},
				"east": {"uv": [0, 1, 0.6, 2], "texture": "#1"},
				"south": {"uv": [0, 1, 0.075, 2], "texture": "#1"},
				"west": {"uv": [0, 1, 0.6, 2], "texture": "#1"},
				"up": {"uv": [0, 0.75, 0.075, 1.35], "texture": "#1"},
				"down": {"uv": [0, 0.75, 0.075, 1.35], "texture": "#1"}
			}
		},
		{
			"from": [13.5, 13.325, 7.4],
			"to": [13.575, 14.325, 8],
			"rotation": {"angle": 0, "axis": "y", "origin": [12.26807, 15.02952, 7.66521]},
			"faces": {
				"north": {"uv": [0.075, 1, 0, 2], "texture": "#1"},
				"east": {"uv": [0.6, 1, 0, 2], "texture": "#1"},
				"south": {"uv": [0.075, 1, 0, 2], "texture": "#1"},
				"west": {"uv": [0.6, 1, 0, 2], "texture": "#1"},
				"up": {"uv": [0.075, 0.75, 0, 1.35], "texture": "#1"},
				"down": {"uv": [0.075, 0.75, 0, 1.35], "texture": "#1"}
			}
		},
		{
			"from": [2.925, 14.25, 7.4],
			"to": [3, 15.25, 8],
			"faces": {
				"north": {"uv": [0, 1, 0.075, 2], "texture": "#1"},
				"east": {"uv": [0, 1, 0.6, 2], "texture": "#1"},
				"south": {"uv": [0, 1, 0.075, 2], "texture": "#1"},
				"west": {"uv": [0, 1, 0.6, 2], "texture": "#1"},
				"up": {"uv": [0, 0.75, 0.075, 1.35], "texture": "#1"},
				"down": {"uv": [0, 0.75, 0.075, 1.35], "texture": "#1"}
			}
		},
		{
			"from": [13, 14.25, 7.4],
			"to": [13.075, 15.25, 8],
			"rotation": {"angle": 0, "axis": "y", "origin": [12.26807, 15.02952, 7.66521]},
			"faces": {
				"north": {"uv": [0.075, 1, 0, 2], "texture": "#1"},
				"east": {"uv": [0.6, 1, 0, 2], "texture": "#1"},
				"south": {"uv": [0.075, 1, 0, 2], "texture": "#1"},
				"west": {"uv": [0.6, 1, 0, 2], "texture": "#1"},
				"up": {"uv": [0.075, 0.75, 0, 1.35], "texture": "#1"},
				"down": {"uv": [0.075, 0.75, 0, 1.35], "texture": "#1"}
			}
		},
		{
			"from": [3.675, 15.25, 7.4],
			"to": [3.75, 15.825, 8],
			"faces": {
				"north": {"uv": [0, 1, 0.075, 1.575], "texture": "#1"},
				"east": {"uv": [0, 1, 0.6, 1.575], "texture": "#1"},
				"south": {"uv": [0, 1, 0.075, 1.575], "texture": "#1"},
				"west": {"uv": [0, 1, 0.6, 1.575], "texture": "#1"},
				"up": {"uv": [0, 0.75, 0.075, 1.35], "texture": "#1"},
				"down": {"uv": [0, 0.75, 0.075, 1.35], "texture": "#1"}
			}
		},
		{
			"from": [12.25, 15.25, 7.4],
			"to": [12.325, 15.825, 8],
			"rotation": {"angle": 0, "axis": "y", "origin": [12.26807, 15.02952, 7.66521]},
			"faces": {
				"north": {"uv": [0.075, 1, 0, 1.575], "texture": "#1"},
				"east": {"uv": [0.6, 1, 0, 1.575], "texture": "#1"},
				"south": {"uv": [0.075, 1, 0, 1.575], "texture": "#1"},
				"west": {"uv": [0.6, 1, 0, 1.575], "texture": "#1"},
				"up": {"uv": [0.075, 0.75, 0, 1.35], "texture": "#1"},
				"down": {"uv": [0.075, 0.75, 0, 1.35], "texture": "#1"}
			}
		},
		{
			"from": [4.425, 15.825, 7.4],
			"to": [4.5, 16.825, 8],
			"faces": {
				"north": {"uv": [0, 1, 0.075, 2], "texture": "#1"},
				"east": {"uv": [0, 1, 0.6, 2], "texture": "#1"},
				"south": {"uv": [0, 1, 0.075, 2], "texture": "#1"},
				"west": {"uv": [0, 1, 0.6, 2], "texture": "#1"},
				"up": {"uv": [0, 0.75, 0.075, 1.35], "texture": "#1"},
				"down": {"uv": [0, 0.75, 0.075, 1.35], "texture": "#1"}
			}
		},
		{
			"from": [11.5, 15.825, 7.4],
			"to": [11.575, 16.825, 8],
			"rotation": {"angle": 0, "axis": "y", "origin": [12.26807, 15.02952, 7.66521]},
			"faces": {
				"north": {"uv": [0.075, 1, 0, 2], "texture": "#1"},
				"east": {"uv": [0.6, 1, 0, 2], "texture": "#1"},
				"south": {"uv": [0.075, 1, 0, 2], "texture": "#1"},
				"west": {"uv": [0.6, 1, 0, 2], "texture": "#1"},
				"up": {"uv": [0.075, 0.75, 0, 1.35], "texture": "#1"},
				"down": {"uv": [0.075, 0.75, 0, 1.35], "texture": "#1"}
			}
		},
		{
			"from": [6, 18.075, 7.4],
			"to": [7.825, 18.15, 8],
			"faces": {
				"north": {"uv": [0, 1, 1.825, 1.075], "texture": "#1"},
				"east": {"uv": [0, 1, 0.6, 1.075], "texture": "#1"},
				"south": {"uv": [0, 1, 1.825, 1.075], "texture": "#1"},
				"west": {"uv": [0, 1, 0.6, 1.075], "texture": "#1"},
				"up": {"uv": [0, 0.75, 1.825, 1.35], "texture": "#1"},
				"down": {"uv": [0, 0.75, 1.825, 1.35], "texture": "#1"}
			}
		},
		{
			"from": [8.175, 18.075, 7.4],
			"to": [10, 18.15, 8],
			"rotation": {"angle": 0, "axis": "y", "origin": [12.26807, 15.02952, 7.66521]},
			"faces": {
				"north": {"uv": [1.825, 1, 0, 1.075], "texture": "#1"},
				"east": {"uv": [0.6, 1, 0, 1.075], "texture": "#1"},
				"south": {"uv": [1.825, 1, 0, 1.075], "texture": "#1"},
				"west": {"uv": [0.6, 1, 0, 1.075], "texture": "#1"},
				"up": {"uv": [1.825, 0.75, 0, 1.35], "texture": "#1"},
				"down": {"uv": [1.825, 0.75, 0, 1.35], "texture": "#1"}
			}
		},
		{
			"from": [7.75, 17.325, 7.4],
			"to": [7.825, 18.075, 8],
			"faces": {
				"north": {"uv": [0, 1, 0.075, 1.75], "texture": "#1"},
				"east": {"uv": [0, 1, 0.6, 1.75], "texture": "#1"},
				"south": {"uv": [0, 1, 0.075, 1.75], "texture": "#1"},
				"west": {"uv": [0, 1, 0.6, 1.75], "texture": "#1"},
				"up": {"uv": [0, 0.75, 0.075, 1.35], "texture": "#1"},
				"down": {"uv": [0, 0.75, 0.075, 1.35], "texture": "#1"}
			}
		},
		{
			"from": [8.175, 17.325, 7.4],
			"to": [8.25, 18.075, 8],
			"rotation": {"angle": 0, "axis": "y", "origin": [12.26807, 15.02952, 7.66521]},
			"faces": {
				"north": {"uv": [0.075, 1, 0, 1.75], "texture": "#1"},
				"east": {"uv": [0.6, 1, 0, 1.75], "texture": "#1"},
				"south": {"uv": [0.075, 1, 0, 1.75], "texture": "#1"},
				"west": {"uv": [0.6, 1, 0, 1.75], "texture": "#1"},
				"up": {"uv": [0.075, 0.75, 0, 1.35], "texture": "#1"},
				"down": {"uv": [0.075, 0.75, 0, 1.35], "texture": "#1"}
			}
		},
		{
			"from": [7.75, 16.575, 7.175],
			"to": [7.825, 17.325, 8],
			"faces": {
				"north": {"uv": [0, 1, 0.075, 1.75], "texture": "#1"},
				"east": {"uv": [0, 1, 0.825, 1.75], "texture": "#1"},
				"south": {"uv": [0, 1, 0.075, 1.75], "texture": "#1"},
				"west": {"uv": [0, 1, 0.825, 1.75], "texture": "#1"},
				"up": {"uv": [0, 0.75, 0.075, 1.575], "texture": "#1"},
				"down": {"uv": [0, 0.75, 0.075, 1.575], "texture": "#1"}
			}
		},
		{
			"from": [8.175, 16.575, 7.175],
			"to": [8.25, 17.325, 8],
			"rotation": {"angle": 0, "axis": "y", "origin": [12.26807, 15.02952, 7.66521]},
			"faces": {
				"north": {"uv": [0.075, 1, 0, 1.75], "texture": "#1"},
				"east": {"uv": [0.825, 1, 0, 1.75], "texture": "#1"},
				"south": {"uv": [0.075, 1, 0, 1.75], "texture": "#1"},
				"west": {"uv": [0.825, 1, 0, 1.75], "texture": "#1"},
				"up": {"uv": [0.075, 0.75, 0, 1.575], "texture": "#1"},
				"down": {"uv": [0.075, 0.75, 0, 1.575], "texture": "#1"}
			}
		},
		{
			"from": [10.75, 16.825, 7.4],
			"to": [10.825, 17.575, 8],
			"rotation": {"angle": 0, "axis": "y", "origin": [12.26807, 15.02952, 7.66521]},
			"faces": {
				"north": {"uv": [0.075, 1, 0, 1.75], "texture": "#1"},
				"east": {"uv": [0.6, 1, 0, 1.75], "texture": "#1"},
				"south": {"uv": [0.075, 1, 0, 1.75], "texture": "#1"},
				"west": {"uv": [0.6, 1, 0, 1.75], "texture": "#1"},
				"up": {"uv": [0.075, 0.75, 0, 1.35], "texture": "#1"},
				"down": {"uv": [0.075, 0.75, 0, 1.35], "texture": "#1"}
			}
		},
		{
			"from": [5.925, 17.575, 7.4],
			"to": [6, 18.15, 8],
			"faces": {
				"north": {"uv": [0, 1, 0.075, 1.575], "texture": "#1"},
				"east": {"uv": [0, 1, 0.6, 1.575], "texture": "#1"},
				"south": {"uv": [0, 1, 0.075, 1.575], "texture": "#1"},
				"west": {"uv": [0, 1, 0.6, 1.575], "texture": "#1"},
				"up": {"uv": [0, 0.75, 0.075, 1.35], "texture": "#1"},
				"down": {"uv": [0, 0.75, 0.075, 1.35], "texture": "#1"}
			}
		},
		{
			"from": [10, 17.575, 7.4],
			"to": [10.075, 18.15, 8],
			"rotation": {"angle": 0, "axis": "y", "origin": [12.26807, 15.02952, 7.66521]},
			"faces": {
				"north": {"uv": [0.075, 1, 0, 1.575], "texture": "#1"},
				"east": {"uv": [0.6, 1, 0, 1.575], "texture": "#1"},
				"south": {"uv": [0.075, 1, 0, 1.575], "texture": "#1"},
				"west": {"uv": [0.6, 1, 0, 1.575], "texture": "#1"},
				"up": {"uv": [0.075, 0.75, 0, 1.35], "texture": "#1"},
				"down": {"uv": [0.075, 0.75, 0, 1.35], "texture": "#1"}
			}
		},
		{
			"from": [5.175, 16.825, 7.4],
			"to": [5.25, 17.575, 8],
			"rotation": {"angle": 0, "axis": "y", "origin": [12.26807, 15.02952, 7.66521]},
			"faces": {
				"north": {"uv": [0, 1, 0.075, 1.75], "texture": "#1"},
				"east": {"uv": [0, 1, 0.6, 1.75], "texture": "#1"},
				"south": {"uv": [0, 1, 0.075, 1.75], "texture": "#1"},
				"west": {"uv": [0, 1, 0.6, 1.75], "texture": "#1"},
				"up": {"uv": [0, 0.75, 0.075, 1.35], "texture": "#1"},
				"down": {"uv": [0, 0.75, 0.075, 1.35], "texture": "#1"}
			}
		},
		{
			"from": [2.5, 14.25, 7.4],
			"to": [2.925, 14.325, 8],
			"faces": {
				"north": {"uv": [0, 1, 0.425, 1.075], "texture": "#1"},
				"east": {"uv": [0, 1, 0.6, 1.075], "texture": "#1"},
				"south": {"uv": [0, 1, 0.425, 1.075], "texture": "#1"},
				"west": {"uv": [0, 1, 0.6, 1.075], "texture": "#1"},
				"up": {"uv": [0, 0.75, 0.425, 1.35], "texture": "#1"},
				"down": {"uv": [0, 0.75, 0.425, 1.35], "texture": "#1"}
			}
		},
		{
			"from": [13.075, 14.25, 7.4],
			"to": [13.5, 14.325, 8],
			"rotation": {"angle": 0, "axis": "y", "origin": [12.26807, 15.02952, 7.66521]},
			"faces": {
				"north": {"uv": [0.425, 1, 0, 1.075], "texture": "#1"},
				"east": {"uv": [0.6, 1, 0, 1.075], "texture": "#1"},
				"south": {"uv": [0.425, 1, 0, 1.075], "texture": "#1"},
				"west": {"uv": [0.6, 1, 0, 1.075], "texture": "#1"},
				"up": {"uv": [0.425, 0.75, 0, 1.35], "texture": "#1"},
				"down": {"uv": [0.425, 0.75, 0, 1.35], "texture": "#1"}
			}
		},
		{
			"from": [2.925, 15.25, 7.4],
			"to": [3.675, 15.325, 8],
			"faces": {
				"north": {"uv": [0, 1, 0.75, 1.075], "texture": "#1"},
				"east": {"uv": [0, 1, 0.6, 1.075], "texture": "#1"},
				"south": {"uv": [0, 1, 0.75, 1.075], "texture": "#1"},
				"west": {"uv": [0, 1, 0.6, 1.075], "texture": "#1"},
				"up": {"uv": [0, 0.75, 0.75, 1.35], "texture": "#1"},
				"down": {"uv": [0, 0.75, 0.75, 1.35], "texture": "#1"}
			}
		},
		{
			"from": [12.325, 15.25, 7.4],
			"to": [13.075, 15.325, 8],
			"rotation": {"angle": 0, "axis": "y", "origin": [12.26807, 15.02952, 7.66521]},
			"faces": {
				"north": {"uv": [0.75, 1, 0, 1.075], "texture": "#1"},
				"east": {"uv": [0.6, 1, 0, 1.075], "texture": "#1"},
				"south": {"uv": [0.75, 1, 0, 1.075], "texture": "#1"},
				"west": {"uv": [0.6, 1, 0, 1.075], "texture": "#1"},
				"up": {"uv": [0.75, 0.75, 0, 1.35], "texture": "#1"},
				"down": {"uv": [0.75, 0.75, 0, 1.35], "texture": "#1"}
			}
		},
		{
			"from": [3.75, 15.75, 7.4],
			"to": [4.5, 15.825, 8],
			"faces": {
				"north": {"uv": [0, 1, 0.75, 1.075], "texture": "#1"},
				"east": {"uv": [0, 1, 0.6, 1.075], "texture": "#1"},
				"south": {"uv": [0, 1, 0.75, 1.075], "texture": "#1"},
				"west": {"uv": [0, 1, 0.6, 1.075], "texture": "#1"},
				"up": {"uv": [0, 0.75, 0.75, 1.35], "texture": "#1"},
				"down": {"uv": [0, 0.75, 0.75, 1.35], "texture": "#1"}
			}
		},
		{
			"from": [11.5, 15.75, 7.4],
			"to": [12.25, 15.825, 8],
			"rotation": {"angle": 0, "axis": "y", "origin": [12.26807, 15.02952, 7.66521]},
			"faces": {
				"north": {"uv": [0.75, 1, 0, 1.075], "texture": "#1"},
				"east": {"uv": [0.6, 1, 0, 1.075], "texture": "#1"},
				"south": {"uv": [0.75, 1, 0, 1.075], "texture": "#1"},
				"west": {"uv": [0.6, 1, 0, 1.075], "texture": "#1"},
				"up": {"uv": [0.75, 0.75, 0, 1.35], "texture": "#1"},
				"down": {"uv": [0.75, 0.75, 0, 1.35], "texture": "#1"}
			}
		},
		{
			"from": [4.5, 16.75, 7.4],
			"to": [5.25, 16.825, 8],
			"faces": {
				"north": {"uv": [0, 1, 0.75, 1.075], "texture": "#1"},
				"east": {"uv": [0, 1, 0.6, 1.075], "texture": "#1"},
				"south": {"uv": [0, 1, 0.75, 1.075], "texture": "#1"},
				"west": {"uv": [0, 1, 0.6, 1.075], "texture": "#1"},
				"up": {"uv": [0, 0.75, 0.75, 1.35], "texture": "#1"},
				"down": {"uv": [0, 0.75, 0.75, 1.35], "texture": "#1"}
			}
		},
		{
			"from": [10.75, 16.75, 7.4],
			"to": [11.5, 16.825, 8],
			"rotation": {"angle": 0, "axis": "y", "origin": [12.26807, 15.02952, 7.66521]},
			"faces": {
				"north": {"uv": [0.75, 1, 0, 1.075], "texture": "#1"},
				"east": {"uv": [0.6, 1, 0, 1.075], "texture": "#1"},
				"south": {"uv": [0.75, 1, 0, 1.075], "texture": "#1"},
				"west": {"uv": [0.6, 1, 0, 1.075], "texture": "#1"},
				"up": {"uv": [0.75, 0.75, 0, 1.35], "texture": "#1"},
				"down": {"uv": [0.75, 0.75, 0, 1.35], "texture": "#1"}
			}
		},
		{
			"from": [5.25, 17.5, 7.4],
			"to": [6, 17.575, 8],
			"faces": {
				"north": {"uv": [0, 1, 0.75, 1.075], "texture": "#1"},
				"east": {"uv": [0, 1, 0.6, 1.075], "texture": "#1"},
				"south": {"uv": [0, 1, 0.75, 1.075], "texture": "#1"},
				"west": {"uv": [0, 1, 0.6, 1.075], "texture": "#1"},
				"up": {"uv": [0, 0.75, 0.75, 1.35], "texture": "#1"},
				"down": {"uv": [0, 0.75, 0.75, 1.35], "texture": "#1"}
			}
		},
		{
			"from": [10, 17.5, 7.4],
			"to": [10.75, 17.575, 8],
			"rotation": {"angle": 0, "axis": "y", "origin": [12.26807, 15.02952, 7.66521]},
			"faces": {
				"north": {"uv": [0.75, 1, 0, 1.075], "texture": "#1"},
				"east": {"uv": [0.6, 1, 0, 1.075], "texture": "#1"},
				"south": {"uv": [0.75, 1, 0, 1.075], "texture": "#1"},
				"west": {"uv": [0.6, 1, 0, 1.075], "texture": "#1"},
				"up": {"uv": [0.75, 0.75, 0, 1.35], "texture": "#1"},
				"down": {"uv": [0.75, 0.75, 0, 1.35], "texture": "#1"}
			}
		},
		{
			"from": [1.925, -2.125, 7.4],
			"to": [2.425, -2.05, 8],
			"faces": {
				"north": {"uv": [0, 1, 0.5, 1.075], "texture": "#1"},
				"east": {"uv": [0, 1, 0.6, 1.075], "texture": "#1"},
				"south": {"uv": [0, 1, 0.5, 1.075], "texture": "#1"},
				"west": {"uv": [0, 1, 0.6, 1.075], "texture": "#1"},
				"up": {"uv": [0, 0.75, 0.5, 1.35], "texture": "#1"},
				"down": {"uv": [0, 0.75, 0.5, 1.35], "texture": "#1"}
			}
		},
		{
			"from": [13.575, -2.125, 7.4],
			"to": [14.075, -2.05, 8],
			"rotation": {"angle": 0, "axis": "y", "origin": [12.26807, 15.02952, 7.66521]},
			"faces": {
				"north": {"uv": [0.5, 1, 0, 1.075], "texture": "#1"},
				"east": {"uv": [0.6, 1, 0, 1.075], "texture": "#1"},
				"south": {"uv": [0.5, 1, 0, 1.075], "texture": "#1"},
				"west": {"uv": [0.6, 1, 0, 1.075], "texture": "#1"},
				"up": {"uv": [0.5, 0.75, 0, 1.35], "texture": "#1"},
				"down": {"uv": [0.5, 0.75, 0, 1.35], "texture": "#1"}
			}
		},
		{
			"from": [4.425, -5.275, 7.4],
			"to": [5.175, -5.2, 8],
			"faces": {
				"north": {"uv": [0, 1, 0.75, 1.075], "texture": "#1"},
				"east": {"uv": [0, 1, 0.6, 1.075], "texture": "#1"},
				"south": {"uv": [0, 1, 0.75, 1.075], "texture": "#1"},
				"west": {"uv": [0, 1, 0.6, 1.075], "texture": "#1"},
				"up": {"uv": [0, 0.75, 0.75, 1.35], "texture": "#1"},
				"down": {"uv": [0, 0.75, 0.75, 1.35], "texture": "#1"}
			}
		},
		{
			"from": [10.825, -5.275, 7.4],
			"to": [11.575, -5.2, 8],
			"rotation": {"angle": 0, "axis": "y", "origin": [12.26807, 15.02952, 7.66521]},
			"faces": {
				"north": {"uv": [0.75, 1, 0, 1.075], "texture": "#1"},
				"east": {"uv": [0.6, 1, 0, 1.075], "texture": "#1"},
				"south": {"uv": [0.75, 1, 0, 1.075], "texture": "#1"},
				"west": {"uv": [0.6, 1, 0, 1.075], "texture": "#1"},
				"up": {"uv": [0.75, 0.75, 0, 1.35], "texture": "#1"},
				"down": {"uv": [0.75, 0.75, 0, 1.35], "texture": "#1"}
			}
		},
		{
			"from": [7.75, -5.575, 7.175],
			"to": [7.9, -4.775, 8],
			"faces": {
				"north": {"uv": [0, 1, 0.15, 1.8], "texture": "#1"},
				"east": {"uv": [0, 1, 0.825, 1.8], "texture": "#1"},
				"south": {"uv": [0, 1, 0.15, 1.8], "texture": "#1"},
				"west": {"uv": [0, 1, 0.825, 1.8], "texture": "#1"},
				"up": {"uv": [0, 0.75, 0.15, 1.575], "texture": "#1"},
				"down": {"uv": [0, 0.75, 0.15, 1.575], "texture": "#1"}
			}
		},
		{
			"from": [8.1, -5.575, 7.175],
			"to": [8.25, -4.775, 8],
			"rotation": {"angle": 0, "axis": "y", "origin": [12.26807, 15.02952, 7.66521]},
			"faces": {
				"north": {"uv": [0.15, 1, 0, 1.8], "texture": "#1"},
				"east": {"uv": [0.825, 1, 0, 1.8], "texture": "#1"},
				"south": {"uv": [0.15, 1, 0, 1.8], "texture": "#1"},
				"west": {"uv": [0.825, 1, 0, 1.8], "texture": "#1"},
				"up": {"uv": [0.15, 0.75, 0, 1.575], "texture": "#1"},
				"down": {"uv": [0.15, 0.75, 0, 1.575], "texture": "#1"}
			}
		},
		{
			"from": [7.75, -4.775, 6.925],
			"to": [7.9, 16.575, 8],
			"faces": {
				"north": {"uv": [0, 0, 0.15, 16], "texture": "#1"},
				"east": {"uv": [0, 0, 1.075, 16], "texture": "#1"},
				"south": {"uv": [0, 0, 0.15, 16], "texture": "#1"},
				"west": {"uv": [0, 0, 1.075, 16], "texture": "#1"},
				"up": {"uv": [0, 0.75, 0.15, 1.825], "texture": "#1"},
				"down": {"uv": [0, 0.75, 0.15, 1.825], "texture": "#1"}
			}
		},
		{
			"from": [8.1, -4.775, 6.925],
			"to": [8.25, 16.575, 8],
			"rotation": {"angle": 0, "axis": "y", "origin": [12.26807, 15.02952, 7.66521]},
			"faces": {
				"north": {"uv": [0.15, 0, 0, 16], "texture": "#1"},
				"east": {"uv": [1.075, 0, 0, 16], "texture": "#1"},
				"south": {"uv": [0.15, 0, 0, 16], "texture": "#1"},
				"west": {"uv": [1.075, 0, 0, 16], "texture": "#1"},
				"up": {"uv": [0.15, 0.75, 0, 1.825], "texture": "#1"},
				"down": {"uv": [0.15, 0.75, 0, 1.825], "texture": "#1"}
			}
		},
		{
			"from": [2.5, 13.55, 7.625],
			"to": [3.35, 19.075, 7.775],
			"faces": {
				"north": {"uv": [0, 1, 0.85, 5.775], "texture": "#2"},
				"east": {"uv": [0, 1, 0.15, 5.775], "texture": "#2"},
				"south": {"uv": [0, 1, 0.85, 5.775], "texture": "#2"},
				"west": {"uv": [0, 1, 0.15, 5.775], "texture": "#2"},
				"up": {"uv": [0, 0.75, 0.85, 0.9], "texture": "#2"},
				"down": {"uv": [0, 0.75, 0.85, 0.9], "texture": "#2"}
			}
		},
		{
			"from": [12.65, 13.55, 7.625],
			"to": [13.5, 19.075, 7.775],
			"rotation": {"angle": 0, "axis": "y", "origin": [12.26807, 15.02952, 7.66521]},
			"faces": {
				"north": {"uv": [0.85, 1, 0, 5.775], "texture": "#2"},
				"east": {"uv": [0.15, 1, 0, 5.775], "texture": "#2"},
				"south": {"uv": [0.85, 1, 0, 5.775], "texture": "#2"},
				"west": {"uv": [0.15, 1, 0, 5.775], "texture": "#2"},
				"up": {"uv": [0.85, 0.75, 0, 0.9], "texture": "#2"},
				"down": {"uv": [0.85, 0.75, 0, 0.9], "texture": "#2"}
			}
		},
		{
			"from": [3.35, 14.075, 7.625],
			"to": [7.75, 21.975, 7.775],
			"faces": {
				"north": {"uv": [0, 1, 4.4, 6.9], "texture": "#2"},
				"east": {"uv": [0, 1, 0.15, 6.9], "texture": "#2"},
				"south": {"uv": [0, 1, 4.4, 6.9], "texture": "#2"},
				"west": {"uv": [0, 1, 0.15, 6.9], "texture": "#2"},
				"up": {"uv": [0, 0.75, 4.4, 0.9], "texture": "#2"},
				"down": {"uv": [0, 0.75, 4.4, 0.9], "texture": "#2"}
			}
		},
		{
			"from": [8.25, 14.075, 7.625],
			"to": [12.65, 21.975, 7.775],
			"rotation": {"angle": 0, "axis": "y", "origin": [12.26807, 15.02952, 7.66521]},
			"faces": {
				"north": {"uv": [4.4, 1, 0, 6.9], "texture": "#2"},
				"east": {"uv": [0.15, 1, 0, 6.9], "texture": "#2"},
				"south": {"uv": [4.4, 1, 0, 6.9], "texture": "#2"},
				"west": {"uv": [0.15, 1, 0, 6.9], "texture": "#2"},
				"up": {"uv": [4.4, 0.75, 0, 0.9], "texture": "#2"},
				"down": {"uv": [4.4, 0.75, 0, 0.9], "texture": "#2"}
			}
		},
		{
			"from": [4.15, 21.975, 7.625],
			"to": [7.75, 25.1, 7.775],
			"faces": {
				"north": {"uv": [0, 1, 3.6, 2.125], "texture": "#2"},
				"east": {"uv": [0, 1, 0.15, 2.125], "texture": "#2"},
				"south": {"uv": [0, 1, 3.6, 2.125], "texture": "#2"},
				"west": {"uv": [0, 1, 0.15, 2.125], "texture": "#2"},
				"up": {"uv": [0, 0.75, 3.6, 0.9], "texture": "#2"},
				"down": {"uv": [0, 0.75, 3.6, 0.9], "texture": "#2"}
			}
		},
		{
			"from": [8.25, 21.975, 7.625],
			"to": [11.85, 25.1, 7.775],
			"rotation": {"angle": 0, "axis": "y", "origin": [12.26807, 15.02952, 7.66521]},
			"faces": {
				"north": {"uv": [3.6, 1, 0, 2.125], "texture": "#2"},
				"east": {"uv": [0.15, 1, 0, 2.125], "texture": "#2"},
				"south": {"uv": [3.6, 1, 0, 2.125], "texture": "#2"},
				"west": {"uv": [0.15, 1, 0, 2.125], "texture": "#2"},
				"up": {"uv": [3.6, 0.75, 0, 0.9], "texture": "#2"},
				"down": {"uv": [3.6, 0.75, 0, 0.9], "texture": "#2"}
			}
		},
		{
			"from": [4.95, 25.1, 7.625],
			"to": [7.75, 27.925, 7.775],
			"faces": {
				"north": {"uv": [0, 1, 2.8, 1.825], "texture": "#2"},
				"east": {"uv": [0, 1, 0.15, 1.825], "texture": "#2"},
				"south": {"uv": [0, 1, 2.8, 1.825], "texture": "#2"},
				"west": {"uv": [0, 1, 0.15, 1.825], "texture": "#2"},
				"up": {"uv": [0, 0.75, 2.8, 0.9], "texture": "#2"},
				"down": {"uv": [0, 0.75, 2.8, 0.9], "texture": "#2"}
			}
		},
		{
			"from": [8.25, 25.1, 7.625],
			"to": [11.05, 27.925, 7.775],
			"rotation": {"angle": 0, "axis": "y", "origin": [12.26807, 15.02952, 7.66521]},
			"faces": {
				"north": {"uv": [2.8, 1, 0, 1.825], "texture": "#2"},
				"east": {"uv": [0.15, 1, 0, 1.825], "texture": "#2"},
				"south": {"uv": [2.8, 1, 0, 1.825], "texture": "#2"},
				"west": {"uv": [0.15, 1, 0, 1.825], "texture": "#2"},
				"up": {"uv": [2.8, 0.75, 0, 0.9], "texture": "#2"},
				"down": {"uv": [2.8, 0.75, 0, 0.9], "texture": "#2"}
			}
		},
		{
			"from": [5.85, 27.925, 7.625],
			"to": [7.75, 30.3, 7.775],
			"faces": {
				"north": {"uv": [0, 1, 1.9, 2.125], "texture": "#2"},
				"east": {"uv": [0, 1, 0.15, 2.125], "texture": "#2"},
				"south": {"uv": [0, 1, 1.9, 2.125], "texture": "#2"},
				"west": {"uv": [0, 1, 0.15, 2.125], "texture": "#2"},
				"up": {"uv": [0, 0.75, 1.9, 0.9], "texture": "#2"},
				"down": {"uv": [0, 0.75, 1.9, 0.9], "texture": "#2"}
			}
		},
		{
			"from": [8.25, 27.925, 7.625],
			"to": [10.15, 30.3, 7.775],
			"rotation": {"angle": 0, "axis": "y", "origin": [12.26807, 15.02952, 7.66521]},
			"faces": {
				"north": {"uv": [1.9, 1, 0, 2.125], "texture": "#2"},
				"east": {"uv": [0.15, 1, 0, 2.125], "texture": "#2"},
				"south": {"uv": [1.9, 1, 0, 2.125], "texture": "#2"},
				"west": {"uv": [0.15, 1, 0, 2.125], "texture": "#2"},
				"up": {"uv": [1.9, 0.75, 0, 0.9], "texture": "#2"},
				"down": {"uv": [1.9, 0.75, 0, 0.9], "texture": "#2"}
			}
		},
		{
			"from": [6.775, 30.3, 7.625],
			"to": [7.75, 32, 7.775],
			"faces": {
				"north": {"uv": [0, 1, 0.975, 1.95], "texture": "#2"},
				"east": {"uv": [0, 1, 0.15, 1.95], "texture": "#2"},
				"south": {"uv": [0, 1, 0.975, 1.95], "texture": "#2"},
				"west": {"uv": [0, 1, 0.15, 1.95], "texture": "#2"},
				"up": {"uv": [0, 0.75, 0.975, 0.9], "texture": "#2"},
				"down": {"uv": [0, 0.75, 0.975, 0.9], "texture": "#2"}
			}
		},
		{
			"from": [8.25, 30.3, 7.625],
			"to": [9.225, 32, 7.775],
			"rotation": {"angle": 0, "axis": "y", "origin": [12.26807, 15.02952, 7.66521]},
			"faces": {
				"north": {"uv": [0.975, 1, 0, 1.95], "texture": "#2"},
				"east": {"uv": [0.15, 1, 0, 1.95], "texture": "#2"},
				"south": {"uv": [0.975, 1, 0, 1.95], "texture": "#2"},
				"west": {"uv": [0.15, 1, 0, 1.95], "texture": "#2"},
				"up": {"uv": [0.975, 0.75, 0, 0.9], "texture": "#2"},
				"down": {"uv": [0.975, 0.75, 0, 0.9], "texture": "#2"}
			}
		},
		{
			"from": [6.025, 15.8, 8],
			"to": [6.775, 18, 12.075],
			"faces": {
				"north": {"uv": [0, 0, 2.2, 0.75], "rotation": 90, "texture": "#3"},
				"east": {"uv": [0, 0, 2.2, 4.075], "rotation": 270, "texture": "#3"},
				"south": {"uv": [0, 0, 2.2, 0.75], "rotation": 270, "texture": "#3"},
				"west": {"uv": [0, 0, 2.2, 4.075], "rotation": 270, "texture": "#3"},
				"up": {"uv": [0, 0, 4.075, 0.75], "rotation": 270, "texture": "#3"},
				"down": {"uv": [0, 0, 4.075, 0.75], "rotation": 270, "texture": "#3"}
			}
		},
		{
			"from": [6.775, 15.8, 8],
			"to": [9.225, 18, 9.1],
			"faces": {
				"north": {"uv": [0, 0, 2.2, 0.75], "rotation": 90, "texture": "#3"},
				"east": {"uv": [0, 0, 2.2, 4.075], "rotation": 270, "texture": "#3"},
				"south": {"uv": [0, 0, 16, 16], "rotation": 270, "texture": "#3"},
				"west": {"uv": [0, 0, 2.2, 4.075], "rotation": 270, "texture": "#3"},
				"up": {"uv": [0, 0, 16, 16], "rotation": 270, "texture": "#3"},
				"down": {"uv": [0, 0, 16, 16], "rotation": 270, "texture": "#3"}
			}
		},
		{
			"from": [6.775, -2, 7.2],
			"to": [9.225, 15.1, 7.7],
			"faces": {
				"north": {"uv": [0, 0, 2.2, 0.75], "rotation": 90, "texture": "#3"},
				"east": {"uv": [0, 0, 2.2, 4.075], "rotation": 270, "texture": "#3"},
				"south": {"uv": [0, 0, 16, 16], "rotation": 270, "texture": "#3"},
				"west": {"uv": [0, 0, 2.2, 4.075], "rotation": 270, "texture": "#3"},
				"up": {"uv": [0, 0, 16, 16], "rotation": 270, "texture": "#3"},
				"down": {"uv": [0, 0, 16, 16], "rotation": 270, "texture": "#3"}
			}
		},
		{
			"from": [6.275, 15.8, 12.075],
			"to": [6.525, 18, 12.325],
			"faces": {
				"north": {"uv": [0, 0, 2.2, 0.25], "rotation": 270, "texture": "#3"},
				"east": {"uv": [0, 0, 2.2, 0.25], "rotation": 270, "texture": "#3"},
				"south": {"uv": [0, 0, 2.2, 0.25], "rotation": 270, "texture": "#3"},
				"west": {"uv": [0, 0, 2.2, 0.25], "rotation": 90, "texture": "#3"},
				"up": {"uv": [0, 0, 0.25, 0.25], "rotation": 180, "texture": "#3"},
				"down": {"uv": [0, 0, 0.25, 0.25], "texture": "#3"}
			}
		},
		{
			"from": [6.525, 15.8, 12.075],
			"to": [6.775, 18, 12.575],
			"faces": {
				"north": {"uv": [0, 0, 2.2, 0.25], "rotation": 270, "texture": "#3"},
				"east": {"uv": [0, 0, 2.2, 0.5], "rotation": 270, "texture": "#3"},
				"south": {"uv": [0, 0, 2.2, 0.25], "rotation": 270, "texture": "#3"},
				"west": {"uv": [0, 0, 2.2, 0.5], "rotation": 90, "texture": "#3"},
				"up": {"uv": [0, 0, 0.25, 0.5], "rotation": 180, "texture": "#3"},
				"down": {"uv": [0, 0, 0.25, 0.5], "texture": "#3"}
			}
		},
		{
			"from": [6.775, 15.8, 11.825],
			"to": [9.225, 18, 12.575],
			"faces": {
				"north": {"uv": [0, 0, 2.2, 2.45], "rotation": 270, "texture": "#3"},
				"east": {"uv": [0, 0, 2.2, 0.75], "rotation": 270, "texture": "#3"},
				"south": {"uv": [0, 0, 2.2, 2.45], "rotation": 270, "texture": "#3"},
				"west": {"uv": [0, 0, 2.2, 0.75], "rotation": 90, "texture": "#3"},
				"up": {"uv": [0, 0, 2.45, 0.75], "rotation": 180, "texture": "#3"},
				"down": {"uv": [0, 0, 2.45, 0.75], "texture": "#3"}
			}
		},
		{
			"from": [6.75, 15.8, 11.575],
			"to": [7, 18, 11.825],
			"faces": {
				"north": {"uv": [0, 0, 2.2, 0.25], "rotation": 270, "texture": "#3"},
				"east": {"uv": [0, 0, 2.2, 0.25], "rotation": 270, "texture": "#3"},
				"south": {"uv": [0, 0, 2.2, 0.25], "rotation": 270, "texture": "#3"},
				"west": {"uv": [0, 0, 2.2, 0.25], "rotation": 90, "texture": "#3"},
				"up": {"uv": [0, 0, 0.25, 0.25], "rotation": 180, "texture": "#3"},
				"down": {"uv": [0, 0, 0.25, 0.25], "texture": "#3"}
			}
		},
		{
			"from": [8.975, 15.8, 11.575],
			"to": [9.225, 18, 11.825],
			"faces": {
				"north": {"uv": [0, 0, 2.2, 0.25], "rotation": 270, "texture": "#3"},
				"east": {"uv": [0, 0, 2.2, 0.25], "rotation": 270, "texture": "#3"},
				"south": {"uv": [0, 0, 2.2, 0.25], "rotation": 270, "texture": "#3"},
				"west": {"uv": [0, 0, 2.2, 0.25], "rotation": 90, "texture": "#3"},
				"up": {"uv": [0, 0, 0.25, 0.25], "rotation": 180, "texture": "#3"},
				"down": {"uv": [0, 0, 0.25, 0.25], "texture": "#3"}
			}
		},
		{
			"from": [9.475, 15.8, 12.075],
			"to": [9.725, 18, 12.325],
			"faces": {
				"north": {"uv": [0, 0, 2.2, 0.25], "rotation": 270, "texture": "#3"},
				"east": {"uv": [0, 0, 2.2, 0.25], "rotation": 270, "texture": "#3"},
				"south": {"uv": [0, 0, 2.2, 0.25], "rotation": 270, "texture": "#3"},
				"west": {"uv": [0, 0, 2.2, 0.25], "rotation": 90, "texture": "#3"},
				"up": {"uv": [0, 0, 0.25, 0.25], "rotation": 180, "texture": "#3"},
				"down": {"uv": [0, 0, 0.25, 0.25], "texture": "#3"}
			}
		},
		{
			"from": [9.225, 15.8, 12.075],
			"to": [9.475, 18, 12.575],
			"faces": {
				"north": {"uv": [0, 0, 2.2, 0.25], "rotation": 270, "texture": "#3"},
				"east": {"uv": [0, 0, 2.2, 0.5], "rotation": 270, "texture": "#3"},
				"south": {"uv": [0, 0, 2.2, 0.25], "rotation": 270, "texture": "#3"},
				"west": {"uv": [0, 0, 2.2, 0.5], "rotation": 90, "texture": "#3"},
				"up": {"uv": [0, 0, 0.25, 0.5], "rotation": 180, "texture": "#3"},
				"down": {"uv": [0, 0, 0.25, 0.5], "texture": "#3"}
			}
		},
		{
			"from": [9.225, 15.8, 8],
			"to": [9.975, 18, 12.075],
			"faces": {
				"north": {"uv": [0, 0, 2.2, 0.75], "rotation": 90, "texture": "#3"},
				"east": {"uv": [0, 0, 2.2, 4.075], "rotation": 270, "texture": "#3"},
				"south": {"uv": [0, 0, 2.2, 0.75], "rotation": 270, "texture": "#3"},
				"west": {"uv": [0, 0, 2.2, 4.075], "rotation": 270, "texture": "#3"},
				"up": {"uv": [0, 0, 4.075, 0.75], "rotation": 270, "texture": "#3"},
				"down": {"uv": [0, 0, 4.075, 0.75], "rotation": 270, "texture": "#3"}
			}
		}
	],
	"display": {
		"thirdperson_righthand": {
			"rotation": [-90, -90, 0],
			"translation": [3, -2.25, 18.75],
			"scale": [1.3, 1.3, 1.3]
		},
		"thirdperson_lefthand": {
			"rotation": [-90, -90, 0],
			"translation": [3, -2.25, 18.75],
			"scale": [1.3, 1.3, 1.3]
		},
		"firstperson_righthand": {
			"rotation": [-90, -90, 0],
			"translation": [3, -2.25, 11.25],
			"scale": [1.3, 1.3, 1.3]
		},
		"firstperson_lefthand": {
			"rotation": [-90, -90, 0],
			"translation": [3, -2.25, 11.25],
			"scale": [1.3, 1.3, 1.3]
		},
		"ground": {
			"rotation": [90, 0, 90],
			"translation": [8, 1.75, 0]
		},
		"gui": {
			"rotation": [-31, -180, -45],
			"translation": [1.5, -1.75, 0],
			"scale": [0.5, 0.5, 0.5]
		},
		"head": {
			"translation": [0, 1.5, -6.4],
			"scale": [0.2, 0.2, 0.2]
		},
		"fixed": {
			"translation": [0, -1, 0],
			"scale": [0.4, 0.4, 0.4]
		}
	},
	"groups": [
		{
			"name": "shield",
			"origin": [8, 8, 8],
			"children": [0, 1, 2, 3, 4, 5, 6, 7, 8, 9, 10, 11, 12, 13, 14, 15, 16, 17, 18, 19, 20, 21, 22, 23, 24, 25, 26, 27, 28, 29, 30, 31, 32, 33, 34, 35, 36, 37, 38, 39, 40, 41, 42, 43, 44, 45, 46, 47, 48, 49, 50, 51, 52, 53, 54, 55, 56, 57, 58, 59, 60, 61, 62, 63, 64, 65, 66, 67, 68, 69, 70, 71, 72, 73, 74, 75, 76, 77]
		},
		{
			"name": "borders",
			"origin": [8, 8, 8],
			"children": [78, 79, 80, 81, 82, 83, 84, 85, 86, 87, 88, 89, 90, 91, 92, 93, 94, 95, 96, 97, 98, 99, 100, 101, 102, 103, 104, 105, 106, 107, 108, 109, 110, 111, 112, 113, 114, 115, 116, 117, 118, 119, 120, 121, 122, 123, 124, 125, 126, 127, 128, 129, 130, 131, 132, 133, 134, 135, 136, 137, 138, 139, 140, 141, 142, 143, 144, 145, 146, 147, 148, 149]
		},
		{
			"name": "blade",
			"origin": [8, 8, 8],
			"children": [150, 151, 152, 153, 154, 155, 156, 157, 158, 159, 160, 161]
		},
		{
			"name": "mid",
			"origin": [8, 8, 8],
			"children": [162, 163, 164, 165, 166, 167, 168, 169, 170, 171, 172]
		}
	]
}