{
	"credit": "Made with Blockbench",
	"textures": {
		"0": "custom/shields/guardian/shield",
		"1": "custom/shields/guardian/rim",
		"2": "custom/shields/guardian/blade",
		"3": "custom/shields/guardian/mid",
		"particle": "custom/shields/guardian/shield"
	},
	"elements": [
		{
			"from": [2, 7, 7],
			"to": [6.75, 20, 8],
			"faces": {
				"north": {"uv": [16, 3, 11, 16], "texture": "#0"},
				"east": {"uv": [0, 0, 1, 13], "texture": "#0"},
				"south": {"uv": [0, 0, 4.75, 13], "texture": "#0"},
				"west": {"uv": [0, 0, 1, 13], "texture": "#0"},
				"up": {"uv": [0, 0, 4.75, 1], "texture": "#0"},
				"down": {"uv": [0, 0, 4.75, 1], "texture": "#0"}
			}
		},
		{
			"from": [9.25, 7, 7],
			"to": [14, 20, 8],
			"faces": {
				"north": {"uv": [11, 3, 16, 16], "texture": "#0"},
				"east": {"uv": [1, 0, 0, 13], "texture": "#0"},
				"south": {"uv": [4.75, 0, 0, 13], "texture": "#0"},
				"west": {"uv": [1, 0, 0, 13], "texture": "#0"},
				"up": {"uv": [4.75, 0, 0, 1], "texture": "#0"},
				"down": {"uv": [4.75, 0, 0, 1], "texture": "#0"}
			}
		},
		{
			"from": [2.75, 20, 7],
			"to": [6.75, 22, 8],
			"faces": {
				"north": {"uv": [0, 0, 4, 2], "texture": "#0"},
				"east": {"uv": [0, 0, 1, 2], "texture": "#0"},
				"south": {"uv": [0, 0, 4, 2], "texture": "#0"},
				"west": {"uv": [0, 0, 1, 2], "texture": "#0"},
				"up": {"uv": [0, 0, 4, 1], "texture": "#0"},
				"down": {"uv": [0, 0, 4, 1], "texture": "#0"}
			}
		},
		{
			"from": [9.25, 20, 7],
			"to": [13.25, 22, 8],
			"faces": {
				"north": {"uv": [4, 0, 0, 2], "texture": "#0"},
				"east": {"uv": [1, 0, 0, 2], "texture": "#0"},
				"south": {"uv": [4, 0, 0, 2], "texture": "#0"},
				"west": {"uv": [1, 0, 0, 2], "texture": "#0"},
				"up": {"uv": [4, 0, 0, 1], "texture": "#0"},
				"down": {"uv": [4, 0, 0, 1], "texture": "#0"}
			}
		},
		{
			"from": [2.75, 5.2, 7],
			"to": [6.75, 7, 8],
			"faces": {
				"north": {"uv": [0, 2, 4, 3.8], "texture": "#0"},
				"east": {"uv": [0, 2, 1, 3.8], "texture": "#0"},
				"south": {"uv": [0, 2, 4, 3.8], "texture": "#0"},
				"west": {"uv": [0, 2, 1, 3.8], "texture": "#0"},
				"up": {"uv": [0, 1, 4, 2], "texture": "#0"},
				"down": {"uv": [0, 1, 4, 2], "texture": "#0"}
			}
		},
		{
			"from": [9.25, 5.2, 7],
			"to": [13.25, 7, 8],
			"faces": {
				"north": {"uv": [4, 2, 0, 3.8], "texture": "#0"},
				"east": {"uv": [1, 2, 0, 3.8], "texture": "#0"},
				"south": {"uv": [4, 2, 0, 3.8], "texture": "#0"},
				"west": {"uv": [1, 2, 0, 3.8], "texture": "#0"},
				"up": {"uv": [4, 1, 0, 2], "texture": "#0"},
				"down": {"uv": [4, 1, 0, 2], "texture": "#0"}
			}
		},
		{
			"from": [2.25, 20, 7],
			"to": [2.75, 21, 8],
			"faces": {
				"north": {"uv": [0, 0, 0.5, 1], "texture": "#0"},
				"east": {"uv": [0, 0, 1, 1], "texture": "#0"},
				"south": {"uv": [0, 0, 0.5, 1], "texture": "#0"},
				"west": {"uv": [0, 0, 1, 1], "texture": "#0"},
				"up": {"uv": [0, 0, 0.5, 1], "texture": "#0"},
				"down": {"uv": [0, 0, 0.5, 1], "texture": "#0"}
			}
		},
		{
			"from": [13.25, 20, 7],
			"to": [13.75, 21, 8],
			"faces": {
				"north": {"uv": [0.5, 0, 0, 1], "texture": "#0"},
				"east": {"uv": [1, 0, 0, 1], "texture": "#0"},
				"south": {"uv": [0.5, 0, 0, 1], "texture": "#0"},
				"west": {"uv": [1, 0, 0, 1], "texture": "#0"},
				"up": {"uv": [0.5, 0, 0, 1], "texture": "#0"},
				"down": {"uv": [0.5, 0, 0, 1], "texture": "#0"}
			}
		},
		{
			"from": [2.25, 6.2, 7],
			"to": [2.75, 7, 8],
			"faces": {
				"north": {"uv": [0, 1, 0.5, 1.8], "texture": "#0"},
				"east": {"uv": [0, 1, 1, 1.8], "texture": "#0"},
				"south": {"uv": [0, 1, 0.5, 1.8], "texture": "#0"},
				"west": {"uv": [0, 1, 1, 1.8], "texture": "#0"},
				"up": {"uv": [0, 1, 0.5, 2], "texture": "#0"},
				"down": {"uv": [0, 1, 0.5, 2], "texture": "#0"}
			}
		},
		{
			"from": [13.25, 6.2, 7],
			"to": [13.75, 7, 8],
			"faces": {
				"north": {"uv": [0.5, 1, 0, 1.8], "texture": "#0"},
				"east": {"uv": [1, 1, 0, 1.8], "texture": "#0"},
				"south": {"uv": [0.5, 1, 0, 1.8], "texture": "#0"},
				"west": {"uv": [1, 1, 0, 1.8], "texture": "#0"},
				"up": {"uv": [0.5, 1, 0, 2], "texture": "#0"},
				"down": {"uv": [0.5, 1, 0, 2], "texture": "#0"}
			}
		},
		{
			"from": [3.5, 22, 7],
			"to": [6.75, 22.5, 8],
			"faces": {
				"north": {"uv": [0, 0, 3.25, 0.5], "texture": "#0"},
				"east": {"uv": [0, 0, 1, 0.5], "texture": "#0"},
				"south": {"uv": [0, 0, 3.25, 0.5], "texture": "#0"},
				"west": {"uv": [0, 0, 1, 0.5], "texture": "#0"},
				"up": {"uv": [0, 0, 3.25, 1], "texture": "#0"},
				"down": {"uv": [0, 0, 3.25, 1], "texture": "#0"}
			}
		},
		{
			"from": [9.25, 22, 7],
			"to": [12.5, 22.5, 8],
			"faces": {
				"north": {"uv": [3.25, 0, 0, 0.5], "texture": "#0"},
				"east": {"uv": [1, 0, 0, 0.5], "texture": "#0"},
				"south": {"uv": [3.25, 0, 0, 0.5], "texture": "#0"},
				"west": {"uv": [1, 0, 0, 0.5], "texture": "#0"},
				"up": {"uv": [3.25, 0, 0, 1], "texture": "#0"},
				"down": {"uv": [3.25, 0, 0, 1], "texture": "#0"}
			}
		},
		{
			"from": [3.5, 4.9, 7],
			"to": [6.75, 5.2, 8],
			"faces": {
				"north": {"uv": [0, 0.5, 3.25, 0.8], "texture": "#0"},
				"east": {"uv": [0, 0.5, 1, 0.8], "texture": "#0"},
				"south": {"uv": [0, 0.5, 3.25, 0.8], "texture": "#0"},
				"west": {"uv": [0, 0.5, 1, 0.8], "texture": "#0"},
				"up": {"uv": [0, 1, 3.25, 2], "texture": "#0"},
				"down": {"uv": [0, 1, 3.25, 2], "texture": "#0"}
			}
		},
		{
			"from": [9.25, 4.9, 7],
			"to": [12.5, 5.2, 8],
			"faces": {
				"north": {"uv": [3.25, 0.5, 0, 0.8], "texture": "#0"},
				"east": {"uv": [1, 0.5, 0, 0.8], "texture": "#0"},
				"south": {"uv": [3.25, 0.5, 0, 0.8], "texture": "#0"},
				"west": {"uv": [1, 0.5, 0, 0.8], "texture": "#0"},
				"up": {"uv": [3.25, 1, 0, 2], "texture": "#0"},
				"down": {"uv": [3.25, 1, 0, 2], "texture": "#0"}
			}
		},
		{
			"from": [4.25, 22.5, 7],
			"to": [6.75, 23, 8],
			"faces": {
				"north": {"uv": [0, 0, 2.5, 0.5], "texture": "#0"},
				"east": {"uv": [0, 0, 1, 0.5], "texture": "#0"},
				"south": {"uv": [0, 0, 2.5, 0.5], "texture": "#0"},
				"west": {"uv": [0, 0, 1, 0.5], "texture": "#0"},
				"up": {"uv": [0, 0, 2.5, 1], "texture": "#0"},
				"down": {"uv": [0, 0, 2.5, 1], "texture": "#0"}
			}
		},
		{
			"from": [9.25, 22.5, 7],
			"to": [11.75, 23, 8],
			"faces": {
				"north": {"uv": [2.5, 0, 0, 0.5], "texture": "#0"},
				"east": {"uv": [1, 0, 0, 0.5], "texture": "#0"},
				"south": {"uv": [2.5, 0, 0, 0.5], "texture": "#0"},
				"west": {"uv": [1, 0, 0, 0.5], "texture": "#0"},
				"up": {"uv": [2.5, 0, 0, 1], "texture": "#0"},
				"down": {"uv": [2.5, 0, 0, 1], "texture": "#0"}
			}
		},
		{
			"from": [4.25, 4.6, 7],
			"to": [6.75, 4.9, 8],
			"faces": {
				"north": {"uv": [0, 0.5, 2.5, 0.8], "texture": "#0"},
				"east": {"uv": [0, 0.5, 1, 0.8], "texture": "#0"},
				"south": {"uv": [0, 0.5, 2.5, 0.8], "texture": "#0"},
				"west": {"uv": [0, 0.5, 1, 0.8], "texture": "#0"},
				"up": {"uv": [0, 1, 2.5, 2], "texture": "#0"},
				"down": {"uv": [0, 1, 2.5, 2], "texture": "#0"}
			}
		},
		{
			"from": [9.25, 4.6, 7],
			"to": [11.75, 4.9, 8],
			"faces": {
				"north": {"uv": [2.5, 0.5, 0, 0.8], "texture": "#0"},
				"east": {"uv": [1, 0.5, 0, 0.8], "texture": "#0"},
				"south": {"uv": [2.5, 0.5, 0, 0.8], "texture": "#0"},
				"west": {"uv": [1, 0.5, 0, 0.8], "texture": "#0"},
				"up": {"uv": [2.5, 1, 0, 2], "texture": "#0"},
				"down": {"uv": [2.5, 1, 0, 2], "texture": "#0"}
			}
		},
		{
			"from": [5, 23, 7],
			"to": [6.75, 24.5, 8],
			"faces": {
				"north": {"uv": [0, 0, 1.75, 1.5], "texture": "#0"},
				"east": {"uv": [0, 0, 1, 1.5], "texture": "#0"},
				"south": {"uv": [0, 0, 1.75, 1.5], "texture": "#0"},
				"west": {"uv": [0, 0, 1, 1.5], "texture": "#0"},
				"up": {"uv": [0, 0, 1.75, 1], "texture": "#0"},
				"down": {"uv": [0, 0, 1.75, 1], "texture": "#0"}
			}
		},
		{
			"from": [9.25, 23, 7],
			"to": [11, 24.5, 8],
			"faces": {
				"north": {"uv": [1.75, 0, 0, 1.5], "texture": "#0"},
				"east": {"uv": [1, 0, 0, 1.5], "texture": "#0"},
				"south": {"uv": [1.75, 0, 0, 1.5], "texture": "#0"},
				"west": {"uv": [1, 0, 0, 1.5], "texture": "#0"},
				"up": {"uv": [1.75, 0, 0, 1], "texture": "#0"},
				"down": {"uv": [1.75, 0, 0, 1], "texture": "#0"}
			}
		},
		{
			"from": [5, 3.3, 7],
			"to": [6.75, 4.6, 8],
			"faces": {
				"north": {"uv": [0, 1.5, 1.75, 2.8], "texture": "#0"},
				"east": {"uv": [0, 1.5, 1, 2.8], "texture": "#0"},
				"south": {"uv": [0, 1.5, 1.75, 2.8], "texture": "#0"},
				"west": {"uv": [0, 1.5, 1, 2.8], "texture": "#0"},
				"up": {"uv": [0, 1, 1.75, 2], "texture": "#0"},
				"down": {"uv": [0, 1, 1.75, 2], "texture": "#0"}
			}
		},
		{
			"from": [9.25, 3.3, 7],
			"to": [11, 4.6, 8],
			"faces": {
				"north": {"uv": [1.75, 1.5, 0, 2.8], "texture": "#0"},
				"east": {"uv": [1, 1.5, 0, 2.8], "texture": "#0"},
				"south": {"uv": [1.75, 1.5, 0, 2.8], "texture": "#0"},
				"west": {"uv": [1, 1.5, 0, 2.8], "texture": "#0"},
				"up": {"uv": [1.75, 1, 0, 2], "texture": "#0"},
				"down": {"uv": [1.75, 1, 0, 2], "texture": "#0"}
			}
		},
		{
			"from": [5, 24.5, 7.25],
			"to": [6.75, 25.25, 8],
			"faces": {
				"north": {"uv": [0, 0, 1.75, 0.75], "texture": "#0"},
				"east": {"uv": [0, 0, 0.75, 0.75], "texture": "#0"},
				"south": {"uv": [0, 0, 1.75, 0.75], "texture": "#0"},
				"west": {"uv": [0, 0, 0.75, 0.75], "texture": "#0"},
				"up": {"uv": [0, 0, 1.75, 0.75], "texture": "#0"},
				"down": {"uv": [0, 0, 1.75, 0.75], "texture": "#0"}
			}
		},
		{
			"from": [9.25, 24.5, 7.25],
			"to": [11, 25.25, 8],
			"faces": {
				"north": {"uv": [1.75, 0, 0, 0.75], "texture": "#0"},
				"east": {"uv": [0.75, 0, 0, 0.75], "texture": "#0"},
				"south": {"uv": [1.75, 0, 0, 0.75], "texture": "#0"},
				"west": {"uv": [0.75, 0, 0, 0.75], "texture": "#0"},
				"up": {"uv": [1.75, 0, 0, 0.75], "texture": "#0"},
				"down": {"uv": [1.75, 0, 0, 0.75], "texture": "#0"}
			}
		},
		{
			"from": [5, 2.5, 7.25],
			"to": [6.75, 3.3, 8],
			"faces": {
				"north": {"uv": [0, 1, 1.75, 1.8], "texture": "#0"},
				"east": {"uv": [0, 1, 0.75, 1.8], "texture": "#0"},
				"south": {"uv": [0, 1, 1.75, 1.8], "texture": "#0"},
				"west": {"uv": [0, 1, 0.75, 1.8], "texture": "#0"},
				"up": {"uv": [0, 0.75, 1.75, 1.5], "texture": "#0"},
				"down": {"uv": [0, 0.75, 1.75, 1.5], "texture": "#0"}
			}
		},
		{
			"from": [9.25, 2.5, 7.25],
			"to": [11, 3.3, 8],
			"faces": {
				"north": {"uv": [1.75, 1, 0, 1.8], "texture": "#0"},
				"east": {"uv": [0.75, 1, 0, 1.8], "texture": "#0"},
				"south": {"uv": [1.75, 1, 0, 1.8], "texture": "#0"},
				"west": {"uv": [0.75, 1, 0, 1.8], "texture": "#0"},
				"up": {"uv": [1.75, 0.75, 0, 1.5], "texture": "#0"},
				"down": {"uv": [1.75, 0.75, 0, 1.5], "texture": "#0"}
			}
		},
		{
			"from": [5, 1.5, 7.5],
			"to": [6.75, 2.5, 8],
			"faces": {
				"north": {"uv": [0, 1, 1.75, 2], "texture": "#0"},
				"east": {"uv": [0, 1, 0.5, 2], "texture": "#0"},
				"south": {"uv": [0, 1, 1.75, 2], "texture": "#0"},
				"west": {"uv": [0, 1, 0.5, 2], "texture": "#0"},
				"up": {"uv": [0, 0.75, 1.75, 1.25], "texture": "#0"},
				"down": {"uv": [0, 0.75, 1.75, 1.25], "texture": "#0"}
			}
		},
		{
			"from": [9.25, 1.5, 7.5],
			"to": [11, 2.5, 8],
			"faces": {
				"north": {"uv": [1.75, 1, 0, 2], "texture": "#0"},
				"east": {"uv": [0.5, 1, 0, 2], "texture": "#0"},
				"south": {"uv": [1.75, 1, 0, 2], "texture": "#0"},
				"west": {"uv": [0.5, 1, 0, 2], "texture": "#0"},
				"up": {"uv": [1.75, 0.75, 0, 1.25], "texture": "#0"},
				"down": {"uv": [1.75, 0.75, 0, 1.25], "texture": "#0"}
			}
		},
		{
			"from": [4.25, 2, 7.5],
			"to": [5, 3.3, 8],
			"faces": {
				"north": {"uv": [0, 1, 0.75, 2.3], "texture": "#0"},
				"east": {"uv": [0, 1, 0.5, 2.3], "texture": "#0"},
				"south": {"uv": [0, 1, 0.75, 2.3], "texture": "#0"},
				"west": {"uv": [0, 1, 0.5, 2.3], "texture": "#0"},
				"up": {"uv": [0, 0.75, 0.75, 1.25], "texture": "#0"},
				"down": {"uv": [0, 0.75, 0.75, 1.25], "texture": "#0"}
			}
		},
		{
			"from": [11, 2, 7.5],
			"to": [11.75, 3.3, 8],
			"faces": {
				"north": {"uv": [0.75, 1, 0, 2.3], "texture": "#0"},
				"east": {"uv": [0.5, 1, 0, 2.3], "texture": "#0"},
				"south": {"uv": [0.75, 1, 0, 2.3], "texture": "#0"},
				"west": {"uv": [0.5, 1, 0, 2.3], "texture": "#0"},
				"up": {"uv": [0.75, 0.75, 0, 1.25], "texture": "#0"},
				"down": {"uv": [0.75, 0.75, 0, 1.25], "texture": "#0"}
			}
		},
		{
			"from": [3.5, 2.8, 7.5],
			"to": [4.25, 4.1, 8],
			"faces": {
				"north": {"uv": [0, 1, 0.75, 2.3], "texture": "#0"},
				"east": {"uv": [0, 1, 0.5, 2.3], "texture": "#0"},
				"south": {"uv": [0, 1, 0.75, 2.3], "texture": "#0"},
				"west": {"uv": [0, 1, 0.5, 2.3], "texture": "#0"},
				"up": {"uv": [0, 0.75, 0.75, 1.25], "texture": "#0"},
				"down": {"uv": [0, 0.75, 0.75, 1.25], "texture": "#0"}
			}
		},
		{
			"from": [11.75, 2.8, 7.5],
			"to": [12.5, 4.1, 8],
			"faces": {
				"north": {"uv": [0.75, 1, 0, 2.3], "texture": "#0"},
				"east": {"uv": [0.5, 1, 0, 2.3], "texture": "#0"},
				"south": {"uv": [0.75, 1, 0, 2.3], "texture": "#0"},
				"west": {"uv": [0.5, 1, 0, 2.3], "texture": "#0"},
				"up": {"uv": [0.75, 0.75, 0, 1.25], "texture": "#0"},
				"down": {"uv": [0.75, 0.75, 0, 1.25], "texture": "#0"}
			}
		},
		{
			"from": [2.75, 3.6, 7.5],
			"to": [3.5, 4.65, 8],
			"faces": {
				"north": {"uv": [0, 1, 0.75, 2.05], "texture": "#0"},
				"east": {"uv": [0, 1, 0.5, 2.05], "texture": "#0"},
				"south": {"uv": [0, 1, 0.75, 2.05], "texture": "#0"},
				"west": {"uv": [0, 1, 0.5, 2.05], "texture": "#0"},
				"up": {"uv": [0, 0.75, 0.75, 1.25], "texture": "#0"},
				"down": {"uv": [0, 0.75, 0.75, 1.25], "texture": "#0"}
			}
		},
		{
			"from": [12.5, 3.6, 7.5],
			"to": [13.25, 4.65, 8],
			"faces": {
				"north": {"uv": [0.75, 1, 0, 2.05], "texture": "#0"},
				"east": {"uv": [0.5, 1, 0, 2.05], "texture": "#0"},
				"south": {"uv": [0.75, 1, 0, 2.05], "texture": "#0"},
				"west": {"uv": [0.5, 1, 0, 2.05], "texture": "#0"},
				"up": {"uv": [0.75, 0.75, 0, 1.25], "texture": "#0"},
				"down": {"uv": [0.75, 0.75, 0, 1.25], "texture": "#0"}
			}
		},
		{
			"from": [2, 4.4, 7.5],
			"to": [2.75, 5.2, 8],
			"faces": {
				"north": {"uv": [0, 1, 0.75, 1.8], "texture": "#0"},
				"east": {"uv": [0, 1, 0.5, 1.8], "texture": "#0"},
				"south": {"uv": [0, 1, 0.75, 1.8], "texture": "#0"},
				"west": {"uv": [0, 1, 0.5, 1.8], "texture": "#0"},
				"up": {"uv": [0, 0.75, 0.75, 1.25], "texture": "#0"},
				"down": {"uv": [0, 0.75, 0.75, 1.25], "texture": "#0"}
			}
		},
		{
			"from": [13.25, 4.4, 7.5],
			"to": [14, 5.2, 8],
			"faces": {
				"north": {"uv": [0.75, 1, 0, 1.8], "texture": "#0"},
				"east": {"uv": [0.5, 1, 0, 1.8], "texture": "#0"},
				"south": {"uv": [0.75, 1, 0, 1.8], "texture": "#0"},
				"west": {"uv": [0.5, 1, 0, 1.8], "texture": "#0"},
				"up": {"uv": [0.75, 0.75, 0, 1.25], "texture": "#0"},
				"down": {"uv": [0.75, 0.75, 0, 1.25], "texture": "#0"}
			}
		},
		{
			"from": [1.5, 4.95, 7.5],
			"to": [2, 6.2, 8],
			"faces": {
				"north": {"uv": [0, 1, 0.5, 2.25], "texture": "#0"},
				"east": {"uv": [0, 1, 0.5, 2.25], "texture": "#0"},
				"south": {"uv": [0, 1, 0.5, 2.25], "texture": "#0"},
				"west": {"uv": [0, 1, 0.5, 2.25], "texture": "#0"},
				"up": {"uv": [0, 0.75, 0.5, 1.25], "texture": "#0"},
				"down": {"uv": [0, 0.75, 0.5, 1.25], "texture": "#0"}
			}
		},
		{
			"from": [14, 4.95, 7.5],
			"to": [14.5, 6.2, 8],
			"faces": {
				"north": {"uv": [0.5, 1, 0, 2.25], "texture": "#0"},
				"east": {"uv": [0.5, 1, 0, 2.25], "texture": "#0"},
				"south": {"uv": [0.5, 1, 0, 2.25], "texture": "#0"},
				"west": {"uv": [0.5, 1, 0, 2.25], "texture": "#0"},
				"up": {"uv": [0.5, 0.75, 0, 1.25], "texture": "#0"},
				"down": {"uv": [0.5, 0.75, 0, 1.25], "texture": "#0"}
			}
		},
		{
			"from": [1, 5.95, 7.5],
			"to": [1.5, 7, 8],
			"faces": {
				"north": {"uv": [0, 1, 0.5, 2.05], "texture": "#0"},
				"east": {"uv": [0, 1, 0.5, 2.05], "texture": "#0"},
				"south": {"uv": [0, 1, 0.5, 2.05], "texture": "#0"},
				"west": {"uv": [0, 1, 0.5, 2.05], "texture": "#0"},
				"up": {"uv": [0, 0.75, 0.5, 1.25], "texture": "#0"},
				"down": {"uv": [0, 0.75, 0.5, 1.25], "texture": "#0"}
			}
		},
		{
			"from": [14.5, 5.95, 7.5],
			"to": [15, 7, 8],
			"faces": {
				"north": {"uv": [0.5, 1, 0, 2.05], "texture": "#0"},
				"east": {"uv": [0.5, 1, 0, 2.05], "texture": "#0"},
				"south": {"uv": [0.5, 1, 0, 2.05], "texture": "#0"},
				"west": {"uv": [0.5, 1, 0, 2.05], "texture": "#0"},
				"up": {"uv": [0.5, 0.75, 0, 1.25], "texture": "#0"},
				"down": {"uv": [0.5, 0.75, 0, 1.25], "texture": "#0"}
			}
		},
		{
			"from": [0.775, 7, 7.5],
			"to": [1.25, 20, 8],
			"faces": {
				"north": {"uv": [0, 1, 0.475, 14], "texture": "#0"},
				"east": {"uv": [0, 1, 0.5, 14], "texture": "#0"},
				"south": {"uv": [0, 1, 0.475, 14], "texture": "#0"},
				"west": {"uv": [0, 1, 0.5, 14], "texture": "#0"},
				"up": {"uv": [0, 0.75, 0.475, 1.25], "texture": "#0"},
				"down": {"uv": [0, 0.75, 0.475, 1.25], "texture": "#0"}
			}
		},
		{
			"from": [14.75, 7, 7.5],
			"to": [15.225, 20, 8],
			"faces": {
				"north": {"uv": [0.475, 1, 0, 14], "texture": "#0"},
				"east": {"uv": [0.5, 1, 0, 14], "texture": "#0"},
				"south": {"uv": [0.475, 1, 0, 14], "texture": "#0"},
				"west": {"uv": [0.5, 1, 0, 14], "texture": "#0"},
				"up": {"uv": [0.475, 0.75, 0, 1.25], "texture": "#0"},
				"down": {"uv": [0.475, 0.75, 0, 1.25], "texture": "#0"}
			}
		},
		{
			"from": [1, 20, 7.5],
			"to": [1.5, 21.25, 8],
			"faces": {
				"north": {"uv": [0, 1, 0.5, 2.25], "texture": "#0"},
				"east": {"uv": [0, 1, 0.5, 2.25], "texture": "#0"},
				"south": {"uv": [0, 1, 0.5, 2.25], "texture": "#0"},
				"west": {"uv": [0, 1, 0.5, 2.25], "texture": "#0"},
				"up": {"uv": [0, 0.75, 0.5, 1.25], "texture": "#0"},
				"down": {"uv": [0, 0.75, 0.5, 1.25], "texture": "#0"}
			}
		},
		{
			"from": [14.5, 20, 7.5],
			"to": [15, 21.25, 8],
			"faces": {
				"north": {"uv": [0.5, 1, 0, 2.25], "texture": "#0"},
				"east": {"uv": [0.5, 1, 0, 2.25], "texture": "#0"},
				"south": {"uv": [0.5, 1, 0, 2.25], "texture": "#0"},
				"west": {"uv": [0.5, 1, 0, 2.25], "texture": "#0"},
				"up": {"uv": [0.5, 0.75, 0, 1.25], "texture": "#0"},
				"down": {"uv": [0.5, 0.75, 0, 1.25], "texture": "#0"}
			}
		},
		{
			"from": [1.5, 21, 7.5],
			"to": [2, 22.25, 8],
			"faces": {
				"north": {"uv": [0, 1, 0.5, 2.25], "texture": "#0"},
				"east": {"uv": [0, 1, 0.5, 2.25], "texture": "#0"},
				"south": {"uv": [0, 1, 0.5, 2.25], "texture": "#0"},
				"west": {"uv": [0, 1, 0.5, 2.25], "texture": "#0"},
				"up": {"uv": [0, 0.75, 0.5, 1.25], "texture": "#0"},
				"down": {"uv": [0, 0.75, 0.5, 1.25], "texture": "#0"}
			}
		},
		{
			"from": [14, 21, 7.5],
			"to": [14.5, 22.25, 8],
			"faces": {
				"north": {"uv": [0.5, 1, 0, 2.25], "texture": "#0"},
				"east": {"uv": [0.5, 1, 0, 2.25], "texture": "#0"},
				"south": {"uv": [0.5, 1, 0, 2.25], "texture": "#0"},
				"west": {"uv": [0.5, 1, 0, 2.25], "texture": "#0"},
				"up": {"uv": [0.5, 0.75, 0, 1.25], "texture": "#0"},
				"down": {"uv": [0.5, 0.75, 0, 1.25], "texture": "#0"}
			}
		},
		{
			"from": [2, 22, 7.5],
			"to": [2.75, 23.25, 8],
			"faces": {
				"north": {"uv": [0, 1, 0.75, 2.25], "texture": "#0"},
				"east": {"uv": [0, 1, 0.5, 2.25], "texture": "#0"},
				"south": {"uv": [0, 1, 0.75, 2.25], "texture": "#0"},
				"west": {"uv": [0, 1, 0.5, 2.25], "texture": "#0"},
				"up": {"uv": [0, 0.75, 0.75, 1.25], "texture": "#0"},
				"down": {"uv": [0, 0.75, 0.75, 1.25], "texture": "#0"}
			}
		},
		{
			"from": [13.25, 22, 7.5],
			"to": [14, 23.25, 8],
			"faces": {
				"north": {"uv": [0.75, 1, 0, 2.25], "texture": "#0"},
				"east": {"uv": [0.5, 1, 0, 2.25], "texture": "#0"},
				"south": {"uv": [0.75, 1, 0, 2.25], "texture": "#0"},
				"west": {"uv": [0.5, 1, 0, 2.25], "texture": "#0"},
				"up": {"uv": [0.75, 0.75, 0, 1.25], "texture": "#0"},
				"down": {"uv": [0.75, 0.75, 0, 1.25], "texture": "#0"}
			}
		},
		{
			"from": [2.75, 23, 7.5],
			"to": [3.5, 23.75, 8],
			"faces": {
				"north": {"uv": [0, 1, 0.75, 1.75], "texture": "#0"},
				"east": {"uv": [0, 1, 0.5, 1.75], "texture": "#0"},
				"south": {"uv": [0, 1, 0.75, 1.75], "texture": "#0"},
				"west": {"uv": [0, 1, 0.5, 1.75], "texture": "#0"},
				"up": {"uv": [0, 0.75, 0.75, 1.25], "texture": "#0"},
				"down": {"uv": [0, 0.75, 0.75, 1.25], "texture": "#0"}
			}
		},
		{
			"from": [12.5, 23, 7.5],
			"to": [13.25, 23.75, 8],
			"faces": {
				"north": {"uv": [0.75, 1, 0, 1.75], "texture": "#0"},
				"east": {"uv": [0.5, 1, 0, 1.75], "texture": "#0"},
				"south": {"uv": [0.75, 1, 0, 1.75], "texture": "#0"},
				"west": {"uv": [0.5, 1, 0, 1.75], "texture": "#0"},
				"up": {"uv": [0.75, 0.75, 0, 1.25], "texture": "#0"},
				"down": {"uv": [0.75, 0.75, 0, 1.25], "texture": "#0"}
			}
		},
		{
			"from": [3.5, 23.5, 7.5],
			"to": [4.25, 24.75, 8],
			"faces": {
				"north": {"uv": [0, 1, 0.75, 2.25], "texture": "#0"},
				"east": {"uv": [0, 1, 0.5, 2.25], "texture": "#0"},
				"south": {"uv": [0, 1, 0.75, 2.25], "texture": "#0"},
				"west": {"uv": [0, 1, 0.5, 2.25], "texture": "#0"},
				"up": {"uv": [0, 0.75, 0.75, 1.25], "texture": "#0"},
				"down": {"uv": [0, 0.75, 0.75, 1.25], "texture": "#0"}
			}
		},
		{
			"from": [11.75, 23.5, 7.5],
			"to": [12.5, 24.75, 8],
			"faces": {
				"north": {"uv": [0.75, 1, 0, 2.25], "texture": "#0"},
				"east": {"uv": [0.5, 1, 0, 2.25], "texture": "#0"},
				"south": {"uv": [0.75, 1, 0, 2.25], "texture": "#0"},
				"west": {"uv": [0.5, 1, 0, 2.25], "texture": "#0"},
				"up": {"uv": [0.75, 0.75, 0, 1.25], "texture": "#0"},
				"down": {"uv": [0.75, 0.75, 0, 1.25], "texture": "#0"}
			}
		},
		{
			"from": [4.25, 24.5, 7.5],
			"to": [5, 25.5, 8],
			"faces": {
				"north": {"uv": [0, 1, 0.75, 2], "texture": "#0"},
				"east": {"uv": [0, 1, 0.5, 2], "texture": "#0"},
				"south": {"uv": [0, 1, 0.75, 2], "texture": "#0"},
				"west": {"uv": [0, 1, 0.5, 2], "texture": "#0"},
				"up": {"uv": [0, 0.75, 0.75, 1.25], "texture": "#0"},
				"down": {"uv": [0, 0.75, 0.75, 1.25], "texture": "#0"}
			}
		},
		{
			"from": [11, 24.5, 7.5],
			"to": [11.75, 25.5, 8],
			"faces": {
				"north": {"uv": [0.75, 1, 0, 2], "texture": "#0"},
				"east": {"uv": [0.5, 1, 0, 2], "texture": "#0"},
				"south": {"uv": [0.75, 1, 0, 2], "texture": "#0"},
				"west": {"uv": [0.5, 1, 0, 2], "texture": "#0"},
				"up": {"uv": [0.75, 0.75, 0, 1.25], "texture": "#0"},
				"down": {"uv": [0.75, 0.75, 0, 1.25], "texture": "#0"}
			}
		},
		{
			"from": [5, 25.25, 7.5],
			"to": [6.75, 26.075, 8],
			"faces": {
				"north": {"uv": [0, 1, 1.75, 1.825], "texture": "#0"},
				"east": {"uv": [0, 1, 0.5, 1.825], "texture": "#0"},
				"south": {"uv": [0, 1, 1.75, 1.825], "texture": "#0"},
				"west": {"uv": [0, 1, 0.5, 1.825], "texture": "#0"},
				"up": {"uv": [0, 0.75, 1.75, 1.25], "texture": "#0"},
				"down": {"uv": [0, 0.75, 1.75, 1.25], "texture": "#0"}
			}
		},
		{
			"from": [9.25, 25.25, 7.5],
			"to": [11, 26.075, 8],
			"faces": {
				"north": {"uv": [1.75, 1, 0, 1.825], "texture": "#0"},
				"east": {"uv": [0.5, 1, 0, 1.825], "texture": "#0"},
				"south": {"uv": [1.75, 1, 0, 1.825], "texture": "#0"},
				"west": {"uv": [0.5, 1, 0, 1.825], "texture": "#0"},
				"up": {"uv": [1.75, 0.75, 0, 1.25], "texture": "#0"},
				"down": {"uv": [1.75, 0.75, 0, 1.25], "texture": "#0"}
			}
		},
		{
			"from": [4.25, 23, 7.25],
			"to": [5, 24.5, 8],
			"faces": {
				"north": {"uv": [0, 0, 0.75, 1.5], "texture": "#0"},
				"east": {"uv": [0, 0, 0.75, 1.5], "texture": "#0"},
				"south": {"uv": [0, 0, 0.75, 1.5], "texture": "#0"},
				"west": {"uv": [0, 0, 0.75, 1.5], "texture": "#0"},
				"up": {"uv": [0, 0, 0.75, 0.75], "texture": "#0"},
				"down": {"uv": [0, 0, 0.75, 0.75], "texture": "#0"}
			}
		},
		{
			"from": [11, 23, 7.25],
			"to": [11.75, 24.5, 8],
			"faces": {
				"north": {"uv": [0.75, 0, 0, 1.5], "texture": "#0"},
				"east": {"uv": [0.75, 0, 0, 1.5], "texture": "#0"},
				"south": {"uv": [0.75, 0, 0, 1.5], "texture": "#0"},
				"west": {"uv": [0.75, 0, 0, 1.5], "texture": "#0"},
				"up": {"uv": [0.75, 0, 0, 0.75], "texture": "#0"},
				"down": {"uv": [0.75, 0, 0, 0.75], "texture": "#0"}
			}
		},
		{
			"from": [4.25, 3.3, 7.25],
			"to": [5, 4.6, 8],
			"faces": {
				"north": {"uv": [0, 1.5, 0.75, 2.8], "texture": "#0"},
				"east": {"uv": [0, 1.5, 0.75, 2.8], "texture": "#0"},
				"south": {"uv": [0, 1.5, 0.75, 2.8], "texture": "#0"},
				"west": {"uv": [0, 1.5, 0.75, 2.8], "texture": "#0"},
				"up": {"uv": [0, 0.75, 0.75, 1.5], "texture": "#0"},
				"down": {"uv": [0, 0.75, 0.75, 1.5], "texture": "#0"}
			}
		},
		{
			"from": [11, 3.3, 7.25],
			"to": [11.75, 4.6, 8],
			"faces": {
				"north": {"uv": [0.75, 1.5, 0, 2.8], "texture": "#0"},
				"east": {"uv": [0.75, 1.5, 0, 2.8], "texture": "#0"},
				"south": {"uv": [0.75, 1.5, 0, 2.8], "texture": "#0"},
				"west": {"uv": [0.75, 1.5, 0, 2.8], "texture": "#0"},
				"up": {"uv": [0.75, 0.75, 0, 1.5], "texture": "#0"},
				"down": {"uv": [0.75, 0.75, 0, 1.5], "texture": "#0"}
			}
		},
		{
			"from": [3.5, 22.5, 7.25],
			"to": [4.25, 23.5, 8],
			"faces": {
				"north": {"uv": [0, 0, 0.75, 1], "texture": "#0"},
				"east": {"uv": [0, 0, 0.75, 1], "texture": "#0"},
				"south": {"uv": [0, 0, 0.75, 1], "texture": "#0"},
				"west": {"uv": [0, 0, 0.75, 1], "texture": "#0"},
				"up": {"uv": [0, 0, 0.75, 0.75], "texture": "#0"},
				"down": {"uv": [0, 0, 0.75, 0.75], "texture": "#0"}
			}
		},
		{
			"from": [11.75, 22.5, 7.25],
			"to": [12.5, 23.5, 8],
			"faces": {
				"north": {"uv": [0.75, 0, 0, 1], "texture": "#0"},
				"east": {"uv": [0.75, 0, 0, 1], "texture": "#0"},
				"south": {"uv": [0.75, 0, 0, 1], "texture": "#0"},
				"west": {"uv": [0.75, 0, 0, 1], "texture": "#0"},
				"up": {"uv": [0.75, 0, 0, 0.75], "texture": "#0"},
				"down": {"uv": [0.75, 0, 0, 0.75], "texture": "#0"}
			}
		},
		{
			"from": [3.5, 4.1, 7.25],
			"to": [4.25, 4.9, 8],
			"faces": {
				"north": {"uv": [0, 1, 0.75, 1.8], "texture": "#0"},
				"east": {"uv": [0, 1, 0.75, 1.8], "texture": "#0"},
				"south": {"uv": [0, 1, 0.75, 1.8], "texture": "#0"},
				"west": {"uv": [0, 1, 0.75, 1.8], "texture": "#0"},
				"up": {"uv": [0, 0.75, 0.75, 1.5], "texture": "#0"},
				"down": {"uv": [0, 0.75, 0.75, 1.5], "texture": "#0"}
			}
		},
		{
			"from": [11.75, 4.1, 7.25],
			"to": [12.5, 4.9, 8],
			"faces": {
				"north": {"uv": [0.75, 1, 0, 1.8], "texture": "#0"},
				"east": {"uv": [0.75, 1, 0, 1.8], "texture": "#0"},
				"south": {"uv": [0.75, 1, 0, 1.8], "texture": "#0"},
				"west": {"uv": [0.75, 1, 0, 1.8], "texture": "#0"},
				"up": {"uv": [0.75, 0.75, 0, 1.5], "texture": "#0"},
				"down": {"uv": [0.75, 0.75, 0, 1.5], "texture": "#0"}
			}
		},
		{
			"from": [2.75, 22, 7.25],
			"to": [3.5, 23, 8],
			"faces": {
				"north": {"uv": [0, 0, 0.75, 1], "texture": "#0"},
				"east": {"uv": [0, 0, 0.75, 1], "texture": "#0"},
				"south": {"uv": [0, 0, 0.75, 1], "texture": "#0"},
				"west": {"uv": [0, 0, 0.75, 1], "texture": "#0"},
				"up": {"uv": [0, 0, 0.75, 0.75], "texture": "#0"},
				"down": {"uv": [0, 0, 0.75, 0.75], "texture": "#0"}
			}
		},
		{
			"from": [12.5, 22, 7.25],
			"to": [13.25, 23, 8],
			"faces": {
				"north": {"uv": [0.75, 0, 0, 1], "texture": "#0"},
				"east": {"uv": [0.75, 0, 0, 1], "texture": "#0"},
				"south": {"uv": [0.75, 0, 0, 1], "texture": "#0"},
				"west": {"uv": [0.75, 0, 0, 1], "texture": "#0"},
				"up": {"uv": [0.75, 0, 0, 0.75], "texture": "#0"},
				"down": {"uv": [0.75, 0, 0, 0.75], "texture": "#0"}
			}
		},
		{
			"from": [2.75, 4.65, 7.25],
			"to": [3.5, 5.2, 8],
			"faces": {
				"north": {"uv": [0, 1, 0.75, 1.55], "texture": "#0"},
				"east": {"uv": [0, 1, 0.75, 1.55], "texture": "#0"},
				"south": {"uv": [0, 1, 0.75, 1.55], "texture": "#0"},
				"west": {"uv": [0, 1, 0.75, 1.55], "texture": "#0"},
				"up": {"uv": [0, 0.75, 0.75, 1.5], "texture": "#0"},
				"down": {"uv": [0, 0.75, 0.75, 1.5], "texture": "#0"}
			}
		},
		{
			"from": [12.5, 4.65, 7.25],
			"to": [13.25, 5.2, 8],
			"faces": {
				"north": {"uv": [0.75, 1, 0, 1.55], "texture": "#0"},
				"east": {"uv": [0.75, 1, 0, 1.55], "texture": "#0"},
				"south": {"uv": [0.75, 1, 0, 1.55], "texture": "#0"},
				"west": {"uv": [0.75, 1, 0, 1.55], "texture": "#0"},
				"up": {"uv": [0.75, 0.75, 0, 1.5], "texture": "#0"},
				"down": {"uv": [0.75, 0.75, 0, 1.5], "texture": "#0"}
			}
		},
		{
			"from": [1.5, 20, 7.25],
			"to": [2.25, 21, 8],
			"faces": {
				"north": {"uv": [0, 0, 0.75, 1], "texture": "#0"},
				"east": {"uv": [0, 0, 0.75, 1], "texture": "#0"},
				"south": {"uv": [0, 0, 0.75, 1], "texture": "#0"},
				"west": {"uv": [0, 0, 0.75, 1], "texture": "#0"},
				"up": {"uv": [0, 0, 0.75, 0.75], "texture": "#0"},
				"down": {"uv": [0, 0, 0.75, 0.75], "texture": "#0"}
			}
		},
		{
			"from": [13.75, 20, 7.25],
			"to": [14.5, 21, 8],
			"faces": {
				"north": {"uv": [0.75, 0, 0, 1], "texture": "#0"},
				"east": {"uv": [0.75, 0, 0, 1], "texture": "#0"},
				"south": {"uv": [0.75, 0, 0, 1], "texture": "#0"},
				"west": {"uv": [0.75, 0, 0, 1], "texture": "#0"},
				"up": {"uv": [0.75, 0, 0, 0.75], "texture": "#0"},
				"down": {"uv": [0.75, 0, 0, 0.75], "texture": "#0"}
			}
		},
		{
			"from": [1.5, 6.2, 7.25],
			"to": [2.25, 7, 8],
			"faces": {
				"north": {"uv": [0, 1, 0.75, 1.8], "texture": "#0"},
				"east": {"uv": [0, 1, 0.75, 1.8], "texture": "#0"},
				"south": {"uv": [0, 1, 0.75, 1.8], "texture": "#0"},
				"west": {"uv": [0, 1, 0.75, 1.8], "texture": "#0"},
				"up": {"uv": [0, 0.75, 0.75, 1.5], "texture": "#0"},
				"down": {"uv": [0, 0.75, 0.75, 1.5], "texture": "#0"}
			}
		},
		{
			"from": [13.75, 6.2, 7.25],
			"to": [14.5, 7, 8],
			"faces": {
				"north": {"uv": [0.75, 1, 0, 1.8], "texture": "#0"},
				"east": {"uv": [0.75, 1, 0, 1.8], "texture": "#0"},
				"south": {"uv": [0.75, 1, 0, 1.8], "texture": "#0"},
				"west": {"uv": [0.75, 1, 0, 1.8], "texture": "#0"},
				"up": {"uv": [0.75, 0.75, 0, 1.5], "texture": "#0"},
				"down": {"uv": [0.75, 0.75, 0, 1.5], "texture": "#0"}
			}
		},
		{
			"from": [2, 21, 7.25],
			"to": [2.75, 22, 8],
			"faces": {
				"north": {"uv": [0, 0, 0.75, 1], "texture": "#0"},
				"east": {"uv": [0, 0, 0.75, 1], "texture": "#0"},
				"south": {"uv": [0, 0, 0.75, 1], "texture": "#0"},
				"west": {"uv": [0, 0, 0.75, 1], "texture": "#0"},
				"up": {"uv": [0, 0, 0.75, 0.75], "texture": "#0"},
				"down": {"uv": [0, 0, 0.75, 0.75], "texture": "#0"}
			}
		},
		{
			"from": [13.25, 21, 7.25],
			"to": [14, 22, 8],
			"faces": {
				"north": {"uv": [0.75, 0, 0, 1], "texture": "#0"},
				"east": {"uv": [0.75, 0, 0, 1], "texture": "#0"},
				"south": {"uv": [0.75, 0, 0, 1], "texture": "#0"},
				"west": {"uv": [0.75, 0, 0, 1], "texture": "#0"},
				"up": {"uv": [0.75, 0, 0, 0.75], "texture": "#0"},
				"down": {"uv": [0.75, 0, 0, 0.75], "texture": "#0"}
			}
		},
		{
			"from": [2, 5.2, 7.25],
			"to": [2.75, 6.2, 8],
			"faces": {
				"north": {"uv": [0, 1, 0.75, 2], "texture": "#0"},
				"east": {"uv": [0, 1, 0.75, 2], "texture": "#0"},
				"south": {"uv": [0, 1, 0.75, 2], "texture": "#0"},
				"west": {"uv": [0, 1, 0.75, 2], "texture": "#0"},
				"up": {"uv": [0, 0.75, 0.75, 1.5], "texture": "#0"},
				"down": {"uv": [0, 0.75, 0.75, 1.5], "texture": "#0"}
			}
		},
		{
			"from": [13.25, 5.2, 7.25],
			"to": [14, 6.2, 8],
			"faces": {
				"north": {"uv": [0.75, 1, 0, 2], "texture": "#0"},
				"east": {"uv": [0.75, 1, 0, 2], "texture": "#0"},
				"south": {"uv": [0.75, 1, 0, 2], "texture": "#0"},
				"west": {"uv": [0.75, 1, 0, 2], "texture": "#0"},
				"up": {"uv": [0.75, 0.75, 0, 1.5], "texture": "#0"},
				"down": {"uv": [0.75, 0.75, 0, 1.5], "texture": "#0"}
			}
		},
		{
			"from": [1.25, 7, 7.25],
			"to": [2, 20, 8],
			"faces": {
				"north": {"uv": [0, 0, 0.75, 13], "texture": "#0"},
				"east": {"uv": [0, 0, 0.75, 13], "texture": "#0"},
				"south": {"uv": [0, 0, 0.75, 13], "texture": "#0"},
				"west": {"uv": [0, 0, 0.75, 13], "texture": "#0"},
				"up": {"uv": [0, 0, 0.75, 0.75], "texture": "#0"},
				"down": {"uv": [0, 0, 0.75, 0.75], "texture": "#0"}
			}
		},
		{
			"from": [14, 7, 7.25],
			"to": [14.75, 20, 8],
			"faces": {
				"north": {"uv": [0.75, 0, 0, 13], "texture": "#0"},
				"east": {"uv": [0.75, 0, 0, 13], "texture": "#0"},
				"south": {"uv": [0.75, 0, 0, 13], "texture": "#0"},
				"west": {"uv": [0.75, 0, 0, 13], "texture": "#0"},
				"up": {"uv": [0.75, 0, 0, 0.75], "texture": "#0"},
				"down": {"uv": [0.75, 0, 0, 0.75], "texture": "#0"}
			}
		},
		{
			"from": [6.75, 1.425, 7.4],
			"to": [6.9, 2.425, 8],
			"faces": {
				"north": {"uv": [0, 1, 0.15, 2], "texture": "#1"},
				"east": {"uv": [0, 1, 0.6, 2], "texture": "#1"},
				"south": {"uv": [0, 1, 0.15, 2], "texture": "#1"},
				"west": {"uv": [0, 1, 0.6, 2], "texture": "#1"},
				"up": {"uv": [0, 0.75, 0.15, 1.35], "texture": "#1"},
				"down": {"uv": [0, 0.75, 0.15, 1.35], "texture": "#1"}
			}
		},
		{
			"from": [9.1, 1.425, 7.4],
			"to": [9.25, 2.425, 8],
			"faces": {
				"north": {"uv": [0.15, 1, 0, 2], "texture": "#1"},
				"east": {"uv": [0.6, 1, 0, 2], "texture": "#1"},
				"south": {"uv": [0.15, 1, 0, 2], "texture": "#1"},
				"west": {"uv": [0.6, 1, 0, 2], "texture": "#1"},
				"up": {"uv": [0.15, 0.75, 0, 1.35], "texture": "#1"},
				"down": {"uv": [0.15, 0.75, 0, 1.35], "texture": "#1"}
			}
		},
		{
			"from": [4.925, 1.425, 7.4],
			"to": [6.75, 1.5, 8],
			"faces": {
				"north": {"uv": [0, 1, 1.825, 1.075], "texture": "#1"},
				"east": {"uv": [0, 1, 0.6, 1.075], "texture": "#1"},
				"south": {"uv": [0, 1, 1.825, 1.075], "texture": "#1"},
				"west": {"uv": [0, 1, 0.6, 1.075], "texture": "#1"},
				"up": {"uv": [0, 0.75, 1.825, 1.35], "texture": "#1"},
				"down": {"uv": [0, 0.75, 1.825, 1.35], "texture": "#1"}
			}
		},
		{
			"from": [9.25, 1.425, 7.4],
			"to": [11.075, 1.5, 8],
			"faces": {
				"north": {"uv": [1.825, 1, 0, 1.075], "texture": "#1"},
				"east": {"uv": [0.6, 1, 0, 1.075], "texture": "#1"},
				"south": {"uv": [1.825, 1, 0, 1.075], "texture": "#1"},
				"west": {"uv": [0.6, 1, 0, 1.075], "texture": "#1"},
				"up": {"uv": [1.825, 0.75, 0, 1.35], "texture": "#1"},
				"down": {"uv": [1.825, 0.75, 0, 1.35], "texture": "#1"}
			}
		},
		{
			"from": [4.925, 1.5, 7.4],
			"to": [5, 2, 8],
			"faces": {
				"north": {"uv": [0, 1, 0.075, 1.5], "texture": "#1"},
				"east": {"uv": [0, 1, 0.6, 1.5], "texture": "#1"},
				"south": {"uv": [0, 1, 0.075, 1.5], "texture": "#1"},
				"west": {"uv": [0, 1, 0.6, 1.5], "texture": "#1"},
				"up": {"uv": [0, 0.75, 0.075, 1.35], "texture": "#1"},
				"down": {"uv": [0, 0.75, 0.075, 1.35], "texture": "#1"}
			}
		},
		{
			"from": [11, 1.5, 7.4],
			"to": [11.075, 2, 8],
			"faces": {
				"north": {"uv": [0.075, 1, 0, 1.5], "texture": "#1"},
				"east": {"uv": [0.6, 1, 0, 1.5], "texture": "#1"},
				"south": {"uv": [0.075, 1, 0, 1.5], "texture": "#1"},
				"west": {"uv": [0.6, 1, 0, 1.5], "texture": "#1"},
				"up": {"uv": [0.075, 0.75, 0, 1.35], "texture": "#1"},
				"down": {"uv": [0.075, 0.75, 0, 1.35], "texture": "#1"}
			}
		},
		{
			"from": [4.175, 1.925, 7.4],
			"to": [4.925, 2, 8],
			"faces": {
				"north": {"uv": [0, 1, 0.75, 1.075], "texture": "#1"},
				"east": {"uv": [0, 1, 0.6, 1.075], "texture": "#1"},
				"south": {"uv": [0, 1, 0.75, 1.075], "texture": "#1"},
				"west": {"uv": [0, 1, 0.6, 1.075], "texture": "#1"},
				"up": {"uv": [0, 0.75, 0.75, 1.35], "texture": "#1"},
				"down": {"uv": [0, 0.75, 0.75, 1.35], "texture": "#1"}
			}
		},
		{
			"from": [11.075, 1.925, 7.4],
			"to": [11.825, 2, 8],
			"faces": {
				"north": {"uv": [0.75, 1, 0, 1.075], "texture": "#1"},
				"east": {"uv": [0.6, 1, 0, 1.075], "texture": "#1"},
				"south": {"uv": [0.75, 1, 0, 1.075], "texture": "#1"},
				"west": {"uv": [0.6, 1, 0, 1.075], "texture": "#1"},
				"up": {"uv": [0.75, 0.75, 0, 1.35], "texture": "#1"},
				"down": {"uv": [0.75, 0.75, 0, 1.35], "texture": "#1"}
			}
		},
		{
			"from": [4.175, 2, 7.4],
			"to": [4.25, 2.8, 8],
			"faces": {
				"north": {"uv": [0, 1, 0.075, 1.8], "texture": "#1"},
				"east": {"uv": [0, 1, 0.6, 1.8], "texture": "#1"},
				"south": {"uv": [0, 1, 0.075, 1.8], "texture": "#1"},
				"west": {"uv": [0, 1, 0.6, 1.8], "texture": "#1"},
				"up": {"uv": [0, 0.75, 0.075, 1.35], "texture": "#1"},
				"down": {"uv": [0, 0.75, 0.075, 1.35], "texture": "#1"}
			}
		},
		{
			"from": [11.75, 2, 7.4],
			"to": [11.825, 2.8, 8],
			"faces": {
				"north": {"uv": [0.075, 1, 0, 1.8], "texture": "#1"},
				"east": {"uv": [0.6, 1, 0, 1.8], "texture": "#1"},
				"south": {"uv": [0.075, 1, 0, 1.8], "texture": "#1"},
				"west": {"uv": [0.6, 1, 0, 1.8], "texture": "#1"},
				"up": {"uv": [0.075, 0.75, 0, 1.35], "texture": "#1"},
				"down": {"uv": [0.075, 0.75, 0, 1.35], "texture": "#1"}
			}
		},
		{
			"from": [3.425, 2.8, 7.4],
			"to": [3.5, 3.6, 8],
			"faces": {
				"north": {"uv": [0, 1, 0.075, 1.8], "texture": "#1"},
				"east": {"uv": [0, 1, 0.6, 1.8], "texture": "#1"},
				"south": {"uv": [0, 1, 0.075, 1.8], "texture": "#1"},
				"west": {"uv": [0, 1, 0.6, 1.8], "texture": "#1"},
				"up": {"uv": [0, 0.75, 0.075, 1.35], "texture": "#1"},
				"down": {"uv": [0, 0.75, 0.075, 1.35], "texture": "#1"}
			}
		},
		{
			"from": [12.5, 2.8, 7.4],
			"to": [12.575, 3.6, 8],
			"faces": {
				"north": {"uv": [0.075, 1, 0, 1.8], "texture": "#1"},
				"east": {"uv": [0.6, 1, 0, 1.8], "texture": "#1"},
				"south": {"uv": [0.075, 1, 0, 1.8], "texture": "#1"},
				"west": {"uv": [0.6, 1, 0, 1.8], "texture": "#1"},
				"up": {"uv": [0.075, 0.75, 0, 1.35], "texture": "#1"},
				"down": {"uv": [0.075, 0.75, 0, 1.35], "texture": "#1"}
			}
		},
		{
			"from": [2.675, 3.525, 7.4],
			"to": [3.425, 3.6, 8],
			"faces": {
				"north": {"uv": [0, 1, 0.75, 1.075], "texture": "#1"},
				"east": {"uv": [0, 1, 0.6, 1.075], "texture": "#1"},
				"south": {"uv": [0, 1, 0.75, 1.075], "texture": "#1"},
				"west": {"uv": [0, 1, 0.6, 1.075], "texture": "#1"},
				"up": {"uv": [0, 0.75, 0.75, 1.35], "texture": "#1"},
				"down": {"uv": [0, 0.75, 0.75, 1.35], "texture": "#1"}
			}
		},
		{
			"from": [12.575, 3.525, 7.4],
			"to": [13.325, 3.6, 8],
			"faces": {
				"north": {"uv": [0.75, 1, 0, 1.075], "texture": "#1"},
				"east": {"uv": [0.6, 1, 0, 1.075], "texture": "#1"},
				"south": {"uv": [0.75, 1, 0, 1.075], "texture": "#1"},
				"west": {"uv": [0.6, 1, 0, 1.075], "texture": "#1"},
				"up": {"uv": [0.75, 0.75, 0, 1.35], "texture": "#1"},
				"down": {"uv": [0.75, 0.75, 0, 1.35], "texture": "#1"}
			}
		},
		{
			"from": [2.675, 3.6, 7.4],
			"to": [2.75, 4.4, 8],
			"faces": {
				"north": {"uv": [0, 1, 0.075, 1.8], "texture": "#1"},
				"east": {"uv": [0, 1, 0.6, 1.8], "texture": "#1"},
				"south": {"uv": [0, 1, 0.075, 1.8], "texture": "#1"},
				"west": {"uv": [0, 1, 0.6, 1.8], "texture": "#1"},
				"up": {"uv": [0, 0.75, 0.075, 1.35], "texture": "#1"},
				"down": {"uv": [0, 0.75, 0.075, 1.35], "texture": "#1"}
			}
		},
		{
			"from": [13.25, 3.6, 7.4],
			"to": [13.325, 4.4, 8],
			"faces": {
				"north": {"uv": [0.075, 1, 0, 1.8], "texture": "#1"},
				"east": {"uv": [0.6, 1, 0, 1.8], "texture": "#1"},
				"south": {"uv": [0.075, 1, 0, 1.8], "texture": "#1"},
				"west": {"uv": [0.6, 1, 0, 1.8], "texture": "#1"},
				"up": {"uv": [0.075, 0.75, 0, 1.35], "texture": "#1"},
				"down": {"uv": [0.075, 0.75, 0, 1.35], "texture": "#1"}
			}
		},
		{
			"from": [1.925, 4.325, 7.4],
			"to": [2.675, 4.4, 8],
			"faces": {
				"north": {"uv": [0, 1, 0.75, 1.075], "texture": "#1"},
				"east": {"uv": [0, 1, 0.6, 1.075], "texture": "#1"},
				"south": {"uv": [0, 1, 0.75, 1.075], "texture": "#1"},
				"west": {"uv": [0, 1, 0.6, 1.075], "texture": "#1"},
				"up": {"uv": [0, 0.75, 0.75, 1.35], "texture": "#1"},
				"down": {"uv": [0, 0.75, 0.75, 1.35], "texture": "#1"}
			}
		},
		{
			"from": [13.325, 4.325, 7.4],
			"to": [14.075, 4.4, 8],
			"faces": {
				"north": {"uv": [0.75, 1, 0, 1.075], "texture": "#1"},
				"east": {"uv": [0.6, 1, 0, 1.075], "texture": "#1"},
				"south": {"uv": [0.75, 1, 0, 1.075], "texture": "#1"},
				"west": {"uv": [0.6, 1, 0, 1.075], "texture": "#1"},
				"up": {"uv": [0.75, 0.75, 0, 1.35], "texture": "#1"},
				"down": {"uv": [0.75, 0.75, 0, 1.35], "texture": "#1"}
			}
		},
		{
			"from": [1.925, 4.4, 7.4],
			"to": [2, 4.95, 8],
			"faces": {
				"north": {"uv": [0, 1, 0.075, 1.55], "texture": "#1"},
				"east": {"uv": [0, 1, 0.6, 1.55], "texture": "#1"},
				"south": {"uv": [0, 1, 0.075, 1.55], "texture": "#1"},
				"west": {"uv": [0, 1, 0.6, 1.55], "texture": "#1"},
				"up": {"uv": [0, 0.75, 0.075, 1.35], "texture": "#1"},
				"down": {"uv": [0, 0.75, 0.075, 1.35], "texture": "#1"}
			}
		},
		{
			"from": [14, 4.4, 7.4],
			"to": [14.075, 4.95, 8],
			"faces": {
				"north": {"uv": [0.075, 1, 0, 1.55], "texture": "#1"},
				"east": {"uv": [0.6, 1, 0, 1.55], "texture": "#1"},
				"south": {"uv": [0.075, 1, 0, 1.55], "texture": "#1"},
				"west": {"uv": [0.6, 1, 0, 1.55], "texture": "#1"},
				"up": {"uv": [0.075, 0.75, 0, 1.35], "texture": "#1"},
				"down": {"uv": [0.075, 0.75, 0, 1.35], "texture": "#1"}
			}
		},
		{
			"from": [1.425, 4.875, 7.4],
			"to": [1.925, 4.95, 8],
			"faces": {
				"north": {"uv": [0, 1, 0.5, 1.075], "texture": "#1"},
				"east": {"uv": [0, 1, 0.6, 1.075], "texture": "#1"},
				"south": {"uv": [0, 1, 0.5, 1.075], "texture": "#1"},
				"west": {"uv": [0, 1, 0.6, 1.075], "texture": "#1"},
				"up": {"uv": [0, 0.75, 0.5, 1.35], "texture": "#1"},
				"down": {"uv": [0, 0.75, 0.5, 1.35], "texture": "#1"}
			}
		},
		{
			"from": [14.075, 4.875, 7.4],
			"to": [14.575, 4.95, 8],
			"faces": {
				"north": {"uv": [0.5, 1, 0, 1.075], "texture": "#1"},
				"east": {"uv": [0.6, 1, 0, 1.075], "texture": "#1"},
				"south": {"uv": [0.5, 1, 0, 1.075], "texture": "#1"},
				"west": {"uv": [0.6, 1, 0, 1.075], "texture": "#1"},
				"up": {"uv": [0.5, 0.75, 0, 1.35], "texture": "#1"},
				"down": {"uv": [0.5, 0.75, 0, 1.35], "texture": "#1"}
			}
		},
		{
			"from": [1.425, 4.95, 7.4],
			"to": [1.5, 5.95, 8],
			"faces": {
				"north": {"uv": [0, 1, 0.075, 2], "texture": "#1"},
				"east": {"uv": [0, 1, 0.6, 2], "texture": "#1"},
				"south": {"uv": [0, 1, 0.075, 2], "texture": "#1"},
				"west": {"uv": [0, 1, 0.6, 2], "texture": "#1"},
				"up": {"uv": [0, 0.75, 0.075, 1.35], "texture": "#1"},
				"down": {"uv": [0, 0.75, 0.075, 1.35], "texture": "#1"}
			}
		},
		{
			"from": [14.5, 4.95, 7.4],
			"to": [14.575, 5.95, 8],
			"faces": {
				"north": {"uv": [0.075, 1, 0, 2], "texture": "#1"},
				"east": {"uv": [0.6, 1, 0, 2], "texture": "#1"},
				"south": {"uv": [0.075, 1, 0, 2], "texture": "#1"},
				"west": {"uv": [0.6, 1, 0, 2], "texture": "#1"},
				"up": {"uv": [0.075, 0.75, 0, 1.35], "texture": "#1"},
				"down": {"uv": [0.075, 0.75, 0, 1.35], "texture": "#1"}
			}
		},
		{
			"from": [0.925, 5.95, 7.4],
			"to": [1, 7, 8],
			"faces": {
				"north": {"uv": [0, 1, 0.075, 2.05], "texture": "#1"},
				"east": {"uv": [0, 1, 0.6, 2.05], "texture": "#1"},
				"south": {"uv": [0, 1, 0.075, 2.05], "texture": "#1"},
				"west": {"uv": [0, 1, 0.6, 2.05], "texture": "#1"},
				"up": {"uv": [0, 0.75, 0.075, 1.35], "texture": "#1"},
				"down": {"uv": [0, 0.75, 0.075, 1.35], "texture": "#1"}
			}
		},
		{
			"from": [15, 5.95, 7.4],
			"to": [15.075, 7, 8],
			"faces": {
				"north": {"uv": [0.075, 1, 0, 2.05], "texture": "#1"},
				"east": {"uv": [0.6, 1, 0, 2.05], "texture": "#1"},
				"south": {"uv": [0.075, 1, 0, 2.05], "texture": "#1"},
				"west": {"uv": [0.6, 1, 0, 2.05], "texture": "#1"},
				"up": {"uv": [0.075, 0.75, 0, 1.35], "texture": "#1"},
				"down": {"uv": [0.075, 0.75, 0, 1.35], "texture": "#1"}
			}
		},
		{
			"from": [0.7, 6.925, 7.4],
			"to": [0.925, 7, 8],
			"faces": {
				"north": {"uv": [0, 1, 0.225, 1.075], "texture": "#1"},
				"east": {"uv": [0, 1, 0.6, 1.075], "texture": "#1"},
				"south": {"uv": [0, 1, 0.225, 1.075], "texture": "#1"},
				"west": {"uv": [0, 1, 0.6, 1.075], "texture": "#1"},
				"up": {"uv": [0, 0.75, 0.225, 1.35], "texture": "#1"},
				"down": {"uv": [0, 0.75, 0.225, 1.35], "texture": "#1"}
			}
		},
		{
			"from": [15.075, 6.925, 7.4],
			"to": [15.3, 7, 8],
			"faces": {
				"north": {"uv": [0.225, 1, 0, 1.075], "texture": "#1"},
				"east": {"uv": [0.6, 1, 0, 1.075], "texture": "#1"},
				"south": {"uv": [0.225, 1, 0, 1.075], "texture": "#1"},
				"west": {"uv": [0.6, 1, 0, 1.075], "texture": "#1"},
				"up": {"uv": [0.225, 0.75, 0, 1.35], "texture": "#1"},
				"down": {"uv": [0.225, 0.75, 0, 1.35], "texture": "#1"}
			}
		},
		{
			"from": [0.7, 7, 7.4],
			"to": [0.775, 20.075, 8],
			"faces": {
				"north": {"uv": [0, 1, 0.075, 14.075], "texture": "#1"},
				"east": {"uv": [0, 1, 0.6, 14.075], "texture": "#1"},
				"south": {"uv": [0, 1, 0.075, 14.075], "texture": "#1"},
				"west": {"uv": [0, 1, 0.6, 14.075], "texture": "#1"},
				"up": {"uv": [0, 0.75, 0.075, 1.35], "texture": "#1"},
				"down": {"uv": [0, 0.75, 0.075, 1.35], "texture": "#1"}
			}
		},
		{
			"from": [15.225, 7, 7.4],
			"to": [15.3, 20.075, 8],
			"faces": {
				"north": {"uv": [0.075, 1, 0, 14.075], "texture": "#1"},
				"east": {"uv": [0.6, 1, 0, 14.075], "texture": "#1"},
				"south": {"uv": [0.075, 1, 0, 14.075], "texture": "#1"},
				"west": {"uv": [0.6, 1, 0, 14.075], "texture": "#1"},
				"up": {"uv": [0.075, 0.75, 0, 1.35], "texture": "#1"},
				"down": {"uv": [0.075, 0.75, 0, 1.35], "texture": "#1"}
			}
		},
		{
			"from": [0.775, 20, 7.4],
			"to": [1, 20.075, 8],
			"faces": {
				"north": {"uv": [0, 1, 0.225, 1.075], "texture": "#1"},
				"east": {"uv": [0, 1, 0.6, 1.075], "texture": "#1"},
				"south": {"uv": [0, 1, 0.225, 1.075], "texture": "#1"},
				"west": {"uv": [0, 1, 0.6, 1.075], "texture": "#1"},
				"up": {"uv": [0, 0.75, 0.225, 1.35], "texture": "#1"},
				"down": {"uv": [0, 0.75, 0.225, 1.35], "texture": "#1"}
			}
		},
		{
			"from": [15, 20, 7.4],
			"to": [15.225, 20.075, 8],
			"faces": {
				"north": {"uv": [0.225, 1, 0, 1.075], "texture": "#1"},
				"east": {"uv": [0.6, 1, 0, 1.075], "texture": "#1"},
				"south": {"uv": [0.225, 1, 0, 1.075], "texture": "#1"},
				"west": {"uv": [0.6, 1, 0, 1.075], "texture": "#1"},
				"up": {"uv": [0.225, 0.75, 0, 1.35], "texture": "#1"},
				"down": {"uv": [0.225, 0.75, 0, 1.35], "texture": "#1"}
			}
		},
		{
			"from": [0.925, 20.075, 7.4],
			"to": [1, 21.325, 8],
			"faces": {
				"north": {"uv": [0, 1, 0.075, 2.25], "texture": "#1"},
				"east": {"uv": [0, 1, 0.6, 2.25], "texture": "#1"},
				"south": {"uv": [0, 1, 0.075, 2.25], "texture": "#1"},
				"west": {"uv": [0, 1, 0.6, 2.25], "texture": "#1"},
				"up": {"uv": [0, 0.75, 0.075, 1.35], "texture": "#1"},
				"down": {"uv": [0, 0.75, 0.075, 1.35], "texture": "#1"}
			}
		},
		{
			"from": [15, 20.075, 7.4],
			"to": [15.075, 21.325, 8],
			"faces": {
				"north": {"uv": [0.075, 1, 0, 2.25], "texture": "#1"},
				"east": {"uv": [0.6, 1, 0, 2.25], "texture": "#1"},
				"south": {"uv": [0.075, 1, 0, 2.25], "texture": "#1"},
				"west": {"uv": [0.6, 1, 0, 2.25], "texture": "#1"},
				"up": {"uv": [0.075, 0.75, 0, 1.35], "texture": "#1"},
				"down": {"uv": [0.075, 0.75, 0, 1.35], "texture": "#1"}
			}
		},
		{
			"from": [1, 21.25, 7.4],
			"to": [1.5, 21.325, 8],
			"faces": {
				"north": {"uv": [0, 1, 0.5, 1.075], "texture": "#1"},
				"east": {"uv": [0, 1, 0.6, 1.075], "texture": "#1"},
				"south": {"uv": [0, 1, 0.5, 1.075], "texture": "#1"},
				"west": {"uv": [0, 1, 0.6, 1.075], "texture": "#1"},
				"up": {"uv": [0, 0.75, 0.5, 1.35], "texture": "#1"},
				"down": {"uv": [0, 0.75, 0.5, 1.35], "texture": "#1"}
			}
		},
		{
			"from": [14.5, 21.25, 7.4],
			"to": [15, 21.325, 8],
			"faces": {
				"north": {"uv": [0.5, 1, 0, 1.075], "texture": "#1"},
				"east": {"uv": [0.6, 1, 0, 1.075], "texture": "#1"},
				"south": {"uv": [0.5, 1, 0, 1.075], "texture": "#1"},
				"west": {"uv": [0.6, 1, 0, 1.075], "texture": "#1"},
				"up": {"uv": [0.5, 0.75, 0, 1.35], "texture": "#1"},
				"down": {"uv": [0.5, 0.75, 0, 1.35], "texture": "#1"}
			}
		},
		{
			"from": [1.425, 21.325, 7.4],
			"to": [1.5, 22.325, 8],
			"faces": {
				"north": {"uv": [0, 1, 0.075, 2], "texture": "#1"},
				"east": {"uv": [0, 1, 0.6, 2], "texture": "#1"},
				"south": {"uv": [0, 1, 0.075, 2], "texture": "#1"},
				"west": {"uv": [0, 1, 0.6, 2], "texture": "#1"},
				"up": {"uv": [0, 0.75, 0.075, 1.35], "texture": "#1"},
				"down": {"uv": [0, 0.75, 0.075, 1.35], "texture": "#1"}
			}
		},
		{
			"from": [14.5, 21.325, 7.4],
			"to": [14.575, 22.325, 8],
			"faces": {
				"north": {"uv": [0.075, 1, 0, 2], "texture": "#1"},
				"east": {"uv": [0.6, 1, 0, 2], "texture": "#1"},
				"south": {"uv": [0.075, 1, 0, 2], "texture": "#1"},
				"west": {"uv": [0.6, 1, 0, 2], "texture": "#1"},
				"up": {"uv": [0.075, 0.75, 0, 1.35], "texture": "#1"},
				"down": {"uv": [0.075, 0.75, 0, 1.35], "texture": "#1"}
			}
		},
		{
			"from": [1.925, 22.25, 7.4],
			"to": [2, 23.25, 8],
			"faces": {
				"north": {"uv": [0, 1, 0.075, 2], "texture": "#1"},
				"east": {"uv": [0, 1, 0.6, 2], "texture": "#1"},
				"south": {"uv": [0, 1, 0.075, 2], "texture": "#1"},
				"west": {"uv": [0, 1, 0.6, 2], "texture": "#1"},
				"up": {"uv": [0, 0.75, 0.075, 1.35], "texture": "#1"},
				"down": {"uv": [0, 0.75, 0.075, 1.35], "texture": "#1"}
			}
		},
		{
			"from": [14, 22.25, 7.4],
			"to": [14.075, 23.25, 8],
			"faces": {
				"north": {"uv": [0.075, 1, 0, 2], "texture": "#1"},
				"east": {"uv": [0.6, 1, 0, 2], "texture": "#1"},
				"south": {"uv": [0.075, 1, 0, 2], "texture": "#1"},
				"west": {"uv": [0.6, 1, 0, 2], "texture": "#1"},
				"up": {"uv": [0.075, 0.75, 0, 1.35], "texture": "#1"},
				"down": {"uv": [0.075, 0.75, 0, 1.35], "texture": "#1"}
			}
		},
		{
			"from": [2.675, 23.25, 7.4],
			"to": [2.75, 23.825, 8],
			"faces": {
				"north": {"uv": [0, 1, 0.075, 1.575], "texture": "#1"},
				"east": {"uv": [0, 1, 0.6, 1.575], "texture": "#1"},
				"south": {"uv": [0, 1, 0.075, 1.575], "texture": "#1"},
				"west": {"uv": [0, 1, 0.6, 1.575], "texture": "#1"},
				"up": {"uv": [0, 0.75, 0.075, 1.35], "texture": "#1"},
				"down": {"uv": [0, 0.75, 0.075, 1.35], "texture": "#1"}
			}
		},
		{
			"from": [13.25, 23.25, 7.4],
			"to": [13.325, 23.825, 8],
			"faces": {
				"north": {"uv": [0.075, 1, 0, 1.575], "texture": "#1"},
				"east": {"uv": [0.6, 1, 0, 1.575], "texture": "#1"},
				"south": {"uv": [0.075, 1, 0, 1.575], "texture": "#1"},
				"west": {"uv": [0.6, 1, 0, 1.575], "texture": "#1"},
				"up": {"uv": [0.075, 0.75, 0, 1.35], "texture": "#1"},
				"down": {"uv": [0.075, 0.75, 0, 1.35], "texture": "#1"}
			}
		},
		{
			"from": [3.425, 23.825, 7.4],
			"to": [3.5, 24.825, 8],
			"faces": {
				"north": {"uv": [0, 1, 0.075, 2], "texture": "#1"},
				"east": {"uv": [0, 1, 0.6, 2], "texture": "#1"},
				"south": {"uv": [0, 1, 0.075, 2], "texture": "#1"},
				"west": {"uv": [0, 1, 0.6, 2], "texture": "#1"},
				"up": {"uv": [0, 0.75, 0.075, 1.35], "texture": "#1"},
				"down": {"uv": [0, 0.75, 0.075, 1.35], "texture": "#1"}
			}
		},
		{
			"from": [12.5, 23.825, 7.4],
			"to": [12.575, 24.825, 8],
			"faces": {
				"north": {"uv": [0.075, 1, 0, 2], "texture": "#1"},
				"east": {"uv": [0.6, 1, 0, 2], "texture": "#1"},
				"south": {"uv": [0.075, 1, 0, 2], "texture": "#1"},
				"west": {"uv": [0.6, 1, 0, 2], "texture": "#1"},
				"up": {"uv": [0.075, 0.75, 0, 1.35], "texture": "#1"},
				"down": {"uv": [0.075, 0.75, 0, 1.35], "texture": "#1"}
			}
		},
		{
			"from": [5, 26.075, 7.4],
			"to": [6.825, 26.15, 8],
			"faces": {
				"north": {"uv": [0, 1, 1.825, 1.075], "texture": "#1"},
				"east": {"uv": [0, 1, 0.6, 1.075], "texture": "#1"},
				"south": {"uv": [0, 1, 1.825, 1.075], "texture": "#1"},
				"west": {"uv": [0, 1, 0.6, 1.075], "texture": "#1"},
				"up": {"uv": [0, 0.75, 1.825, 1.35], "texture": "#1"},
				"down": {"uv": [0, 0.75, 1.825, 1.35], "texture": "#1"}
			}
		},
		{
			"from": [9.175, 26.075, 7.4],
			"to": [11, 26.15, 8],
			"faces": {
				"north": {"uv": [1.825, 1, 0, 1.075], "texture": "#1"},
				"east": {"uv": [0.6, 1, 0, 1.075], "texture": "#1"},
				"south": {"uv": [1.825, 1, 0, 1.075], "texture": "#1"},
				"west": {"uv": [0.6, 1, 0, 1.075], "texture": "#1"},
				"up": {"uv": [1.825, 0.75, 0, 1.35], "texture": "#1"},
				"down": {"uv": [1.825, 0.75, 0, 1.35], "texture": "#1"}
			}
		},
		{
			"from": [6.75, 25.325, 7.4],
			"to": [6.825, 26.075, 8],
			"faces": {
				"north": {"uv": [0, 1, 0.075, 1.75], "texture": "#1"},
				"east": {"uv": [0, 1, 0.6, 1.75], "texture": "#1"},
				"south": {"uv": [0, 1, 0.075, 1.75], "texture": "#1"},
				"west": {"uv": [0, 1, 0.6, 1.75], "texture": "#1"},
				"up": {"uv": [0, 0.75, 0.075, 1.35], "texture": "#1"},
				"down": {"uv": [0, 0.75, 0.075, 1.35], "texture": "#1"}
			}
		},
		{
			"from": [9.175, 25.325, 7.4],
			"to": [9.25, 26.075, 8],
			"faces": {
				"north": {"uv": [0.075, 1, 0, 1.75], "texture": "#1"},
				"east": {"uv": [0.6, 1, 0, 1.75], "texture": "#1"},
				"south": {"uv": [0.075, 1, 0, 1.75], "texture": "#1"},
				"west": {"uv": [0.6, 1, 0, 1.75], "texture": "#1"},
				"up": {"uv": [0.075, 0.75, 0, 1.35], "texture": "#1"},
				"down": {"uv": [0.075, 0.75, 0, 1.35], "texture": "#1"}
			}
		},
		{
			"from": [6.75, 24.575, 7.175],
			"to": [6.825, 25.325, 8],
			"faces": {
				"north": {"uv": [0, 1, 0.075, 1.75], "texture": "#1"},
				"east": {"uv": [0, 1, 0.825, 1.75], "texture": "#1"},
				"south": {"uv": [0, 1, 0.075, 1.75], "texture": "#1"},
				"west": {"uv": [0, 1, 0.825, 1.75], "texture": "#1"},
				"up": {"uv": [0, 0.75, 0.075, 1.575], "texture": "#1"},
				"down": {"uv": [0, 0.75, 0.075, 1.575], "texture": "#1"}
			}
		},
		{
			"from": [9.175, 24.575, 7.175],
			"to": [9.25, 25.325, 8],
			"faces": {
				"north": {"uv": [0.075, 1, 0, 1.75], "texture": "#1"},
				"east": {"uv": [0.825, 1, 0, 1.75], "texture": "#1"},
				"south": {"uv": [0.075, 1, 0, 1.75], "texture": "#1"},
				"west": {"uv": [0.825, 1, 0, 1.75], "texture": "#1"},
				"up": {"uv": [0.075, 0.75, 0, 1.575], "texture": "#1"},
				"down": {"uv": [0.075, 0.75, 0, 1.575], "texture": "#1"}
			}
		},
		{
			"from": [4.175, 24.825, 7.4],
			"to": [4.25, 25.575, 8],
			"faces": {
				"north": {"uv": [0, 1, 0.075, 1.75], "texture": "#1"},
				"east": {"uv": [0, 1, 0.6, 1.75], "texture": "#1"},
				"south": {"uv": [0, 1, 0.075, 1.75], "texture": "#1"},
				"west": {"uv": [0, 1, 0.6, 1.75], "texture": "#1"},
				"up": {"uv": [0, 0.75, 0.075, 1.35], "texture": "#1"},
				"down": {"uv": [0, 0.75, 0.075, 1.35], "texture": "#1"}
			}
		},
		{
			"from": [11.75, 24.825, 7.4],
			"to": [11.825, 25.575, 8],
			"faces": {
				"north": {"uv": [0.075, 1, 0, 1.75], "texture": "#1"},
				"east": {"uv": [0.6, 1, 0, 1.75], "texture": "#1"},
				"south": {"uv": [0.075, 1, 0, 1.75], "texture": "#1"},
				"west": {"uv": [0.6, 1, 0, 1.75], "texture": "#1"},
				"up": {"uv": [0.075, 0.75, 0, 1.35], "texture": "#1"},
				"down": {"uv": [0.075, 0.75, 0, 1.35], "texture": "#1"}
			}
		},
		{
			"from": [4.925, 25.575, 7.4],
			"to": [5, 26.15, 8],
			"faces": {
				"north": {"uv": [0, 1, 0.075, 1.575], "texture": "#1"},
				"east": {"uv": [0, 1, 0.6, 1.575], "texture": "#1"},
				"south": {"uv": [0, 1, 0.075, 1.575], "texture": "#1"},
				"west": {"uv": [0, 1, 0.6, 1.575], "texture": "#1"},
				"up": {"uv": [0, 0.75, 0.075, 1.35], "texture": "#1"},
				"down": {"uv": [0, 0.75, 0.075, 1.35], "texture": "#1"}
			}
		},
		{
			"from": [11, 25.575, 7.4],
			"to": [11.075, 26.15, 8],
			"faces": {
				"north": {"uv": [0.075, 1, 0, 1.575], "texture": "#1"},
				"east": {"uv": [0.6, 1, 0, 1.575], "texture": "#1"},
				"south": {"uv": [0.075, 1, 0, 1.575], "texture": "#1"},
				"west": {"uv": [0.6, 1, 0, 1.575], "texture": "#1"},
				"up": {"uv": [0.075, 0.75, 0, 1.35], "texture": "#1"},
				"down": {"uv": [0.075, 0.75, 0, 1.35], "texture": "#1"}
			}
		},
		{
			"from": [4.175, 24.825, 7.4],
			"to": [4.25, 25.575, 8],
			"faces": {
				"north": {"uv": [0, 1, 0.075, 1.75], "texture": "#1"},
				"east": {"uv": [0, 1, 0.6, 1.75], "texture": "#1"},
				"south": {"uv": [0, 1, 0.075, 1.75], "texture": "#1"},
				"west": {"uv": [0, 1, 0.6, 1.75], "texture": "#1"},
				"up": {"uv": [0, 0.75, 0.075, 1.35], "texture": "#1"},
				"down": {"uv": [0, 0.75, 0.075, 1.35], "texture": "#1"}
			}
		},
		{
			"from": [11.75, 24.825, 7.4],
			"to": [11.825, 25.575, 8],
			"faces": {
				"north": {"uv": [0.075, 1, 0, 1.75], "texture": "#1"},
				"east": {"uv": [0.6, 1, 0, 1.75], "texture": "#1"},
				"south": {"uv": [0.075, 1, 0, 1.75], "texture": "#1"},
				"west": {"uv": [0.6, 1, 0, 1.75], "texture": "#1"},
				"up": {"uv": [0.075, 0.75, 0, 1.35], "texture": "#1"},
				"down": {"uv": [0.075, 0.75, 0, 1.35], "texture": "#1"}
			}
		},
		{
			"from": [1.5, 22.25, 7.4],
			"to": [1.925, 22.325, 8],
			"faces": {
				"north": {"uv": [0, 1, 0.425, 1.075], "texture": "#1"},
				"east": {"uv": [0, 1, 0.6, 1.075], "texture": "#1"},
				"south": {"uv": [0, 1, 0.425, 1.075], "texture": "#1"},
				"west": {"uv": [0, 1, 0.6, 1.075], "texture": "#1"},
				"up": {"uv": [0, 0.75, 0.425, 1.35], "texture": "#1"},
				"down": {"uv": [0, 0.75, 0.425, 1.35], "texture": "#1"}
			}
		},
		{
			"from": [14.075, 22.25, 7.4],
			"to": [14.5, 22.325, 8],
			"faces": {
				"north": {"uv": [0.425, 1, 0, 1.075], "texture": "#1"},
				"east": {"uv": [0.6, 1, 0, 1.075], "texture": "#1"},
				"south": {"uv": [0.425, 1, 0, 1.075], "texture": "#1"},
				"west": {"uv": [0.6, 1, 0, 1.075], "texture": "#1"},
				"up": {"uv": [0.425, 0.75, 0, 1.35], "texture": "#1"},
				"down": {"uv": [0.425, 0.75, 0, 1.35], "texture": "#1"}
			}
		},
		{
			"from": [1.925, 23.25, 7.4],
			"to": [2.675, 23.325, 8],
			"faces": {
				"north": {"uv": [0, 1, 0.75, 1.075], "texture": "#1"},
				"east": {"uv": [0, 1, 0.6, 1.075], "texture": "#1"},
				"south": {"uv": [0, 1, 0.75, 1.075], "texture": "#1"},
				"west": {"uv": [0, 1, 0.6, 1.075], "texture": "#1"},
				"up": {"uv": [0, 0.75, 0.75, 1.35], "texture": "#1"},
				"down": {"uv": [0, 0.75, 0.75, 1.35], "texture": "#1"}
			}
		},
		{
			"from": [13.325, 23.25, 7.4],
			"to": [14.075, 23.325, 8],
			"faces": {
				"north": {"uv": [0.75, 1, 0, 1.075], "texture": "#1"},
				"east": {"uv": [0.6, 1, 0, 1.075], "texture": "#1"},
				"south": {"uv": [0.75, 1, 0, 1.075], "texture": "#1"},
				"west": {"uv": [0.6, 1, 0, 1.075], "texture": "#1"},
				"up": {"uv": [0.75, 0.75, 0, 1.35], "texture": "#1"},
				"down": {"uv": [0.75, 0.75, 0, 1.35], "texture": "#1"}
			}
		},
		{
			"from": [2.75, 23.75, 7.4],
			"to": [3.5, 23.825, 8],
			"faces": {
				"north": {"uv": [0, 1, 0.75, 1.075], "texture": "#1"},
				"east": {"uv": [0, 1, 0.6, 1.075], "texture": "#1"},
				"south": {"uv": [0, 1, 0.75, 1.075], "texture": "#1"},
				"west": {"uv": [0, 1, 0.6, 1.075], "texture": "#1"},
				"up": {"uv": [0, 0.75, 0.75, 1.35], "texture": "#1"},
				"down": {"uv": [0, 0.75, 0.75, 1.35], "texture": "#1"}
			}
		},
		{
			"from": [12.5, 23.75, 7.4],
			"to": [13.25, 23.825, 8],
			"faces": {
				"north": {"uv": [0.75, 1, 0, 1.075], "texture": "#1"},
				"east": {"uv": [0.6, 1, 0, 1.075], "texture": "#1"},
				"south": {"uv": [0.75, 1, 0, 1.075], "texture": "#1"},
				"west": {"uv": [0.6, 1, 0, 1.075], "texture": "#1"},
				"up": {"uv": [0.75, 0.75, 0, 1.35], "texture": "#1"},
				"down": {"uv": [0.75, 0.75, 0, 1.35], "texture": "#1"}
			}
		},
		{
			"from": [3.5, 24.75, 7.4],
			"to": [4.25, 24.825, 8],
			"faces": {
				"north": {"uv": [0, 1, 0.75, 1.075], "texture": "#1"},
				"east": {"uv": [0, 1, 0.6, 1.075], "texture": "#1"},
				"south": {"uv": [0, 1, 0.75, 1.075], "texture": "#1"},
				"west": {"uv": [0, 1, 0.6, 1.075], "texture": "#1"},
				"up": {"uv": [0, 0.75, 0.75, 1.35], "texture": "#1"},
				"down": {"uv": [0, 0.75, 0.75, 1.35], "texture": "#1"}
			}
		},
		{
			"from": [11.75, 24.75, 7.4],
			"to": [12.5, 24.825, 8],
			"faces": {
				"north": {"uv": [0.75, 1, 0, 1.075], "texture": "#1"},
				"east": {"uv": [0.6, 1, 0, 1.075], "texture": "#1"},
				"south": {"uv": [0.75, 1, 0, 1.075], "texture": "#1"},
				"west": {"uv": [0.6, 1, 0, 1.075], "texture": "#1"},
				"up": {"uv": [0.75, 0.75, 0, 1.35], "texture": "#1"},
				"down": {"uv": [0.75, 0.75, 0, 1.35], "texture": "#1"}
			}
		},
		{
			"from": [4.25, 25.5, 7.4],
			"to": [5, 25.575, 8],
			"faces": {
				"north": {"uv": [0, 1, 0.75, 1.075], "texture": "#1"},
				"east": {"uv": [0, 1, 0.6, 1.075], "texture": "#1"},
				"south": {"uv": [0, 1, 0.75, 1.075], "texture": "#1"},
				"west": {"uv": [0, 1, 0.6, 1.075], "texture": "#1"},
				"up": {"uv": [0, 0.75, 0.75, 1.35], "texture": "#1"},
				"down": {"uv": [0, 0.75, 0.75, 1.35], "texture": "#1"}
			}
		},
		{
			"from": [11, 25.5, 7.4],
			"to": [11.75, 25.575, 8],
			"faces": {
				"north": {"uv": [0.75, 1, 0, 1.075], "texture": "#1"},
				"east": {"uv": [0.6, 1, 0, 1.075], "texture": "#1"},
				"south": {"uv": [0.75, 1, 0, 1.075], "texture": "#1"},
				"west": {"uv": [0.6, 1, 0, 1.075], "texture": "#1"},
				"up": {"uv": [0.75, 0.75, 0, 1.35], "texture": "#1"},
				"down": {"uv": [0.75, 0.75, 0, 1.35], "texture": "#1"}
			}
		},
		{
			"from": [0.925, 5.875, 7.4],
			"to": [1.425, 5.95, 8],
			"faces": {
				"north": {"uv": [0, 1, 0.5, 1.075], "texture": "#1"},
				"east": {"uv": [0, 1, 0.6, 1.075], "texture": "#1"},
				"south": {"uv": [0, 1, 0.5, 1.075], "texture": "#1"},
				"west": {"uv": [0, 1, 0.6, 1.075], "texture": "#1"},
				"up": {"uv": [0, 0.75, 0.5, 1.35], "texture": "#1"},
				"down": {"uv": [0, 0.75, 0.5, 1.35], "texture": "#1"}
			}
		},
		{
			"from": [14.575, 5.875, 7.4],
			"to": [15.075, 5.95, 8],
			"faces": {
				"north": {"uv": [0.5, 1, 0, 1.075], "texture": "#1"},
				"east": {"uv": [0.6, 1, 0, 1.075], "texture": "#1"},
				"south": {"uv": [0.5, 1, 0, 1.075], "texture": "#1"},
				"west": {"uv": [0.6, 1, 0, 1.075], "texture": "#1"},
				"up": {"uv": [0.5, 0.75, 0, 1.35], "texture": "#1"},
				"down": {"uv": [0.5, 0.75, 0, 1.35], "texture": "#1"}
			}
		},
		{
			"from": [3.425, 2.725, 7.4],
			"to": [4.175, 2.8, 8],
			"faces": {
				"north": {"uv": [0, 1, 0.75, 1.075], "texture": "#1"},
				"east": {"uv": [0, 1, 0.6, 1.075], "texture": "#1"},
				"south": {"uv": [0, 1, 0.75, 1.075], "texture": "#1"},
				"west": {"uv": [0, 1, 0.6, 1.075], "texture": "#1"},
				"up": {"uv": [0, 0.75, 0.75, 1.35], "texture": "#1"},
				"down": {"uv": [0, 0.75, 0.75, 1.35], "texture": "#1"}
			}
		},
		{
			"from": [11.825, 2.725, 7.4],
			"to": [12.575, 2.8, 8],
			"faces": {
				"north": {"uv": [0.75, 1, 0, 1.075], "texture": "#1"},
				"east": {"uv": [0.6, 1, 0, 1.075], "texture": "#1"},
				"south": {"uv": [0.75, 1, 0, 1.075], "texture": "#1"},
				"west": {"uv": [0.6, 1, 0, 1.075], "texture": "#1"},
				"up": {"uv": [0.75, 0.75, 0, 1.35], "texture": "#1"},
				"down": {"uv": [0.75, 0.75, 0, 1.35], "texture": "#1"}
			}
		},
		{
			"from": [6.75, 2.425, 7.175],
			"to": [6.9, 3.225, 8],
			"faces": {
				"north": {"uv": [0, 1, 0.15, 1.8], "texture": "#1"},
				"east": {"uv": [0, 1, 0.825, 1.8], "texture": "#1"},
				"south": {"uv": [0, 1, 0.15, 1.8], "texture": "#1"},
				"west": {"uv": [0, 1, 0.825, 1.8], "texture": "#1"},
				"up": {"uv": [0, 0.75, 0.15, 1.575], "texture": "#1"},
				"down": {"uv": [0, 0.75, 0.15, 1.575], "texture": "#1"}
			}
		},
		{
			"from": [9.1, 2.425, 7.175],
			"to": [9.25, 3.225, 8],
			"faces": {
				"north": {"uv": [0.15, 1, 0, 1.8], "texture": "#1"},
				"east": {"uv": [0.825, 1, 0, 1.8], "texture": "#1"},
				"south": {"uv": [0.15, 1, 0, 1.8], "texture": "#1"},
				"west": {"uv": [0.825, 1, 0, 1.8], "texture": "#1"},
				"up": {"uv": [0.15, 0.75, 0, 1.575], "texture": "#1"},
				"down": {"uv": [0.15, 0.75, 0, 1.575], "texture": "#1"}
			}
		},
		{
			"from": [6.75, 3.225, 6.925],
			"to": [6.9, 24.575, 8],
			"faces": {
				"north": {"uv": [0, 0, 0.15, 16], "texture": "#1"},
				"east": {"uv": [0, 0, 1.075, 16], "texture": "#1"},
				"south": {"uv": [0, 0, 0.15, 16], "texture": "#1"},
				"west": {"uv": [0, 0, 1.075, 16], "texture": "#1"},
				"up": {"uv": [0, 0.75, 0.15, 1.825], "texture": "#1"},
				"down": {"uv": [0, 0.75, 0.15, 1.825], "texture": "#1"}
			}
		},
		{
			"from": [9.1, 3.225, 6.925],
			"to": [9.25, 24.575, 8],
			"faces": {
				"north": {"uv": [0.15, 0, 0, 16], "texture": "#1"},
				"east": {"uv": [1.075, 0, 0, 16], "texture": "#1"},
				"south": {"uv": [0.15, 0, 0, 16], "texture": "#1"},
				"west": {"uv": [1.075, 0, 0, 16], "texture": "#1"},
				"up": {"uv": [0.15, 0.75, 0, 1.825], "texture": "#1"},
				"down": {"uv": [0.15, 0.75, 0, 1.825], "texture": "#1"}
			}
		},
		{
			"from": [1.5, 21.55, 7.625],
			"to": [2.35, 23.825, 7.775],
			"faces": {
				"north": {"uv": [0, 1, 0.85, 5.775], "texture": "#2"},
				"east": {"uv": [0, 1, 0.15, 5.775], "texture": "#2"},
				"south": {"uv": [0, 1, 0.85, 5.775], "texture": "#2"},
				"west": {"uv": [0, 1, 0.15, 5.775], "texture": "#2"},
				"up": {"uv": [0, 0.75, 0.85, 0.9], "texture": "#2"},
				"down": {"uv": [0, 0.75, 0.85, 0.9], "texture": "#2"}
			}
		},
		{
			"from": [13.65, 21.55, 7.625],
			"to": [14.5, 23.825, 7.775],
			"faces": {
				"north": {"uv": [0.85, 1, 0, 5.775], "texture": "#2"},
				"east": {"uv": [0.15, 1, 0, 5.775], "texture": "#2"},
				"south": {"uv": [0.85, 1, 0, 5.775], "texture": "#2"},
				"west": {"uv": [0.15, 1, 0, 5.775], "texture": "#2"},
				"up": {"uv": [0.85, 0.75, 0, 0.9], "texture": "#2"},
				"down": {"uv": [0.85, 0.75, 0, 0.9], "texture": "#2"}
			}
		},
		{
			"from": [2.35, 22.075, 7.625],
			"to": [6.75, 25.475, 7.775],
			"faces": {
				"north": {"uv": [0, 1, 4.4, 6.9], "texture": "#2"},
				"east": {"uv": [0, 1, 0.15, 6.9], "texture": "#2"},
				"south": {"uv": [0, 1, 4.4, 6.9], "texture": "#2"},
				"west": {"uv": [0, 1, 0.15, 6.9], "texture": "#2"},
				"up": {"uv": [0, 0.75, 4.4, 0.9], "texture": "#2"},
				"down": {"uv": [0, 0.75, 4.4, 0.9], "texture": "#2"}
			}
		},
		{
			"from": [9.25, 22.075, 7.625],
			"to": [13.65, 25.475, 7.775],
			"faces": {
				"north": {"uv": [4.4, 1, 0, 6.9], "texture": "#2"},
				"east": {"uv": [0.15, 1, 0, 6.9], "texture": "#2"},
				"south": {"uv": [4.4, 1, 0, 6.9], "texture": "#2"},
				"west": {"uv": [0.15, 1, 0, 6.9], "texture": "#2"},
				"up": {"uv": [4.4, 0.75, 0, 0.9], "texture": "#2"},
				"down": {"uv": [4.4, 0.75, 0, 0.9], "texture": "#2"}
			}
		},
		{
			"from": [3.15, 25.475, 7.625],
			"to": [6.75, 26.6, 7.775],
			"faces": {
				"north": {"uv": [0, 1, 3.6, 2.125], "texture": "#2"},
				"east": {"uv": [0, 1, 0.15, 2.125], "texture": "#2"},
				"south": {"uv": [0, 1, 3.6, 2.125], "texture": "#2"},
				"west": {"uv": [0, 1, 0.15, 2.125], "texture": "#2"},
				"up": {"uv": [0, 0.75, 3.6, 0.9], "texture": "#2"},
				"down": {"uv": [0, 0.75, 3.6, 0.9], "texture": "#2"}
			}
		},
		{
			"from": [9.25, 25.475, 7.625],
			"to": [12.85, 26.6, 7.775],
			"faces": {
				"north": {"uv": [3.6, 1, 0, 2.125], "texture": "#2"},
				"east": {"uv": [0.15, 1, 0, 2.125], "texture": "#2"},
				"south": {"uv": [3.6, 1, 0, 2.125], "texture": "#2"},
				"west": {"uv": [0.15, 1, 0, 2.125], "texture": "#2"},
				"up": {"uv": [3.6, 0.75, 0, 0.9], "texture": "#2"},
				"down": {"uv": [3.6, 0.75, 0, 0.9], "texture": "#2"}
			}
		},
		{
			"from": [3.95, 26.6, 7.625],
			"to": [6.75, 27.425, 7.775],
			"faces": {
				"north": {"uv": [0, 1, 2.8, 1.825], "texture": "#2"},
				"east": {"uv": [0, 1, 0.15, 1.825], "texture": "#2"},
				"south": {"uv": [0, 1, 2.8, 1.825], "texture": "#2"},
				"west": {"uv": [0, 1, 0.15, 1.825], "texture": "#2"},
				"up": {"uv": [0, 0.75, 2.8, 0.9], "texture": "#2"},
				"down": {"uv": [0, 0.75, 2.8, 0.9], "texture": "#2"}
			}
		},
		{
			"from": [9.25, 26.6, 7.625],
			"to": [12.05, 27.425, 7.775],
			"faces": {
				"north": {"uv": [2.8, 1, 0, 1.825], "texture": "#2"},
				"east": {"uv": [0.15, 1, 0, 1.825], "texture": "#2"},
				"south": {"uv": [2.8, 1, 0, 1.825], "texture": "#2"},
				"west": {"uv": [0.15, 1, 0, 1.825], "texture": "#2"},
				"up": {"uv": [2.8, 0.75, 0, 0.9], "texture": "#2"},
				"down": {"uv": [2.8, 0.75, 0, 0.9], "texture": "#2"}
			}
		},
		{
			"from": [4.85, 27.425, 7.625],
			"to": [6.75, 28.55, 7.775],
			"faces": {
				"north": {"uv": [0, 1, 1.9, 2.125], "texture": "#2"},
				"east": {"uv": [0, 1, 0.15, 2.125], "texture": "#2"},
				"south": {"uv": [0, 1, 1.9, 2.125], "texture": "#2"},
				"west": {"uv": [0, 1, 0.15, 2.125], "texture": "#2"},
				"up": {"uv": [0, 0.75, 1.9, 0.9], "texture": "#2"},
				"down": {"uv": [0, 0.75, 1.9, 0.9], "texture": "#2"}
			}
		},
		{
			"from": [9.25, 27.425, 7.625],
			"to": [11.15, 28.55, 7.775],
			"faces": {
				"north": {"uv": [1.9, 1, 0, 2.125], "texture": "#2"},
				"east": {"uv": [0.15, 1, 0, 2.125], "texture": "#2"},
				"south": {"uv": [1.9, 1, 0, 2.125], "texture": "#2"},
				"west": {"uv": [0.15, 1, 0, 2.125], "texture": "#2"},
				"up": {"uv": [1.9, 0.75, 0, 0.9], "texture": "#2"},
				"down": {"uv": [1.9, 0.75, 0, 0.9], "texture": "#2"}
			}
		},
		{
			"from": [5.775, 28.55, 7.625],
			"to": [6.75, 29.5, 7.775],
			"faces": {
				"north": {"uv": [0, 1, 0.975, 1.95], "texture": "#2"},
				"east": {"uv": [0, 1, 0.15, 1.95], "texture": "#2"},
				"south": {"uv": [0, 1, 0.975, 1.95], "texture": "#2"},
				"west": {"uv": [0, 1, 0.15, 1.95], "texture": "#2"},
				"up": {"uv": [0, 0.75, 0.975, 0.9], "texture": "#2"},
				"down": {"uv": [0, 0.75, 0.975, 0.9], "texture": "#2"}
			}
		},
		{
			"from": [9.25, 28.55, 7.625],
			"to": [10.225, 29.5, 7.775],
			"faces": {
				"north": {"uv": [0.975, 1, 0, 1.95], "texture": "#2"},
				"east": {"uv": [0.15, 1, 0, 1.95], "texture": "#2"},
				"south": {"uv": [0.975, 1, 0, 1.95], "texture": "#2"},
				"west": {"uv": [0.15, 1, 0, 1.95], "texture": "#2"},
				"up": {"uv": [0.975, 0.75, 0, 0.9], "texture": "#2"},
				"down": {"uv": [0.975, 0.75, 0, 0.9], "texture": "#2"}
			}
		},
		{
			"from": [6.9, 3.25, 7.5],
			"to": [9.1, 23.9, 8],
			"faces": {
				"north": {"uv": [0, 0, 2.2, 16], "texture": "#3"},
				"east": {"uv": [0, 0, 0.5, 16], "texture": "#3"},
				"south": {"uv": [0, 0, 2.2, 16], "texture": "#3"},
				"west": {"uv": [0, 0, 0.5, 16], "texture": "#3"},
				"up": {"uv": [0, 0, 2.2, 0.5], "texture": "#3"},
				"down": {"uv": [0, 0, 2.2, 0.5], "texture": "#3"}
			}
		},
		{
			"from": [6.9, 16.625, 8],
			"to": [9.1, 17.375, 12.075],
			"faces": {
				"north": {"uv": [0, 0, 2.2, 0.75], "texture": "#3"},
				"east": {"uv": [0, 0, 4.075, 0.75], "texture": "#3"},
				"south": {"uv": [0, 0, 2.2, 0.75], "texture": "#3"},
				"west": {"uv": [0, 0, 4.075, 0.75], "texture": "#3"},
				"up": {"uv": [0, 0, 2.2, 4.075], "texture": "#3"},
				"down": {"uv": [0, 0, 2.2, 4.075], "texture": "#3"}
			}
		},
		{
			"from": [6.9, 14.175, 8],
			"to": [9.1, 16.625, 9.1],
			"faces": {
				"north": {"uv": [0, 0, 2.2, 0.75], "texture": "#3"},
				"east": {"uv": [0, 0, 16, 16], "texture": "#3"},
				"south": {"uv": [0, 0, 16, 16], "texture": "#3"},
				"west": {"uv": [0, 0, 16, 16], "texture": "#3"},
				"up": {"uv": [0, 0, 2.2, 4.075], "texture": "#3"},
				"down": {"uv": [0, 0, 2.2, 4.075], "texture": "#3"}
			}
		},
		{
			"from": [6.9, 16.875, 12.075],
			"to": [9.1, 17.125, 12.325],
			"faces": {
				"north": {"uv": [0, 0, 2.2, 0.25], "rotation": 180, "texture": "#3"},
				"east": {"uv": [0, 0, 0.25, 0.25], "rotation": 270, "texture": "#3"},
				"south": {"uv": [0, 0, 2.2, 0.25], "texture": "#3"},
				"west": {"uv": [0, 0, 0.25, 0.25], "rotation": 90, "texture": "#3"},
				"up": {"uv": [0, 0, 2.2, 0.25], "rotation": 180, "texture": "#3"},
				"down": {"uv": [0, 0, 2.2, 0.25], "texture": "#3"}
			}
		},
		{
			"from": [6.9, 16.625, 12.075],
			"to": [9.1, 16.875, 12.575],
			"faces": {
				"north": {"uv": [0, 0, 2.2, 0.25], "rotation": 180, "texture": "#3"},
				"east": {"uv": [0, 0, 0.25, 0.5], "rotation": 270, "texture": "#3"},
				"south": {"uv": [0, 0, 2.2, 0.25], "texture": "#3"},
				"west": {"uv": [0, 0, 0.25, 0.5], "rotation": 90, "texture": "#3"},
				"up": {"uv": [0, 0, 2.2, 0.5], "rotation": 180, "texture": "#3"},
				"down": {"uv": [0, 0, 2.2, 0.5], "texture": "#3"}
			}
		},
		{
			"from": [6.9, 14.175, 11.825],
			"to": [9.1, 16.625, 12.575],
			"faces": {
				"north": {"uv": [0, 0, 2.2, 2.45], "rotation": 180, "texture": "#3"},
				"east": {"uv": [0, 0, 2.45, 0.75], "rotation": 270, "texture": "#3"},
				"south": {"uv": [0, 0, 2.2, 2.45], "texture": "#3"},
				"west": {"uv": [0, 0, 2.45, 0.75], "rotation": 90, "texture": "#3"},
				"up": {"uv": [0, 0, 2.2, 0.75], "rotation": 180, "texture": "#3"},
				"down": {"uv": [0, 0, 2.2, 0.75], "texture": "#3"}
			}
		},
		{
			"from": [6.9, 16.4, 11.575],
			"to": [9.1, 16.65, 11.825],
			"faces": {
				"north": {"uv": [0, 0, 2.2, 0.25], "rotation": 180, "texture": "#3"},
				"east": {"uv": [0, 0, 0.25, 0.25], "rotation": 270, "texture": "#3"},
				"south": {"uv": [0, 0, 2.2, 0.25], "texture": "#3"},
				"west": {"uv": [0, 0, 0.25, 0.25], "rotation": 90, "texture": "#3"},
				"up": {"uv": [0, 0, 2.2, 0.25], "rotation": 180, "texture": "#3"},
				"down": {"uv": [0, 0, 2.2, 0.25], "texture": "#3"}
			}
		},
		{
			"from": [6.9, 14.175, 11.575],
			"to": [9.1, 14.425, 11.825],
			"faces": {
				"north": {"uv": [0, 0, 2.2, 0.25], "rotation": 180, "texture": "#3"},
				"east": {"uv": [0, 0, 0.25, 0.25], "rotation": 270, "texture": "#3"},
				"south": {"uv": [0, 0, 2.2, 0.25], "texture": "#3"},
				"west": {"uv": [0, 0, 0.25, 0.25], "rotation": 90, "texture": "#3"},
				"up": {"uv": [0, 0, 2.2, 0.25], "rotation": 180, "texture": "#3"},
				"down": {"uv": [0, 0, 2.2, 0.25], "texture": "#3"}
			}
		},
		{
			"from": [6.9, 13.675, 12.075],
			"to": [9.1, 13.925, 12.325],
			"faces": {
				"north": {"uv": [0, 0, 2.2, 0.25], "rotation": 180, "texture": "#3"},
				"east": {"uv": [0, 0, 0.25, 0.25], "rotation": 270, "texture": "#3"},
				"south": {"uv": [0, 0, 2.2, 0.25], "texture": "#3"},
				"west": {"uv": [0, 0, 0.25, 0.25], "rotation": 90, "texture": "#3"},
				"up": {"uv": [0, 0, 2.2, 0.25], "rotation": 180, "texture": "#3"},
				"down": {"uv": [0, 0, 2.2, 0.25], "texture": "#3"}
			}
		},
		{
			"from": [6.9, 13.925, 12.075],
			"to": [9.1, 14.175, 12.575],
			"faces": {
				"north": {"uv": [0, 0, 2.2, 0.25], "rotation": 180, "texture": "#3"},
				"east": {"uv": [0, 0, 0.25, 0.5], "rotation": 270, "texture": "#3"},
				"south": {"uv": [0, 0, 2.2, 0.25], "texture": "#3"},
				"west": {"uv": [0, 0, 0.25, 0.5], "rotation": 90, "texture": "#3"},
				"up": {"uv": [0, 0, 2.2, 0.5], "rotation": 180, "texture": "#3"},
				"down": {"uv": [0, 0, 2.2, 0.5], "texture": "#3"}
			}
		},
		{
			"from": [6.9, 13.425, 8],
			"to": [9.1, 14.175, 12.075],
			"faces": {
				"north": {"uv": [0, 0, 2.2, 0.75], "texture": "#3"},
				"east": {"uv": [0, 0, 4.075, 0.75], "texture": "#3"},
				"south": {"uv": [0, 0, 2.2, 0.75], "texture": "#3"},
				"west": {"uv": [0, 0, 4.075, 0.75], "texture": "#3"},
				"up": {"uv": [0, 0, 2.2, 4.075], "texture": "#3"},
				"down": {"uv": [0, 0, 2.2, 4.075], "texture": "#3"}
			}
		}
	],
	"display": {
		"thirdperson_righthand": {
			"rotation": [35, -30, -180],
			"translation": [3, 7.75, 3.5],
			"scale": [1.3, 1.3, 1.3]
		},
		"thirdperson_lefthand": {
			"rotation": [35, -30, -180],
			"translation": [3, 7.75, 3.5],
			"scale": [1.3, 1.3, 1.3]
		},
		"firstperson_righthand": {
			"rotation": [0, 0, -180],
			"translation": [2.5, 5.5, 0]
		},
		"firstperson_lefthand": {
			"rotation": [0, 0, -180],
			"translation": [2.5, 5.5, 0]
		},
		"ground": {
			"rotation": [90, 0, 90],
			"translation": [8, 1.75, 0]
		},
		"gui": {
			"rotation": [-45, 176, -45],
			"translation": [3.5, -1.75, 0],
			"scale": [0.6, 0.6, 0.6]
		},
		"head": {
			"translation": [0, 1.5, -6.4],
			"scale": [0.2, 0.2, 0.2]
		},
		"fixed": {
			"translation": [0, -5.25, 0],
			"scale": [0.6, 0.6, 0.6]
		}
	},
	"groups": [
		{
			"name": "shield",
			"origin": [8, 8, 8],
			"children": [0, 1, 2, 3, 4, 5, 6, 7, 8, 9, 10, 11, 12, 13, 14, 15, 16, 17, 18, 19, 20, 21, 22, 23, 24, 25, 26, 27, 28, 29, 30, 31, 32, 33, 34, 35, 36, 37, 38, 39, 40, 41, 42, 43, 44, 45, 46, 47, 48, 49, 50, 51, 52, 53, 54, 55, 56, 57, 58, 59, 60, 61, 62, 63, 64, 65, 66, 67, 68, 69, 70, 71, 72, 73, 74, 75, 76, 77]
		},
		{
			"name": "borders",
			"origin": [8, 8, 8],
			"children": [78, 79, 80, 81, 82, 83, 84, 85, 86, 87, 88, 89, 90, 91, 92, 93, 94, 95, 96, 97, 98, 99, 100, 101, 102, 103, 104, 105, 106, 107, 108, 109, 110, 111, 112, 113, 114, 115, 116, 117, 118, 119, 120, 121, 122, 123, 124, 125, 126, 127, 128, 129, 130, 131, 132, 133, 134, 135, 136, 137, 138, 139, 140, 141, 142, 143, 144, 145, 146, 147, 148, 149, 150, 151]
		},
		{
			"name": "blade",
			"origin": [8, 8, 8],
			"children": [152, 153, 154, 155, 156, 157, 158, 159, 160, 161, 162, 163]
		},
		{
			"name": "mid",
			"origin": [8, 8, 8],
			"children": [164, 165, 166, 167, 168, 169, 170, 171, 172, 173, 174]
		}
	]
}